date,year,month,region,satellite,time_of_day,layer,image_path,avg_warmth_score,monthly_baseline,anomaly_score,max_warmth_score,warm_area_percent,valid_pixel_count,warmth_rank
2010-01-01,2010,1,California Coast,Aqua,Day,MODIS_Aqua_L3_SST_Thermal_4km_Day_Monthly,modis_sst_images/california_coast_aqua_day_2010_01_01.png,-0.3488016426563263,-0.36958360991307665,0.020781967256750355,1.0,16.24596233480362,355713,5
2010-02-01,2010,2,California Coast,Aqua,Day,MODIS_Aqua_L3_SST_Thermal_4km_Day_Monthly,modis_sst_images/california_coast_aqua_day_2010_02_01.png,-0.4239390790462494,-0.40947475497211727,-0.014464324074132118,1.0,8.281404661207596,355616,7
2010-03-01,2010,3,California Coast,Aqua,Day,MODIS_Aqua_L3_SST_Thermal_4km_Day_Monthly,modis_sst_images/california_coast_aqua_day_2010_03_01.png,-0.43719929456710815,-0.38595800421067644,-0.05124129035643171,1.0,5.81296487108889,355206,8
2010-04-01,2010,4,California Coast,Aqua,Day,MODIS_Aqua_L3_SST_Thermal_4km_Day_Monthly,modis_sst_images/california_coast_aqua_day_2010_04_01.png,-0.4096561074256897,-0.3376869335770607,-0.071969173848629,1.0,8.272504711811788,354959,9
2010-05-01,2010,5,California Coast,Aqua,Day,MODIS_Aqua_L3_SST_Thermal_4km_Day_Monthly,modis_sst_images/california_coast_aqua_day_2010_05_01.png,-0.3775942623615265,-0.2550967016390392,-0.1224975607224873,1.0,10.334241778104127,354085,12
2010-06-01,2010,6,California Coast,Aqua,Day,MODIS_Aqua_L3_SST_Thermal_4km_Day_Monthly,modis_sst_images/california_coast_aqua_day_2010_06_01.png,-0.26679494976997375,-0.14429552351626065,-0.1224994262537131,1.0,24.33475106023092,326344,12
2010-07-01,2010,7,California Coast,Aqua,Day,MODIS_Aqua_L3_SST_Thermal_4km_Day_Monthly,modis_sst_images/california_coast_aqua_day_2010_07_01.png,0.04024842754006386,0.1661469598433801,-0.12589853230331624,1.0,48.19185679124912,346571,12
2010-08-01,2010,8,California Coast,Aqua,Day,MODIS_Aqua_L3_SST_Thermal_4km_Day_Monthly,modis_sst_images/california_coast_aqua_day_2010_08_01.png,-0.0014883108669891953,0.3679764809868565,-0.3694647918538457,1.0,47.566825590550025,341673,14
2010-09-01,2010,9,California Coast,Aqua,Day,MODIS_Aqua_L3_SST_Thermal_4km_Day_Monthly,modis_sst_images/california_coast_aqua_day_2010_09_01.png,0.017860138788819313,0.41294217655169113,-0.3950820377628718,1.0,47.97965717954567,355113,14
2010-10-01,2010,10,California Coast,Aqua,Day,MODIS_Aqua_L3_SST_Thermal_4km_Day_Monthly,modis_sst_images/california_coast_aqua_day_2010_10_01.png,0.027361145243048668,0.28208281830526316,-0.2547216730622145,1.0,45.63110607607147,356612,13
2010-11-01,2010,11,California Coast,Aqua,Day,MODIS_Aqua_L3_SST_Thermal_4km_Day_Monthly,modis_sst_images/california_coast_aqua_day_2010_11_01.png,-0.14615865051746368,0.06532134280468409,-0.21147999332214779,1.0,34.345673124132034,356435,12
2010-12-01,2010,12,California Coast,Aqua,Day,MODIS_Aqua_L3_SST_Thermal_4km_Day_Monthly,modis_sst_images/california_coast_aqua_day_2010_12_01.png,-0.3824462592601776,-0.20276084456306237,-0.17968541469711524,1.0,11.653143987684652,355329,12
2011-01-01,2011,1,California Coast,Aqua,Day,MODIS_Aqua_L3_SST_Thermal_4km_Day_Monthly,modis_sst_images/california_coast_aqua_day_2011_01_01.png,-0.4894086718559265,-0.36958360991307665,-0.11982506194284986,0.6470588445663452,4.147227125046374,355804,13
2011-02-01,2011,2,California Coast,Aqua,Day,MODIS_Aqua_L3_SST_Thermal_4km_Day_Monthly,modis_sst_images/california_coast_aqua_day_2011_02_01.png,-0.5101104378700256,-0.40947475497211727,-0.10063568289790836,0.772549033164978,3.5843191312787472,355465,12
2011-03-01,2011,3,California Coast,Aqua,Day,MODIS_Aqua_L3_SST_Thermal_4km_Day_Monthly,modis_sst_images/california_coast_aqua_day_2011_03_01.png,-0.4727252125740051,-0.38595800421067644,-0.08676720836332869,0.8588235378265381,3.632431030058289,354611,12
2011-04-01,2011,4,California Coast,Aqua,Day,MODIS_Aqua_L3_SST_Thermal_4km_Day_Monthly,modis_sst_images/california_coast_aqua_day_2011_04_01.png,-0.42757248878479004,-0.3376869335770607,-0.08988555520772934,1.0,9.778360906828242,355172,11
2011-05-01,2011,5,California Coast,Aqua,Day,MODIS_Aqua_L3_SST_Thermal_4km_Day_Monthly,modis_sst_images/california_coast_aqua_day_2011_05_01.png,-0.3693769574165344,-0.2550967016390392,-0.11428025577749523,1.0,12.863521723044249,354071,11
2011-06-01,2011,6,California Coast,Aqua,Day,MODIS_Aqua_L3_SST_Thermal_4km_Day_Monthly,modis_sst_images/california_coast_aqua_day_2011_06_01.png,-0.33480608463287354,-0.14429552351626065,-0.19051056111661288,1.0,14.832593799726624,338727,13
2011-07-01,2011,7,California Coast,Aqua,Day,MODIS_Aqua_L3_SST_Thermal_4km_Day_Monthly,modis_sst_images/california_coast_aqua_day_2011_07_01.png,-0.07157853245735168,0.1661469598433801,-0.23772549230073178,1.0,44.84064410614738,341186,13
2011-08-01,2011,8,California Coast,Aqua,Day,MODIS_Aqua_L3_SST_Thermal_4km_Day_Monthly,modis_sst_images/california_coast_aqua_day_2011_08_01.png,0.08582774549722672,0.3679764809868565,-0.28214873548962977,1.0,50.75054624697898,345082,13
2011-09-01,2011,9,California Coast,Aqua,Day,MODIS_Aqua_L3_SST_Thermal_4km_Day_Monthly,modis_sst_images/california_coast_aqua_day_2011_09_01.png,0.21038667857646942,0.41294217655169113,-0.2025554979752217,1.0,57.33660227751526,353631,12
2011-10-01,2011,10,California Coast,Aqua,Day,MODIS_Aqua_L3_SST_Thermal_4km_Day_Monthly,modis_sst_images/california_coast_aqua_day_2011_10_01.png,0.1599477380514145,0.28208281830526316,-0.12213508025384867,1.0,55.87256500327747,356982,10
2011-11-01,2011,11,California Coast,Aqua,Day,MODIS_Aqua_L3_SST_Thermal_4km_Day_Monthly,modis_sst_images/california_coast_aqua_day_2011_11_01.png,-0.15102630853652954,0.06532134280468409,-0.21634765134121364,1.0,33.23454163183626,355293,13
2011-12-01,2011,12,California Coast,Aqua,Day,MODIS_Aqua_L3_SST_Thermal_4km_Day_Monthly,modis_sst_images/california_coast_aqua_day_2011_12_01.png,-0.43496039509773254,-0.20276084456306237,-0.23219955053467017,0.7333333492279053,7.465092053651401,356151,13
2012-01-01,2012,1,California Coast,Aqua,Day,MODIS_Aqua_L3_SST_Thermal_4km_Day_Monthly,modis_sst_images/california_coast_aqua_day_2012_01_01.png,-0.5146707892417908,-0.36958360991307665,-0.14508717932871412,0.9882352948188782,1.582585938684623,356126,14
2012-02-01,2012,2,California Coast,Aqua,Day,MODIS_Aqua_L3_SST_Thermal_4km_Day_Monthly,modis_sst_images/california_coast_aqua_day_2012_02_01.png,-0.5268108248710632,-0.40947475497211727,-0.11733606989894596,0.772549033164978,1.3442762928758412,356028,14
2012-03-01,2012,3,California Coast,Aqua,Day,MODIS_Aqua_L3_SST_Thermal_4km_Day_Monthly,modis_sst_images/california_coast_aqua_day_2012_03_01.png,-0.48263072967529297,-0.38595800421067644,-0.09667272546461653,0.8980392217636108,3.5332077607250554,355173,14
2012-04-01,2012,4,California Coast,Aqua,Day,MODIS_Aqua_L3_SST_Thermal_4km_Day_Monthly,modis_sst_images/california_coast_aqua_day_2012_04_01.png,-0.44271570444107056,-0.3376869335770607,-0.10502877086400986,1.0,6.773295142564405,353314,14
2012-05-01,2012,5,California Coast,Aqua,Day,MODIS_Aqua_L3_SST_Thermal_4km_Day_Monthly,modis_sst_images/california_coast_aqua_day_2012_05_01.png,-0.3352658450603485,-0.2550967016390392,-0.08016914342130932,1.0,16.35161963585767,353598,10
2012-06-01,2012,6,California Coast,Aqua,Day,MODIS_Aqua_L3_SST_Thermal_4km_Day_Monthly,modis_sst_images/california_coast_aqua_day_2012_06_01.png,-0.23737545311450958,-0.14429552351626065,-0.09307992959824893,1.0,27.423497719027466,351166,9
2012-07-01,2012,7,California Coast,Aqua,Day,MODIS_Aqua_L3_SST_Thermal_4km_Day_Monthly,modis_sst_images/california_coast_aqua_day_2012_07_01.png,-0.09143346548080444,0.1661469598433801,-0.25758042532418457,1.0,43.275294600503564,253394,14
2012-08-01,2012,8,California Coast,Aqua,Day,MODIS_Aqua_L3_SST_Thermal_4km_Day_Monthly,modis_sst_images/california_coast_aqua_day_2012_08_01.png,0.09280367195606232,0.3679764809868565,-0.27517280903079416,1.0,51.631294459364874,324313,12
2012-09-01,2012,9,California Coast,Aqua,Day,MODIS_Aqua_L3_SST_Thermal_4km_Day_Monthly,modis_sst_images/california_coast_aqua_day_2012_09_01.png,0.10681761056184769,0.41294217655169113,-0.30612456598984344,1.0,51.95138082653731,352289,13
2012-10-01,2012,10,California Coast,Aqua,Day,MODIS_Aqua_L3_SST_Thermal_4km_Day_Monthly,modis_sst_images/california_coast_aqua_day_2012_10_01.png,0.14551739394664764,0.28208281830526316,-0.13656542435861552,1.0,53.65636247435164,356748,11
2012-11-01,2012,11,California Coast,Aqua,Day,MODIS_Aqua_L3_SST_Thermal_4km_Day_Monthly,modis_sst_images/california_coast_aqua_day_2012_11_01.png,-0.005888053216040134,0.06532134280468409,-0.07120939602072422,1.0,42.753704472287964,356596,9
2012-12-01,2012,12,California Coast,Aqua,Day,MODIS_Aqua_L3_SST_Thermal_4km_Day_Monthly,modis_sst_images/california_coast_aqua_day_2012_12_01.png,-0.229826420545578,-0.20276084456306237,-0.027065575982515633,1.0,26.15698971876985,355794,8
2013-01-01,2013,1,California Coast,Aqua,Day,MODIS_Aqua_L3_SST_Thermal_4km_Day_Monthly,modis_sst_images/california_coast_aqua_day_2013_01_01.png,-0.4505840539932251,-0.36958360991307665,-0.08100044408014845,0.8156862854957581,3.780645415611951,355151,12
2013-02-01,2013,2,California Coast,Aqua,Day,MODIS_Aqua_L3_SST_Thermal_4km_Day_Monthly,modis_sst_images/california_coast_aqua_day_2013_02_01.png,-0.5222446918487549,-0.40947475497211727,-0.11276993687663761,0.8588235378265381,0.7607297590035202,354528,13
2013-03-01,2013,3,California Coast,Aqua,Day,MODIS_Aqua_L3_SST_Thermal_4km_Day_Monthly,modis_sst_images/california_coast_aqua_day_2013_03_01.png,-0.4583762586116791,-0.38595800421067644,-0.07241825440100264,1.0,3.3661449451545185,355362,10
2013-04-01,2013,4,California Coast,Aqua,Day,MODIS_Aqua_L3_SST_Thermal_4km_Day_Monthly,modis_sst_images/california_coast_aqua_day_2013_04_01.png,-0.3704897463321686,-0.3376869335770607,-0.03280281275510788,1.0,10.749366600728905,352858,7
2013-05-01,2013,5,California Coast,Aqua,Day,MODIS_Aqua_L3_SST_Thermal_4km_Day_Monthly,modis_sst_images/california_coast_aqua_day_2013_05_01.png,-0.26530197262763977,-0.2550967016390392,-0.010205270988600579,1.0,20.76966402883776,355090,8
2013-06-01,2013,6,California Coast,Aqua,Day,MODIS_Aqua_L3_SST_Thermal_4km_Day_Monthly,modis_sst_images/california_coast_aqua_day_2013_06_01.png,-0.1770492047071457,-0.14429552351626065,-0.03275368119088504,1.0,32.53441857928829,348431,8
2013-07-01,2013,7,California Coast,Aqua,Day,MODIS_Aqua_L3_SST_Thermal_4km_Day_Monthly,modis_sst_images/california_coast_aqua_day_2013_07_01.png,0.20946453511714935,0.1661469598433801,0.043317575273769254,1.0,59.86833434791613,318686,5
2013-08-01,2013,8,California Coast,Aqua,Day,MODIS_Aqua_L3_SST_Thermal_4km_Day_Monthly,modis_sst_images/california_coast_aqua_day_2013_08_01.png,0.3623359501361847,0.3679764809868565,-0.005640530850671788,1.0,67.96439141747774,346658,8
2013-09-01,2013,9,California Coast,Aqua,Day,MODIS_Aqua_L3_SST_Thermal_4km_Day_Monthly,modis_sst_images/california_coast_aqua_day_2013_09_01.png,0.5084947943687439,0.41294217655169113,0.09555261781705277,1.0,77.8629852547105,356385,7
2013-10-01,2013,10,California Coast,Aqua,Day,MODIS_Aqua_L3_SST_Thermal_4km_Day_Monthly,modis_sst_images/california_coast_aqua_day_2013_10_01.png,0.21275471150875092,0.28208281830526316,-0.06932810679651225,1.0,58.2820415666793,356295,9
2013-11-01,2013,11,California Coast,Aqua,Day,MODIS_Aqua_L3_SST_Thermal_4km_Day_Monthly,modis_sst_images/california_coast_aqua_day_2013_11_01.png,-0.03792747110128403,0.06532134280468409,-0.10324881390596811,1.0,42.225594363226335,356516,11
2013-12-01,2013,12,California Coast,Aqua,Day,MODIS_Aqua_L3_SST_Thermal_4km_Day_Monthly,modis_sst_images/california_coast_aqua_day_2013_12_01.png,-0.29236894845962524,-0.20276084456306237,-0.08960810389656287,1.0,21.56797920287091,353895,11
2014-01-01,2014,1,California Coast,Aqua,Day,MODIS_Aqua_L3_SST_Thermal_4km_Day_Monthly,modis_sst_images/california_coast_aqua_day_2014_01_01.png,-0.3637053668498993,-0.36958360991307665,0.0058782430631773575,1.0,14.71256235980449,356199,7
2014-02-01,2014,2,California Coast,Aqua,Day,MODIS_Aqua_L3_SST_Thermal_4km_Day_Monthly,modis_sst_images/california_coast_aqua_day_2014_02_01.png,-0.37622565031051636,-0.40947475497211727,0.033249104661600914,0.9882352948188782,13.214123948876505,355453,4
2014-03-01,2014,3,California Coast,Aqua,Day,MODIS_Aqua_L3_SST_Thermal_4km_Day_Monthly,modis_sst_images/california_coast_aqua_day_2014_03_01.png,-0.3033870756626129,-0.38595800421067644,0.08257092854806353,1.0,20.863681178390557,356011,3
2014-04-01,2014,4,California Coast,Aqua,Day,MODIS_Aqua_L3_SST_Thermal_4km_Day_Monthly,modis_sst_images/california_coast_aqua_day_2014_04_01.png,-0.31459271907806396,-0.3376869335770607,0.023094214498996735,1.0,19.12773552692845,354365,6
2014-05-01,2014,5,California Coast,Aqua,Day,MODIS_Aqua_L3_SST_Thermal_4km_Day_Monthly,modis_sst_images/california_coast_aqua_day_2014_05_01.png,-0.08894594758749008,-0.2550967016390392,0.1661507540515491,1.0,40.26749133312323,355376,2
2014-06-01,2014,6,California Coast,Aqua,Day,MODIS_Aqua_L3_SST_Thermal_4km_Day_Monthly,modis_sst_images/california_coast_aqua_day_2014_06_01.png,-0.07243525236845016,-0.14429552351626065,0.07186027114781049,1.0,39.24134243386909,317930,4
2014-07-01,2014,7,California Coast,Aqua,Day,MODIS_Aqua_L3_SST_Thermal_4km_Day_Monthly,modis_sst_images/california_coast_aqua_day_2014_07_01.png,0.37234658002853394,0.1661469598433801,0.20619962018515384,1.0,68.11565233750353,340192,2
2014-08-01,2014,8,California Coast,Aqua,Day,MODIS_Aqua_L3_SST_Thermal_4km_Day_Monthly,modis_sst_images/california_coast_aqua_day_2014_08_01.png,0.5501851439476013,0.3679764809868565,0.18220866296074484,1.0,81.15584654847441,352815,4
2014-09-01,2014,9,California Coast,Aqua,Day,MODIS_Aqua_L3_SST_Thermal_4km_Day_Monthly,modis_sst_images/california_coast_aqua_day_2014_09_01.png,0.5915757417678833,0.41294217655169113,0.17863356521619217,1.0,82.03199735178852,356467,3
2014-10-01,2014,10,California Coast,Aqua,Day,MODIS_Aqua_L3_SST_Thermal_4km_Day_Monthly,modis_sst_images/california_coast_aqua_day_2014_10_01.png,0.5453638434410095,0.28208281830526316,0.26328102513574636,1.0,77.09714401038235,356759,1
2014-11-01,2014,11,California Coast,Aqua,Day,MODIS_Aqua_L3_SST_Thermal_4km_Day_Monthly,modis_sst_images/california_coast_aqua_day_2014_11_01.png,0.28957438468933105,0.06532134280468409,0.22425304188464695,1.0,62.496144376959364,356622,1
2014-12-01,2014,12,California Coast,Aqua,Day,MODIS_Aqua_L3_SST_Thermal_4km_Day_Monthly,modis_sst_images/california_coast_aqua_day_2014_12_01.png,0.05420513078570366,-0.20276084456306237,0.25696597534876603,1.0,48.17668366015639,356411,1
2015-01-01,2015,1,California Coast,Aqua,Day,MODIS_Aqua_L3_SST_Thermal_4km_Day_Monthly,modis_sst_images/california_coast_aqua_day_2015_01_01.png,-0.16383127868175507,-0.36958360991307665,0.20575233123132158,1.0,34.250355075758854,356262,1
2015-02-01,2015,2,California Coast,Aqua,Day,MODIS_Aqua_L3_SST_Thermal_4km_Day_Monthly,modis_sst_images/california_coast_aqua_day_2015_02_01.png,-0.15477801859378815,-0.40947475497211727,0.2546967363783291,1.0,34.10220920798111,356191,1
2015-03-01,2015,3,California Coast,Aqua,Day,MODIS_Aqua_L3_SST_Thermal_4km_Day_Monthly,modis_sst_images/california_coast_aqua_day_2015_03_01.png,-0.13430924713611603,-0.38595800421067644,0.2516487570745604,1.0,35.3290721359837,355925,1
2015-04-01,2015,4,California Coast,Aqua,Day,MODIS_Aqua_L3_SST_Thermal_4km_Day_Monthly,modis_sst_images/california_coast_aqua_day_2015_04_01.png,-0.15526172518730164,-0.3376869335770607,0.18242520838975906,1.0,34.5847896321832,355639,1
2015-05-01,2015,5,California Coast,Aqua,Day,MODIS_Aqua_L3_SST_Thermal_4km_Day_Monthly,modis_sst_images/california_coast_aqua_day_2015_05_01.png,-0.03974165767431259,-0.2550967016390392,0.2153550439647266,1.0,41.99920900007795,346397,1
2015-06-01,2015,6,California Coast,Aqua,Day,MODIS_Aqua_L3_SST_Thermal_4km_Day_Monthly,modis_sst_images/california_coast_aqua_day_2015_06_01.png,0.08049323409795761,-0.14429552351626065,0.22478875761421827,1.0,51.48935930352829,354817,1
2015-07-01,2015,7,California Coast,Aqua,Day,MODIS_Aqua_L3_SST_Thermal_4km_Day_Monthly,modis_sst_images/california_coast_aqua_day_2015_07_01.png,0.5054165124893188,0.1661469598433801,0.3392695526459387,1.0,74.60097486380579,355742,1
2015-08-01,2015,8,California Coast,Aqua,Day,MODIS_Aqua_L3_SST_Thermal_4km_Day_Monthly,modis_sst_images/california_coast_aqua_day_2015_08_01.png,0.6421828269958496,0.3679764809868565,0.27420634600899313,1.0,85.4378506865519,355909,1
2015-09-01,2015,9,California Coast,Aqua,Day,MODIS_Aqua_L3_SST_Thermal_4km_Day_Monthly,modis_sst_images/california_coast_aqua_day_2015_09_01.png,0.5923944711685181,0.41294217655169113,0.17945229461682694,1.0,80.332078776091,356301,2
2015-10-01,2015,10,California Coast,Aqua,Day,MODIS_Aqua_L3_SST_Thermal_4km_Day_Monthly,modis_sst_images/california_coast_aqua_day_2015_10_01.png,0.5183770656585693,0.28208281830526316,0.23629424735330617,1.0,74.55098550480837,356670,2
2015-11-01,2015,11,California Coast,Aqua,Day,MODIS_Aqua_L3_SST_Thermal_4km_Day_Monthly,modis_sst_images/california_coast_aqua_day_2015_11_01.png,0.20367489755153656,0.06532134280468409,0.13835355474685246,1.0,56.49458632574026,356597,3
2015-12-01,2015,12,California Coast,Aqua,Day,MODIS_Aqua_L3_SST_Thermal_4km_Day_Monthly,modis_sst_images/california_coast_aqua_day_2015_12_01.png,-0.06442981213331223,-0.20276084456306237,0.13833103242975014,1.0,40.78024050202479,355839,2
2016-01-01,2016,1,California Coast,Aqua,Day,MODIS_Aqua_L3_SST_Thermal_4km_Day_Monthly,modis_sst_images/california_coast_aqua_day_2016_01_01.png,-0.2895558178424835,-0.36958360991307665,0.08002779207059313,1.0,20.651779918906843,355887,3
2016-02-01,2016,2,California Coast,Aqua,Day,MODIS_Aqua_L3_SST_Thermal_4km_Day_Monthly,modis_sst_images/california_coast_aqua_day_2016_02_01.png,-0.29454490542411804,-0.40947475497211727,0.11492984954799923,1.0,20.533197839585885,356228,2
2016-03-01,2016,3,California Coast,Aqua,Day,MODIS_Aqua_L3_SST_Thermal_4km_Day_Monthly,modis_sst_images/california_coast_aqua_day_2016_03_01.png,-0.26229599118232727,-0.38595800421067644,0.12366201302834917,1.0,25.652404869041227,355799,2
2016-04-01,2016,4,California Coast,Aqua,Day,MODIS_Aqua_L3_SST_Thermal_4km_Day_Monthly,modis_sst_images/california_coast_aqua_day_2016_04_01.png,-0.17699426412582397,-0.3376869335770607,0.16069266945123672,1.0,31.42161827593968,355440,2
2016-05-01,2016,5,California Coast,Aqua,Day,MODIS_Aqua_L3_SST_Thermal_4km_Day_Monthly,modis_sst_images/california_coast_aqua_day_2016_05_01.png,-0.16479863226413727,-0.2550967016390392,0.09029806937490192,1.0,33.14103072685852,352916,3
2016-06-01,2016,6,California Coast,Aqua,Day,MODIS_Aqua_L3_SST_Thermal_4km_Day_Monthly,modis_sst_images/california_coast_aqua_day_2016_06_01.png,0.01599293015897274,-0.14429552351626065,0.1602884536752334,1.0,47.05462485964328,354454,2
2016-07-01,2016,7,California Coast,Aqua,Day,MODIS_Aqua_L3_SST_Thermal_4km_Day_Monthly,modis_sst_images/california_coast_aqua_day_2016_07_01.png,0.271914541721344,0.1661469598433801,0.1057675818779639,1.0,62.16261316936445,353563,3
2016-08-01,2016,8,California Coast,Aqua,Day,MODIS_Aqua_L3_SST_Thermal_4km_Day_Monthly,modis_sst_images/california_coast_aqua_day_2016_08_01.png,0.32841143012046814,0.3679764809868565,-0.03956505086638834,1.0,63.90654002809195,341023,11
2016-09-01,2016,9,California Coast,Aqua,Day,MODIS_Aqua_L3_SST_Thermal_4km_Day_Monthly,modis_sst_images/california_coast_aqua_day_2016_09_01.png,0.34647074341773987,0.41294217655169113,-0.06647143313395126,1.0,63.99185748346754,355664,9
2016-10-01,2016,10,California Coast,Aqua,Day,MODIS_Aqua_L3_SST_Thermal_4km_Day_Monthly,modis_sst_images/california_coast_aqua_day_2016_10_01.png,0.25437653064727783,0.28208281830526316,-0.02770628765798533,1.0,60.664852582264984,356470,7
2016-11-01,2016,11,California Coast,Aqua,Day,MODIS_Aqua_L3_SST_Thermal_4km_Day_Monthly,modis_sst_images/california_coast_aqua_day_2016_11_01.png,0.11482949554920197,0.06532134280468409,0.04950815274451788,1.0,53.89988619609031,356754,6
2016-12-01,2016,12,California Coast,Aqua,Day,MODIS_Aqua_L3_SST_Thermal_4km_Day_Monthly,modis_sst_images/california_coast_aqua_day_2016_12_01.png,-0.24493171274662018,-0.20276084456306237,-0.04217086818355781,1.0,25.93764920657211,356050,9
2017-01-01,2017,1,California Coast,Aqua,Day,MODIS_Aqua_L3_SST_Thermal_4km_Day_Monthly,modis_sst_images/california_coast_aqua_day_2017_01_01.png,-0.3697279393672943,-0.36958360991307665,-0.00014432945421766208,0.8980392217636108,13.980970049612795,355755,8
2017-02-01,2017,2,California Coast,Aqua,Day,MODIS_Aqua_L3_SST_Thermal_4km_Day_Monthly,modis_sst_images/california_coast_aqua_day_2017_02_01.png,-0.3845905661582947,-0.40947475497211727,0.024884188813822594,0.9960784316062927,12.358228330346686,354355,5
2017-03-01,2017,3,California Coast,Aqua,Day,MODIS_Aqua_L3_SST_Thermal_4km_Day_Monthly,modis_sst_images/california_coast_aqua_day_2017_03_01.png,-0.3460346758365631,-0.38595800421067644,0.03992332837411333,1.0,15.758910861840494,355437,6
2017-04-01,2017,4,California Coast,Aqua,Day,MODIS_Aqua_L3_SST_Thermal_4km_Day_Monthly,modis_sst_images/california_coast_aqua_day_2017_04_01.png,-0.2508159577846527,-0.3376869335770607,0.08687097579240799,1.0,24.03939141777618,355712,4
2017-05-01,2017,5,California Coast,Aqua,Day,MODIS_Aqua_L3_SST_Thermal_4km_Day_Monthly,modis_sst_images/california_coast_aqua_day_2017_05_01.png,-0.23034557700157166,-0.2550967016390392,0.024751124637467536,1.0,25.16303216705594,345944,7
2017-06-01,2017,6,California Coast,Aqua,Day,MODIS_Aqua_L3_SST_Thermal_4km_Day_Monthly,modis_sst_images/california_coast_aqua_day_2017_06_01.png,-0.10000050067901611,-0.14429552351626065,0.04429502283724454,1.0,38.876757438460466,342544,5
2017-07-01,2017,7,California Coast,Aqua,Day,MODIS_Aqua_L3_SST_Thermal_4km_Day_Monthly,modis_sst_images/california_coast_aqua_day_2017_07_01.png,0.159577414393425,0.1661469598433801,-0.006569545449955111,1.0,55.61500877841434,346304,7
2017-08-01,2017,8,California Coast,Aqua,Day,MODIS_Aqua_L3_SST_Thermal_4km_Day_Monthly,modis_sst_images/california_coast_aqua_day_2017_08_01.png,0.38770952820777893,0.3679764809868565,0.01973304722092245,1.0,67.93645210458436,341160,6
2017-09-01,2017,9,California Coast,Aqua,Day,MODIS_Aqua_L3_SST_Thermal_4km_Day_Monthly,modis_sst_images/california_coast_aqua_day_2017_09_01.png,0.4342869818210602,0.41294217655169113,0.02134480526936905,1.0,69.27948749593295,356524,8
2017-10-01,2017,10,California Coast,Aqua,Day,MODIS_Aqua_L3_SST_Thermal_4km_Day_Monthly,modis_sst_images/california_coast_aqua_day_2017_10_01.png,0.2809915840625763,0.28208281830526316,-0.001091234242686867,1.0,62.4186993580089,356547,6
2017-11-01,2017,11,California Coast,Aqua,Day,MODIS_Aqua_L3_SST_Thermal_4km_Day_Monthly,modis_sst_images/california_coast_aqua_day_2017_11_01.png,0.12039483338594437,0.06532134280468409,0.05507349058126028,1.0,51.34357598347405,356288,4
2017-12-01,2017,12,California Coast,Aqua,Day,MODIS_Aqua_L3_SST_Thermal_4km_Day_Monthly,modis_sst_images/california_coast_aqua_day_2017_12_01.png,-0.09633639454841614,-0.20276084456306237,0.10642445001464623,1.0,37.38941156010345,356502,3
2018-01-01,2018,1,California Coast,Aqua,Day,MODIS_Aqua_L3_SST_Thermal_4km_Day_Monthly,modis_sst_images/california_coast_aqua_day_2018_01_01.png,-0.27790865302085876,-0.36958360991307665,0.09167495689221788,0.9960784316062927,24.665872328945742,355852,2
2018-02-01,2018,2,California Coast,Aqua,Day,MODIS_Aqua_L3_SST_Thermal_4km_Day_Monthly,modis_sst_images/california_coast_aqua_day_2018_02_01.png,-0.3023265600204468,-0.40947475497211727,0.1071481949516705,0.9882352948188782,21.419556497516577,355759,3
2018-03-01,2018,3,California Coast,Aqua,Day,MODIS_Aqua_L3_SST_Thermal_4km_Day_Monthly,modis_sst_images/california_coast_aqua_day_2018_03_01.png,-0.3422386348247528,-0.38595800421067644,0.043719369385923634,1.0,15.615003458644495,354185,5
2018-04-01,2018,4,California Coast,Aqua,Day,MODIS_Aqua_L3_SST_Thermal_4km_Day_Monthly,modis_sst_images/california_coast_aqua_day_2018_04_01.png,-0.2410046011209488,-0.3376869335770607,0.09668233245611191,1.0,22.546119235095613,355600,3
2018-05-01,2018,5,California Coast,Aqua,Day,MODIS_Aqua_L3_SST_Thermal_4km_Day_Monthly,modis_sst_images/california_coast_aqua_day_2018_05_01.png,-0.1998419165611267,-0.2550967016390392,0.05525478507791248,1.0,27.870421349691128,346909,6
2018-06-01,2018,6,California Coast,Aqua,Day,MODIS_Aqua_L3_SST_Thermal_4km_Day_Monthly,modis_sst_images/california_coast_aqua_day_2018_06_01.png,-0.24198949337005615,-0.14429552351626065,-0.0976939698537955,1.0,24.93924578091242,311501,10
2018-07-01,2018,7,California Coast,Aqua,Day,MODIS_Aqua_L3_SST_Thermal_4km_Day_Monthly,modis_sst_images/california_coast_aqua_day_2018_07_01.png,0.15022173523902893,0.1661469598433801,-0.015925224604351168,1.0,57.55190895595111,350951,9
2018-08-01,2018,8,California Coast,Aqua,Day,MODIS_Aqua_L3_SST_Thermal_4km_Day_Monthly,modis_sst_images/california_coast_aqua_day_2018_08_01.png,0.386025607585907,0.3679764809868565,0.018049126599050502,1.0,65.51204476695253,351688,7
2018-09-01,2018,9,California Coast,Aqua,Day,MODIS_Aqua_L3_SST_Thermal_4km_Day_Monthly,modis_sst_images/california_coast_aqua_day_2018_09_01.png,0.34449952840805054,0.41294217655169113,-0.0684426481436406,1.0,65.14242268663081,356439,10
2018-10-01,2018,10,California Coast,Aqua,Day,MODIS_Aqua_L3_SST_Thermal_4km_Day_Monthly,modis_sst_images/california_coast_aqua_day_2018_10_01.png,0.25102904438972473,0.28208281830526316,-0.03105377391553843,1.0,60.63860504884852,356715,8
2018-11-01,2018,11,California Coast,Aqua,Day,MODIS_Aqua_L3_SST_Thermal_4km_Day_Monthly,modis_sst_images/california_coast_aqua_day_2018_11_01.png,0.08999122679233551,0.06532134280468409,0.024669883987651423,1.0,50.111487879374316,356541,7
2018-12-01,2018,12,California Coast,Aqua,Day,MODIS_Aqua_L3_SST_Thermal_4km_Day_Monthly,modis_sst_images/california_coast_aqua_day_2018_12_01.png,-0.17298349738121033,-0.20276084456306237,0.029777347181852043,1.0,33.793124747315936,356176,5
2019-01-01,2019,1,California Coast,Aqua,Day,MODIS_Aqua_L3_SST_Thermal_4km_Day_Monthly,modis_sst_images/california_coast_aqua_day_2019_01_01.png,-0.32664865255355835,-0.36958360991307665,0.0429349573595183,0.9960784316062927,19.08995713118643,356203,4
2019-02-01,2019,2,California Coast,Aqua,Day,MODIS_Aqua_L3_SST_Thermal_4km_Day_Monthly,modis_sst_images/california_coast_aqua_day_2019_02_01.png,-0.40936973690986633,-0.40947475497211727,0.0001050180622509389,1.0,10.648551389016228,349024,6
2019-03-01,2019,3,California Coast,Aqua,Day,MODIS_Aqua_L3_SST_Thermal_4km_Day_Monthly,modis_sst_images/california_coast_aqua_day_2019_03_01.png,-0.33953234553337097,-0.38595800421067644,0.04642565867730547,1.0,17.28852435054896,355762,4
2019-04-01,2019,4,California Coast,Aqua,Day,MODIS_Aqua_L3_SST_Thermal_4km_Day_Monthly,modis_sst_images/california_coast_aqua_day_2019_04_01.png,-0.27623456716537476,-0.3376869335770607,0.061452366411685944,1.0,22.395295329573145,353351,5
2019-05-01,2019,5,California Coast,Aqua,Day,MODIS_Aqua_L3_SST_Thermal_4km_Day_Monthly,modis_sst_images/california_coast_aqua_day_2019_05_01.png,-0.17727018892765045,-0.2550967016390392,0.07782651271138874,1.0,29.232601080260228,347694,4
2019-06-01,2019,6,California Coast,Aqua,Day,MODIS_Aqua_L3_SST_Thermal_4km_Day_Monthly,modis_sst_images/california_coast_aqua_day_2019_06_01.png,-0.12475979328155518,-0.14429552351626065,0.01953573023470548,1.0,36.05923577766382,321765,7
2019-07-01,2019,7,California Coast,Aqua,Day,MODIS_Aqua_L3_SST_Thermal_4km_Day_Monthly,modis_sst_images/california_coast_aqua_day_2019_07_01.png,0.2210359126329422,0.1661469598433801,0.0548889527895621,1.0,60.29879716495603,340030,4
2019-08-01,2019,8,California Coast,Aqua,Day,MODIS_Aqua_L3_SST_Thermal_4km_Day_Monthly,modis_sst_images/california_coast_aqua_day_2019_08_01.png,0.5767857432365417,0.3679764809868565,0.20880926224968527,1.0,85.6757472164182,355118,2
2019-09-01,2019,9,California Coast,Aqua,Day,MODIS_Aqua_L3_SST_Thermal_4km_Day_Monthly,modis_sst_images/california_coast_aqua_day_2019_09_01.png,0.6208896040916443,0.41294217655169113,0.20794742753995316,1.0,82.7280247900279,356595,1
2019-10-01,2019,10,California Coast,Aqua,Day,MODIS_Aqua_L3_SST_Thermal_4km_Day_Monthly,modis_sst_images/california_coast_aqua_day_2019_10_01.png,0.3033795654773712,0.28208281830526316,0.021296747172108055,1.0,66.02982109587197,356392,5
2019-11-01,2019,11,California Coast,Aqua,Day,MODIS_Aqua_L3_SST_Thermal_4km_Day_Monthly,modis_sst_images/california_coast_aqua_day_2019_11_01.png,0.07396912574768066,0.06532134280468409,0.008647782942996576,1.0,49.19122478896022,356094,8
2019-12-01,2019,12,California Coast,Aqua,Day,MODIS_Aqua_L3_SST_Thermal_4km_Day_Monthly,modis_sst_images/california_coast_aqua_day_2019_12_01.png,-0.18431934714317322,-0.20276084456306237,0.018441497419889152,1.0,32.30916609544786,355964,6
2020-01-01,2020,1,California Coast,Aqua,Day,MODIS_Aqua_L3_SST_Thermal_4km_Day_Monthly,modis_sst_images/california_coast_aqua_day_2020_01_01.png,-0.3831745982170105,-0.36958360991307665,-0.013590988303933849,0.8156862854957581,11.900870617026962,355495,9
2020-02-01,2020,2,California Coast,Aqua,Day,MODIS_Aqua_L3_SST_Thermal_4km_Day_Monthly,modis_sst_images/california_coast_aqua_day_2020_02_01.png,-0.44272124767303467,-0.40947475497211727,-0.033246492700917396,1.0,5.59293866888622,355627,9
2020-03-01,2020,3,California Coast,Aqua,Day,MODIS_Aqua_L3_SST_Thermal_4km_Day_Monthly,modis_sst_images/california_coast_aqua_day_2020_03_01.png,-0.4347671568393707,-0.38595800421067644,-0.048809152628694286,1.0,7.323209607232411,355732,7
2020-04-01,2020,4,California Coast,Aqua,Day,MODIS_Aqua_L3_SST_Thermal_4km_Day_Monthly,modis_sst_images/california_coast_aqua_day_2020_04_01.png,-0.4191543161869049,-0.3376869335770607,-0.08146738260984421,1.0,8.695922409092578,353959,10
2020-05-01,2020,5,California Coast,Aqua,Day,MODIS_Aqua_L3_SST_Thermal_4km_Day_Monthly,modis_sst_images/california_coast_aqua_day_2020_05_01.png,-0.18538759648799896,-0.2550967016390392,0.06970910515104023,1.0,31.45901487171842,355507,5
2020-06-01,2020,6,California Coast,Aqua,Day,MODIS_Aqua_L3_SST_Thermal_4km_Day_Monthly,modis_sst_images/california_coast_aqua_day_2020_06_01.png,-0.05599279701709747,-0.14429552351626065,0.08830272649916318,1.0,42.39508288996184,353541,3
2020-07-01,2020,7,California Coast,Aqua,Day,MODIS_Aqua_L3_SST_Thermal_4km_Day_Monthly,modis_sst_images/california_coast_aqua_day_2020_07_01.png,0.13357727229595184,0.1661469598433801,-0.032569687547428255,1.0,53.25548328543337,330550,10
2020-08-01,2020,8,California Coast,Aqua,Day,MODIS_Aqua_L3_SST_Thermal_4km_Day_Monthly,modis_sst_images/california_coast_aqua_day_2020_08_01.png,0.3466719090938568,0.3679764809868565,-0.02130457189299967,1.0,67.07792440010013,335556,9
2020-09-01,2020,9,California Coast,Aqua,Day,MODIS_Aqua_L3_SST_Thermal_4km_Day_Monthly,modis_sst_images/california_coast_aqua_day_2020_09_01.png,0.5638070702552795,0.41294217655169113,0.1508648937035884,1.0,79.32911669463417,356366,6
2020-10-01,2020,10,California Coast,Aqua,Day,MODIS_Aqua_L3_SST_Thermal_4km_Day_Monthly,modis_sst_images/california_coast_aqua_day_2020_10_01.png,0.47920623421669006,0.28208281830526316,0.1971234159114269,1.0,72.88645375810202,356084,3
2020-11-01,2020,11,California Coast,Aqua,Day,MODIS_Aqua_L3_SST_Thermal_4km_Day_Monthly,modis_sst_images/california_coast_aqua_day_2020_11_01.png,0.11724110692739487,0.06532134280468409,0.05191976412271078,1.0,51.307518159194196,356018,5
2020-12-01,2020,12,California Coast,Aqua,Day,MODIS_Aqua_L3_SST_Thermal_4km_Day_Monthly,modis_sst_images/california_coast_aqua_day_2020_12_01.png,-0.18936362862586975,-0.20276084456306237,0.01339721593719262,1.0,30.781766737192296,355899,7
2021-01-01,2021,1,California Coast,Aqua,Day,MODIS_Aqua_L3_SST_Thermal_4km_Day_Monthly,modis_sst_images/california_coast_aqua_day_2021_01_01.png,-0.4142427444458008,-0.36958360991307665,-0.04465913453272413,0.9882352948188782,11.465182747758117,356174,10
2021-02-01,2021,2,California Coast,Aqua,Day,MODIS_Aqua_L3_SST_Thermal_4km_Day_Monthly,modis_sst_images/california_coast_aqua_day_2021_02_01.png,-0.47457897663116455,-0.40947475497211727,-0.06510422165904728,0.5568627715110779,5.577108508466739,354682,10
2021-03-01,2021,3,California Coast,Aqua,Day,MODIS_Aqua_L3_SST_Thermal_4km_Day_Monthly,modis_sst_images/california_coast_aqua_day_2021_03_01.png,-0.4804985821247101,-0.38595800421067644,-0.09454057791403364,1.0,4.025048500496972,355151,13
2021-04-01,2021,4,California Coast,Aqua,Day,MODIS_Aqua_L3_SST_Thermal_4km_Day_Monthly,modis_sst_images/california_coast_aqua_day_2021_04_01.png,-0.42808154225349426,-0.3376869335770607,-0.09039460867643356,1.0,8.414284145094648,355051,12
2021-05-01,2021,5,California Coast,Aqua,Day,MODIS_Aqua_L3_SST_Thermal_4km_Day_Monthly,modis_sst_images/california_coast_aqua_day_2021_05_01.png,-0.424545556306839,-0.2550967016390392,-0.1694488546677998,1.0,7.992949242702246,318831,14
2021-06-01,2021,6,California Coast,Aqua,Day,MODIS_Aqua_L3_SST_Thermal_4km_Day_Monthly,modis_sst_images/california_coast_aqua_day_2021_06_01.png,-0.2586595416069031,-0.14429552351626065,-0.11436401809064242,1.0,23.403146727710677,351222,11
2021-07-01,2021,7,California Coast,Aqua,Day,MODIS_Aqua_L3_SST_Thermal_4km_Day_Monthly,modis_sst_images/california_coast_aqua_day_2021_07_01.png,0.16905511915683746,0.1661469598433801,0.0029081593134573647,1.0,54.29999511468282,327512,6
2021-08-01,2021,8,California Coast,Aqua,Day,MODIS_Aqua_L3_SST_Thermal_4km_Day_Monthly,modis_sst_images/california_coast_aqua_day_2021_08_01.png,0.33632662892341614,0.3679764809868565,-0.03164985206344034,1.0,64.91802246007067,349242,10
2021-09-01,2021,9,California Coast,Aqua,Day,MODIS_Aqua_L3_SST_Thermal_4km_Day_Monthly,modis_sst_images/california_coast_aqua_day_2021_09_01.png,0.3076550364494324,0.41294217655169113,-0.10528714010225876,1.0,64.13935867110308,355543,11
2021-10-01,2021,10,California Coast,Aqua,Day,MODIS_Aqua_L3_SST_Thermal_4km_Day_Monthly,modis_sst_images/california_coast_aqua_day_2021_10_01.png,0.119542196393013,0.28208281830526316,-0.16254062191225016,1.0,51.78736881117232,356166,12
2021-11-01,2021,11,California Coast,Aqua,Day,MODIS_Aqua_L3_SST_Thermal_4km_Day_Monthly,modis_sst_images/california_coast_aqua_day_2021_11_01.png,-0.026734717190265656,0.06532134280468409,-0.09205605999494974,1.0,42.64058624767223,356027,10
2021-12-01,2021,12,California Coast,Aqua,Day,MODIS_Aqua_L3_SST_Thermal_4km_Day_Monthly,modis_sst_images/california_coast_aqua_day_2021_12_01.png,-0.27869105339050293,-0.20276084456306237,-0.07593020882744056,1.0,21.460609968551324,353592,10
2022-01-01,2022,1,California Coast,Aqua,Day,MODIS_Aqua_L3_SST_Thermal_4km_Day_Monthly,modis_sst_images/california_coast_aqua_day_2022_01_01.png,-0.42990466952323914,-0.36958360991307665,-0.060321059610162486,1.0,7.039557694736399,356315,11
2022-02-01,2022,2,California Coast,Aqua,Day,MODIS_Aqua_L3_SST_Thermal_4km_Day_Monthly,modis_sst_images/california_coast_aqua_day_2022_02_01.png,-0.4326488673686981,-0.40947475497211727,-0.023174112396580848,0.929411768913269,7.907035564236232,355835,8
2022-03-01,2022,3,California Coast,Aqua,Day,MODIS_Aqua_L3_SST_Thermal_4km_Day_Monthly,modis_sst_images/california_coast_aqua_day_2022_03_01.png,-0.46244239807128906,-0.38595800421067644,-0.07648439386061262,1.0,3.2238913477148863,355409,11
2022-04-01,2022,4,California Coast,Aqua,Day,MODIS_Aqua_L3_SST_Thermal_4km_Day_Monthly,modis_sst_images/california_coast_aqua_day_2022_04_01.png,-0.3728611469268799,-0.3376869335770607,-0.03517421334981918,1.0,9.442764728666486,345958,8
2022-05-01,2022,5,California Coast,Aqua,Day,MODIS_Aqua_L3_SST_Thermal_4km_Day_Monthly,modis_sst_images/california_coast_aqua_day_2022_05_01.png,-0.38182517886161804,-0.2550967016390392,-0.12672847722257885,1.0,8.621426739248154,350870,13
2022-06-01,2022,6,California Coast,Aqua,Day,MODIS_Aqua_L3_SST_Thermal_4km_Day_Monthly,modis_sst_images/california_coast_aqua_day_2022_06_01.png,-0.10246489942073822,-0.14429552351626065,0.041830624095522434,1.0,39.79572563071051,354719,6
2022-07-01,2022,7,California Coast,Aqua,Day,MODIS_Aqua_L3_SST_Thermal_4km_Day_Monthly,modis_sst_images/california_coast_aqua_day_2022_07_01.png,0.15294687449932098,0.1661469598433801,-0.013200085344059115,1.0,60.05434456254128,333060,8
2022-08-01,2022,8,California Coast,Aqua,Day,MODIS_Aqua_L3_SST_Thermal_4km_Day_Monthly,modis_sst_images/california_coast_aqua_day_2022_08_01.png,0.48613035678863525,0.3679764809868565,0.11815387580177877,1.0,76.21661648954571,349761,5
2022-09-01,2022,9,California Coast,Aqua,Day,MODIS_Aqua_L3_SST_Thermal_4km_Day_Monthly,modis_sst_images/california_coast_aqua_day_2022_09_01.png,0.5689764618873596,0.41294217655169113,0.1560342853356685,1.0,83.13614865339002,356265,4
2022-10-01,2022,10,California Coast,Aqua,Day,MODIS_Aqua_L3_SST_Thermal_4km_Day_Monthly,modis_sst_images/california_coast_aqua_day_2022_10_01.png,0.36922958493232727,0.28208281830526316,0.08714676662706411,1.0,65.49762395013381,356474,4
2023-01-01,2023,1,California Coast,Aqua,Day,MODIS_Aqua_L3_SST_Thermal_4km_Day_Monthly,modis_sst_images/california_coast_aqua_day_2023_01_01.png,-0.35200566053390503,-0.36958360991307665,0.01757794937917162,1.0,15.001121642084012,356620,6
2023-02-01,2023,2,California Coast,Aqua,Day,MODIS_Aqua_L3_SST_Thermal_4km_Day_Monthly,modis_sst_images/california_coast_aqua_day_2023_02_01.png,-0.4777570068836212,-0.40947475497211727,-0.06828225191150394,0.5568627715110779,2.772556523009578,355917,11
2023-03-01,2023,3,California Coast,Aqua,Day,MODIS_Aqua_L3_SST_Thermal_4km_Day_Monthly,modis_sst_images/california_coast_aqua_day_2023_03_01.png,-0.4469744563102722,-0.38595800421067644,-0.061016452099595775,1.0,4.256794231835829,353388,9
2023-04-01,2023,4,California Coast,Aqua,Day,MODIS_Aqua_L3_SST_Thermal_4km_Day_Monthly,modis_sst_images/california_coast_aqua_day_2023_04_01.png,-0.44218218326568604,-0.3376869335770607,-0.10449524968862534,1.0,6.561470375515172,348428,13
2023-05-01,2023,5,California Coast,Aqua,Day,MODIS_Aqua_L3_SST_Thermal_4km_Day_Monthly,modis_sst_images/california_coast_aqua_day_2023_05_01.png,-0.3311125338077545,-0.2550967016390392,-0.07601583216871532,1.0,18.63401682499066,353284,9
2023-07-01,2023,7,California Coast,Aqua,Day,MODIS_Aqua_L3_SST_Thermal_4km_Day_Monthly,modis_sst_images/california_coast_aqua_day_2023_07_01.png,0.10326451063156128,0.1661469598433801,-0.06288244921181882,1.0,54.09320121306157,340296,11
2023-08-01,2023,8,California Coast,Aqua,Day,MODIS_Aqua_L3_SST_Thermal_4km_Day_Monthly,modis_sst_images/california_coast_aqua_day_2023_08_01.png,0.5717625021934509,0.3679764809868565,0.20378602120659445,1.0,86.45430062279078,356460,3
2023-09-01,2023,9,California Coast,Aqua,Day,MODIS_Aqua_L3_SST_Thermal_4km_Day_Monthly,modis_sst_images/california_coast_aqua_day_2023_09_01.png,0.5670756101608276,0.41294217655169113,0.1541334336091365,1.0,83.06477367592431,356966,5
2023-11-01,2023,11,California Coast,Aqua,Day,MODIS_Aqua_L3_SST_Thermal_4km_Day_Monthly,modis_sst_images/california_coast_aqua_day_2023_11_01.png,0.2072375863790512,0.06532134280468409,0.1419162435743671,1.0,58.29240184835025,357508,2
2023-12-01,2023,12,California Coast,Aqua,Day,MODIS_Aqua_L3_SST_Thermal_4km_Day_Monthly,modis_sst_images/california_coast_aqua_day_2023_12_01.png,-0.11943864077329636,-0.20276084456306237,0.08332220378976601,1.0,38.061932190297064,357294,4
2010-01-01,2010,1,California Coast,Aqua,Night,MODIS_Aqua_L3_SST_Thermal_4km_Night_Monthly,modis_sst_images/california_coast_aqua_night_2010_01_01.png,-0.3862878978252411,-0.4091369246061032,0.02284902678086209,1.0,12.702220945654839,355119,5
2010-02-01,2010,2,California Coast,Aqua,Night,MODIS_Aqua_L3_SST_Thermal_4km_Night_Monthly,modis_sst_images/california_coast_aqua_night_2010_02_01.png,-0.46274706721305847,-0.4485717160361154,-0.014175351176943074,1.0,5.930477251499499,355452,7
2010-03-01,2010,3,California Coast,Aqua,Night,MODIS_Aqua_L3_SST_Thermal_4km_Night_Monthly,modis_sst_images/california_coast_aqua_night_2010_03_01.png,-0.48176300525665283,-0.44742937066725325,-0.034333634589399586,0.9882352948188782,2.636085455209006,356210,7
2010-04-01,2010,4,California Coast,Aqua,Night,MODIS_Aqua_L3_SST_Thermal_4km_Night_Monthly,modis_sst_images/california_coast_aqua_night_2010_04_01.png,-0.46091601252555847,-0.4008171835115978,-0.060098829013960686,1.0,5.084907836045471,355562,10
2010-05-01,2010,5,California Coast,Aqua,Night,MODIS_Aqua_L3_SST_Thermal_4km_Night_Monthly,modis_sst_images/california_coast_aqua_night_2010_05_01.png,-0.40843114256858826,-0.33232500510556356,-0.07610613746302469,1.0,8.462387671459913,355987,10
2010-06-01,2010,6,California Coast,Aqua,Night,MODIS_Aqua_L3_SST_Thermal_4km_Night_Monthly,modis_sst_images/california_coast_aqua_night_2010_06_01.png,-0.38620230555534363,-0.22263713811452573,-0.1635651674408179,1.0,12.515997203850082,278955,13
2010-07-01,2010,7,California Coast,Aqua,Night,MODIS_Aqua_L3_SST_Thermal_4km_Night_Monthly,modis_sst_images/california_coast_aqua_night_2010_07_01.png,-0.01872957870364189,0.10353259263294083,-0.12226217133658272,1.0,44.870970000233356,299969,12
2010-08-01,2010,8,California Coast,Aqua,Night,MODIS_Aqua_L3_SST_Thermal_4km_Night_Monthly,modis_sst_images/california_coast_aqua_night_2010_08_01.png,-0.07914738357067108,0.2999046434249197,-0.37905202699559076,1.0,41.196267889416106,313174,14
2010-09-01,2010,9,California Coast,Aqua,Night,MODIS_Aqua_L3_SST_Thermal_4km_Night_Monthly,modis_sst_images/california_coast_aqua_night_2010_09_01.png,-0.05462661385536194,0.3506255969405174,-0.40525221079587936,1.0,42.341646532151586,343109,14
2010-10-01,2010,10,California Coast,Aqua,Night,MODIS_Aqua_L3_SST_Thermal_4km_Night_Monthly,modis_sst_images/california_coast_aqua_night_2010_10_01.png,-0.07587365061044693,0.22223862979028905,-0.298112280400736,1.0,37.78242325607498,356380,14
2010-11-01,2010,11,California Coast,Aqua,Night,MODIS_Aqua_L3_SST_Thermal_4km_Night_Monthly,modis_sst_images/california_coast_aqua_night_2010_11_01.png,-0.18145546317100525,0.015211803173380238,-0.1966672663443855,1.0,31.07356877668722,355273,13
2010-12-01,2010,12,California Coast,Aqua,Night,MODIS_Aqua_L3_SST_Thermal_4km_Night_Monthly,modis_sst_images/california_coast_aqua_night_2010_12_01.png,-0.4083925485610962,-0.23809027643157885,-0.17030227212951735,1.0,10.22193978691756,355637,12
2011-01-01,2011,1,California Coast,Aqua,Night,MODIS_Aqua_L3_SST_Thermal_4km_Night_Monthly,modis_sst_images/california_coast_aqua_night_2011_01_01.png,-0.5088695287704468,-0.4091369246061032,-0.0997326041643436,0.3843137323856354,2.3336996573792748,355787,12
2011-02-01,2011,2,California Coast,Aqua,Night,MODIS_Aqua_L3_SST_Thermal_4km_Night_Monthly,modis_sst_images/california_coast_aqua_night_2011_02_01.png,-0.5410585999488831,-0.4485717160361154,-0.09248688391276766,0.2980392277240753,0.7032404215502808,355355,13
2011-03-01,2011,3,California Coast,Aqua,Night,MODIS_Aqua_L3_SST_Thermal_4km_Night_Monthly,modis_sst_images/california_coast_aqua_night_2011_03_01.png,-0.5172165036201477,-0.44742937066725325,-0.06978713295289446,0.5568627715110779,0.9887381144967786,353582,10
2011-04-01,2011,4,California Coast,Aqua,Night,MODIS_Aqua_L3_SST_Thermal_4km_Night_Monthly,modis_sst_images/california_coast_aqua_night_2011_04_01.png,-0.46057894825935364,-0.4008171835115978,-0.05976176474775585,1.0,5.476930157634334,356331,9
2011-05-01,2011,5,California Coast,Aqua,Night,MODIS_Aqua_L3_SST_Thermal_4km_Night_Monthly,modis_sst_images/california_coast_aqua_night_2011_05_01.png,-0.42244818806648254,-0.33232500510556356,-0.09012318296091898,1.0,7.7510383754189505,354159,12
2011-06-01,2011,6,California Coast,Aqua,Night,MODIS_Aqua_L3_SST_Thermal_4km_Night_Monthly,modis_sst_images/california_coast_aqua_night_2011_06_01.png,-0.375394344329834,-0.22263713811452573,-0.15275720621530825,1.0,11.804792942057185,323267,12
2011-07-01,2011,7,California Coast,Aqua,Night,MODIS_Aqua_L3_SST_Thermal_4km_Night_Monthly,modis_sst_images/california_coast_aqua_night_2011_07_01.png,-0.14858101308345795,0.10353259263294083,-0.2521136057163988,1.0,36.03771685755164,278178,14
2011-08-01,2011,8,California Coast,Aqua,Night,MODIS_Aqua_L3_SST_Thermal_4km_Night_Monthly,modis_sst_images/california_coast_aqua_night_2011_08_01.png,0.06963714212179184,0.2999046434249197,-0.23026750130312784,1.0,53.91578534934993,321583,12
2011-09-01,2011,9,California Coast,Aqua,Night,MODIS_Aqua_L3_SST_Thermal_4km_Night_Monthly,modis_sst_images/california_coast_aqua_night_2011_09_01.png,0.0990288183093071,0.3506255969405174,-0.2515967786312103,1.0,51.17829328521227,336928,12
2011-10-01,2011,10,California Coast,Aqua,Night,MODIS_Aqua_L3_SST_Thermal_4km_Night_Monthly,modis_sst_images/california_coast_aqua_night_2011_10_01.png,0.05666311830282211,0.22223862979028905,-0.16557551148746694,1.0,49.41040611484678,356771,12
2011-11-01,2011,11,California Coast,Aqua,Night,MODIS_Aqua_L3_SST_Thermal_4km_Night_Monthly,modis_sst_images/california_coast_aqua_night_2011_11_01.png,-0.18671564757823944,0.015211803173380238,-0.2019274507516197,1.0,30.787420660420967,354804,14
2011-12-01,2011,12,California Coast,Aqua,Night,MODIS_Aqua_L3_SST_Thermal_4km_Night_Monthly,modis_sst_images/california_coast_aqua_night_2011_12_01.png,-0.4540846347808838,-0.23809027643157885,-0.21599435834930494,0.8156862854957581,6.295080308302928,355754,13
2012-01-01,2012,1,California Coast,Aqua,Night,MODIS_Aqua_L3_SST_Thermal_4km_Night_Monthly,modis_sst_images/california_coast_aqua_night_2012_01_01.png,-0.5449594259262085,-0.4091369246061032,-0.13582250132010532,0.34117648005485535,0.6290035838248159,354370,13
2012-02-01,2012,2,California Coast,Aqua,Night,MODIS_Aqua_L3_SST_Thermal_4km_Night_Monthly,modis_sst_images/california_coast_aqua_night_2012_02_01.png,-0.544451117515564,-0.4485717160361154,-0.09587940147944857,0.3843137323856354,0.4870461036311709,352944,14
2012-03-01,2012,3,California Coast,Aqua,Night,MODIS_Aqua_L3_SST_Thermal_4km_Night_Monthly,modis_sst_images/california_coast_aqua_night_2012_03_01.png,-0.5320059657096863,-0.44742937066725325,-0.08457659504243303,0.7333333492279053,0.18902689069021497,356034,14
2012-04-01,2012,4,California Coast,Aqua,Night,MODIS_Aqua_L3_SST_Thermal_4km_Night_Monthly,modis_sst_images/california_coast_aqua_night_2012_04_01.png,-0.4933817684650421,-0.4008171835115978,-0.09256458495344433,1.0,3.2158083697969255,356520,13
2012-05-01,2012,5,California Coast,Aqua,Night,MODIS_Aqua_L3_SST_Thermal_4km_Night_Monthly,modis_sst_images/california_coast_aqua_night_2012_05_01.png,-0.37429279088974,-0.33232500510556356,-0.041967785784176426,1.0,11.63700383003282,343078,9
2012-06-01,2012,6,California Coast,Aqua,Night,MODIS_Aqua_L3_SST_Thermal_4km_Night_Monthly,modis_sst_images/california_coast_aqua_night_2012_06_01.png,-0.3138286769390106,-0.22263713811452573,-0.09119153882448489,1.0,19.38504849545596,350239,10
2012-07-01,2012,7,California Coast,Aqua,Night,MODIS_Aqua_L3_SST_Thermal_4km_Night_Monthly,modis_sst_images/california_coast_aqua_night_2012_07_01.png,-0.12959009408950806,0.10353259263294083,-0.2331226867224489,1.0,37.406148972128825,169817,13
2012-08-01,2012,8,California Coast,Aqua,Night,MODIS_Aqua_L3_SST_Thermal_4km_Night_Monthly,modis_sst_images/california_coast_aqua_night_2012_08_01.png,0.05678347498178482,0.2999046434249197,-0.24312116844313486,1.0,46.72926259545761,282979,13
2012-09-01,2012,9,California Coast,Aqua,Night,MODIS_Aqua_L3_SST_Thermal_4km_Night_Monthly,modis_sst_images/california_coast_aqua_night_2012_09_01.png,0.015220798552036285,0.3506255969405174,-0.33540479838848114,1.0,42.72423597408449,321815,13
2012-10-01,2012,10,California Coast,Aqua,Night,MODIS_Aqua_L3_SST_Thermal_4km_Night_Monthly,modis_sst_images/california_coast_aqua_night_2012_10_01.png,0.07517645508050919,0.22223862979028905,-0.14706217470977986,1.0,48.86934285898539,356651,11
2012-11-01,2012,11,California Coast,Aqua,Night,MODIS_Aqua_L3_SST_Thermal_4km_Night_Monthly,modis_sst_images/california_coast_aqua_night_2012_11_01.png,-0.0669993981719017,0.015211803173380238,-0.08221120134528194,1.0,37.57758652179166,355893,10
2012-12-01,2012,12,California Coast,Aqua,Night,MODIS_Aqua_L3_SST_Thermal_4km_Night_Monthly,modis_sst_images/california_coast_aqua_night_2012_12_01.png,-0.2647869288921356,-0.23809027643157885,-0.026696652460556775,1.0,22.154728615472862,348675,8
2013-01-01,2013,1,California Coast,Aqua,Night,MODIS_Aqua_L3_SST_Thermal_4km_Night_Monthly,modis_sst_images/california_coast_aqua_night_2013_01_01.png,-0.4901127219200134,-0.4091369246061032,-0.08097579731391025,0.7333333492279053,1.9436362502055933,352638,11
2013-02-01,2013,2,California Coast,Aqua,Night,MODIS_Aqua_L3_SST_Thermal_4km_Night_Monthly,modis_sst_images/california_coast_aqua_night_2013_02_01.png,-0.5369706153869629,-0.4485717160361154,-0.08839889935084749,0.3843137323856354,0.2906441894160668,347848,12
2013-03-01,2013,3,California Coast,Aqua,Night,MODIS_Aqua_L3_SST_Thermal_4km_Night_Monthly,modis_sst_images/california_coast_aqua_night_2013_03_01.png,-0.5216638445854187,-0.44742937066725325,-0.07423447391816546,0.929411768913269,0.42290424462163806,353035,12
2013-04-01,2013,4,California Coast,Aqua,Night,MODIS_Aqua_L3_SST_Thermal_4km_Night_Monthly,modis_sst_images/california_coast_aqua_night_2013_04_01.png,-0.42669588327407837,-0.4008171835115978,-0.025878699762480584,1.0,6.6351162673335615,356678,8
2013-05-01,2013,5,California Coast,Aqua,Night,MODIS_Aqua_L3_SST_Thermal_4km_Night_Monthly,modis_sst_images/california_coast_aqua_night_2013_05_01.png,-0.3399493992328644,-0.33232500510556356,-0.007624394127300815,1.0,13.265496903735347,353006,8
2013-06-01,2013,6,California Coast,Aqua,Night,MODIS_Aqua_L3_SST_Thermal_4km_Night_Monthly,modis_sst_images/california_coast_aqua_night_2013_06_01.png,-0.23718658089637756,-0.22263713811452573,-0.014549442781851829,1.0,24.367250405886626,334453,7
2013-07-01,2013,7,California Coast,Aqua,Night,MODIS_Aqua_L3_SST_Thermal_4km_Night_Monthly,modis_sst_images/california_coast_aqua_night_2013_07_01.png,0.16082724928855896,0.10353259263294083,0.05729465665561813,1.0,59.47547860658703,273659,4
2013-08-01,2013,8,California Coast,Aqua,Night,MODIS_Aqua_L3_SST_Thermal_4km_Night_Monthly,modis_sst_images/california_coast_aqua_night_2013_08_01.png,0.2202887386083603,0.2999046434249197,-0.07961590481655939,1.0,59.40885312240769,326687,11
2013-09-01,2013,9,California Coast,Aqua,Night,MODIS_Aqua_L3_SST_Thermal_4km_Night_Monthly,modis_sst_images/california_coast_aqua_night_2013_09_01.png,0.43414759635925293,0.3506255969405174,0.0835219994187355,1.0,73.39761562962632,356656,7
2013-10-01,2013,10,California Coast,Aqua,Night,MODIS_Aqua_L3_SST_Thermal_4km_Night_Monthly,modis_sst_images/california_coast_aqua_night_2013_10_01.png,0.14510606229305267,0.22223862979028905,-0.07713256749723638,1.0,54.80425542702145,355029,10
2013-11-01,2013,11,California Coast,Aqua,Night,MODIS_Aqua_L3_SST_Thermal_4km_Night_Monthly,modis_sst_images/california_coast_aqua_night_2013_11_01.png,-0.08920558542013168,0.015211803173380238,-0.10441738859351192,1.0,38.460502692998205,356480,12
2013-12-01,2013,12,California Coast,Aqua,Night,MODIS_Aqua_L3_SST_Thermal_4km_Night_Monthly,modis_sst_images/california_coast_aqua_night_2013_12_01.png,-0.32294684648513794,-0.23809027643157885,-0.0848565700535591,0.9725490212440491,18.663653565566296,350912,11
2014-01-01,2014,1,California Coast,Aqua,Night,MODIS_Aqua_L3_SST_Thermal_4km_Night_Monthly,modis_sst_images/california_coast_aqua_night_2014_01_01.png,-0.4118235409259796,-0.4091369246061032,-0.0026866163198764337,0.8156862854957581,8.599152259472561,356477,8
2014-02-01,2014,2,California Coast,Aqua,Night,MODIS_Aqua_L3_SST_Thermal_4km_Night_Monthly,modis_sst_images/california_coast_aqua_night_2014_02_01.png,-0.43674010038375854,-0.4485717160361154,0.011831615652356853,0.9725490212440491,6.40198176640097,356046,5
2014-03-01,2014,3,California Coast,Aqua,Night,MODIS_Aqua_L3_SST_Thermal_4km_Night_Monthly,modis_sst_images/california_coast_aqua_night_2014_03_01.png,-0.3760763108730316,-0.44742937066725325,0.07135305979422163,1.0,14.289438862474208,356704,3
2014-04-01,2014,4,California Coast,Aqua,Night,MODIS_Aqua_L3_SST_Thermal_4km_Night_Monthly,modis_sst_images/california_coast_aqua_night_2014_04_01.png,-0.3848319351673126,-0.4008171835115978,0.015985248344285163,1.0,12.3515171669405,354839,6
2014-05-01,2014,5,California Coast,Aqua,Night,MODIS_Aqua_L3_SST_Thermal_4km_Night_Monthly,modis_sst_images/california_coast_aqua_night_2014_05_01.png,-0.19088074564933777,-0.33232500510556356,0.1414442594562258,1.0,30.941964360833936,356574,1
2014-06-01,2014,6,California Coast,Aqua,Night,MODIS_Aqua_L3_SST_Thermal_4km_Night_Monthly,modis_sst_images/california_coast_aqua_night_2014_06_01.png,-0.1724877655506134,-0.22263713811452573,0.05014937256391233,1.0,30.244909390786596,289209,5
2014-07-01,2014,7,California Coast,Aqua,Night,MODIS_Aqua_L3_SST_Thermal_4km_Night_Monthly,modis_sst_images/california_coast_aqua_night_2014_07_01.png,0.25571104884147644,0.10353259263294083,0.1521784562085356,1.0,63.84583872810074,334429,2
2014-08-01,2014,8,California Coast,Aqua,Night,MODIS_Aqua_L3_SST_Thermal_4km_Night_Monthly,modis_sst_images/california_coast_aqua_night_2014_08_01.png,0.482053279876709,0.2999046434249197,0.1821486364517893,1.0,73.42799766425021,351065,3
2014-09-01,2014,9,California Coast,Aqua,Night,MODIS_Aqua_L3_SST_Thermal_4km_Night_Monthly,modis_sst_images/california_coast_aqua_night_2014_09_01.png,0.5524810552597046,0.3506255969405174,0.20185545831918716,1.0,79.14891830623269,357310,3
2014-10-01,2014,10,California Coast,Aqua,Night,MODIS_Aqua_L3_SST_Thermal_4km_Night_Monthly,modis_sst_images/california_coast_aqua_night_2014_10_01.png,0.4807673394680023,0.22223862979028905,0.25852870967771324,1.0,72.24365083814543,356740,1
2014-11-01,2014,11,California Coast,Aqua,Night,MODIS_Aqua_L3_SST_Thermal_4km_Night_Monthly,modis_sst_images/california_coast_aqua_night_2014_11_01.png,0.23765277862548828,0.015211803173380238,0.22244097545210803,1.0,59.83043427012645,356322,1
2014-12-01,2014,12,California Coast,Aqua,Night,MODIS_Aqua_L3_SST_Thermal_4km_Night_Monthly,modis_sst_images/california_coast_aqua_night_2014_12_01.png,0.009893041104078293,-0.23809027643157885,0.24798331753565714,1.0,45.713243034598925,356225,1
2015-01-01,2015,1,California Coast,Aqua,Night,MODIS_Aqua_L3_SST_Thermal_4km_Night_Monthly,modis_sst_images/california_coast_aqua_night_2015_01_01.png,-0.22616960108280182,-0.4091369246061032,0.18296732352330136,1.0,27.718590200557948,356306,1
2015-02-01,2015,2,California Coast,Aqua,Night,MODIS_Aqua_L3_SST_Thermal_4km_Night_Monthly,modis_sst_images/california_coast_aqua_night_2015_02_01.png,-0.24108871817588806,-0.4485717160361154,0.20748299786022734,0.9725490212440491,26.157372382217293,356886,1
2015-03-01,2015,3,California Coast,Aqua,Night,MODIS_Aqua_L3_SST_Thermal_4km_Night_Monthly,modis_sst_images/california_coast_aqua_night_2015_03_01.png,-0.2322426587343216,-0.44742937066725325,0.21518671193293165,1.0,28.08657625428273,356957,1
2015-04-01,2015,4,California Coast,Aqua,Night,MODIS_Aqua_L3_SST_Thermal_4km_Night_Monthly,modis_sst_images/california_coast_aqua_night_2015_04_01.png,-0.25263214111328125,-0.4008171835115978,0.14818504239831654,1.0,26.00950052157527,356612,1
2015-05-01,2015,5,California Coast,Aqua,Night,MODIS_Aqua_L3_SST_Thermal_4km_Night_Monthly,modis_sst_images/california_coast_aqua_night_2015_05_01.png,-0.20173460245132446,-0.33232500510556356,0.1305904026542391,1.0,29.838970317239816,352730,2
2015-06-01,2015,6,California Coast,Aqua,Night,MODIS_Aqua_L3_SST_Thermal_4km_Night_Monthly,modis_sst_images/california_coast_aqua_night_2015_06_01.png,0.02652984857559204,-0.22263713811452573,0.24916698669011778,1.0,48.298327247195054,347511,1
2015-07-01,2015,7,California Coast,Aqua,Night,MODIS_Aqua_L3_SST_Thermal_4km_Night_Monthly,modis_sst_images/california_coast_aqua_night_2015_07_01.png,0.40267661213874817,0.10353259263294083,0.2991440195058073,1.0,69.13328959689584,356682,1
2015-08-01,2015,8,California Coast,Aqua,Night,MODIS_Aqua_L3_SST_Thermal_4km_Night_Monthly,modis_sst_images/california_coast_aqua_night_2015_08_01.png,0.6020298600196838,0.2999046434249197,0.30212521659476416,1.0,81.2899338639166,356840,1
2015-09-01,2015,9,California Coast,Aqua,Night,MODIS_Aqua_L3_SST_Thermal_4km_Night_Monthly,modis_sst_images/california_coast_aqua_night_2015_09_01.png,0.55400550365448,0.3506255969405174,0.20337990671396255,1.0,77.12210507445295,357004,2
2015-10-01,2015,10,California Coast,Aqua,Night,MODIS_Aqua_L3_SST_Thermal_4km_Night_Monthly,modis_sst_images/california_coast_aqua_night_2015_10_01.png,0.4806186258792877,0.22223862979028905,0.25837999608899864,1.0,72.7206496337684,356878,2
2015-11-01,2015,11,California Coast,Aqua,Night,MODIS_Aqua_L3_SST_Thermal_4km_Night_Monthly,modis_sst_images/california_coast_aqua_night_2015_11_01.png,0.1957133412361145,0.015211803173380238,0.18050153806273425,1.0,55.331093712663225,355715,2
2015-12-01,2015,12,California Coast,Aqua,Night,MODIS_Aqua_L3_SST_Thermal_4km_Night_Monthly,modis_sst_images/california_coast_aqua_night_2015_12_01.png,-0.10860162228345871,-0.23809027643157885,0.12948865414812014,1.0,37.1004365823136,353198,2
2016-01-01,2016,1,California Coast,Aqua,Night,MODIS_Aqua_L3_SST_Thermal_4km_Night_Monthly,modis_sst_images/california_coast_aqua_night_2016_01_01.png,-0.32597482204437256,-0.4091369246061032,0.08316210256173062,1.0,17.56936162552598,355528,3
2016-02-01,2016,2,California Coast,Aqua,Night,MODIS_Aqua_L3_SST_Thermal_4km_Night_Monthly,modis_sst_images/california_coast_aqua_night_2016_02_01.png,-0.3628207743167877,-0.4485717160361154,0.08575094171932768,0.9882352948188782,15.122932197970481,356538,3
2016-03-01,2016,3,California Coast,Aqua,Night,MODIS_Aqua_L3_SST_Thermal_4km_Night_Monthly,modis_sst_images/california_coast_aqua_night_2016_03_01.png,-0.3358768820762634,-0.44742937066725325,0.11155248859098982,1.0,17.079665989618597,354480,2
2016-04-01,2016,4,California Coast,Aqua,Night,MODIS_Aqua_L3_SST_Thermal_4km_Night_Monthly,modis_sst_images/california_coast_aqua_night_2016_04_01.png,-0.2884010076522827,-0.4008171835115978,0.11241617585931507,1.0,21.651959093598492,356619,2
2016-05-01,2016,5,California Coast,Aqua,Night,MODIS_Aqua_L3_SST_Thermal_4km_Night_Monthly,modis_sst_images/california_coast_aqua_night_2016_05_01.png,-0.2762111723423004,-0.33232500510556356,0.05611383276326315,1.0,22.51406389529757,354987,5
2016-06-01,2016,6,California Coast,Aqua,Night,MODIS_Aqua_L3_SST_Thermal_4km_Night_Monthly,modis_sst_images/california_coast_aqua_night_2016_06_01.png,-0.07245320826768875,-0.22263713811452573,0.15018392984683698,1.0,41.44173509329357,352811,2
2016-07-01,2016,7,California Coast,Aqua,Night,MODIS_Aqua_L3_SST_Thermal_4km_Night_Monthly,modis_sst_images/california_coast_aqua_night_2016_07_01.png,0.21757854521274567,0.10353259263294083,0.11404595257980484,1.0,57.40274563083171,345203,3
2016-08-01,2016,8,California Coast,Aqua,Night,MODIS_Aqua_L3_SST_Thermal_4km_Night_Monthly,modis_sst_images/california_coast_aqua_night_2016_08_01.png,0.300933837890625,0.2999046434249197,0.0010291944657053187,1.0,63.86379709151326,323811,7
2016-09-01,2016,9,California Coast,Aqua,Night,MODIS_Aqua_L3_SST_Thermal_4km_Night_Monthly,modis_sst_images/california_coast_aqua_night_2016_09_01.png,0.2770867943763733,0.3506255969405174,-0.07353880256414413,1.0,60.00294245797095,353446,9
2016-10-01,2016,10,California Coast,Aqua,Night,MODIS_Aqua_L3_SST_Thermal_4km_Night_Monthly,modis_sst_images/california_coast_aqua_night_2016_10_01.png,0.18730512261390686,0.22223862979028905,-0.03493350717638219,1.0,57.55409636996352,355754,9
2016-11-01,2016,11,California Coast,Aqua,Night,MODIS_Aqua_L3_SST_Thermal_4km_Night_Monthly,modis_sst_images/california_coast_aqua_night_2016_11_01.png,0.07487959414720535,0.015211803173380238,0.059667790973825116,1.0,50.927864564330264,356302,5
2016-12-01,2016,12,California Coast,Aqua,Night,MODIS_Aqua_L3_SST_Thermal_4km_Night_Monthly,modis_sst_images/california_coast_aqua_night_2016_12_01.png,-0.284159779548645,-0.23809027643157885,-0.046069503117066174,1.0,22.14927611401768,354752,9
2017-01-01,2017,1,California Coast,Aqua,Night,MODIS_Aqua_L3_SST_Thermal_4km_Night_Monthly,modis_sst_images/california_coast_aqua_night_2017_01_01.png,-0.40794429183006287,-0.4091369246061032,0.0011926327760403144,0.8156862854957581,10.406393374834384,355493,6
2017-02-01,2017,2,California Coast,Aqua,Night,MODIS_Aqua_L3_SST_Thermal_4km_Night_Monthly,modis_sst_images/california_coast_aqua_night_2017_02_01.png,-0.4311034381389618,-0.4485717160361154,0.017468277897153606,0.6000000238418579,7.271221203189669,352513,4
2017-03-01,2017,3,California Coast,Aqua,Night,MODIS_Aqua_L3_SST_Thermal_4km_Night_Monthly,modis_sst_images/california_coast_aqua_night_2017_03_01.png,-0.4062170088291168,-0.44742937066725325,0.041212361838136424,0.9960784316062927,9.747232451546786,355188,4
2017-04-01,2017,4,California Coast,Aqua,Night,MODIS_Aqua_L3_SST_Thermal_4km_Night_Monthly,modis_sst_images/california_coast_aqua_night_2017_04_01.png,-0.3300163149833679,-0.4008171835115978,0.07080086852822987,1.0,16.145497739204494,356954,5
2017-05-01,2017,5,California Coast,Aqua,Night,MODIS_Aqua_L3_SST_Thermal_4km_Night_Monthly,modis_sst_images/california_coast_aqua_night_2017_05_01.png,-0.30778688192367554,-0.33232500510556356,0.024538123181888027,1.0,18.478028794829626,346590,7
2017-06-01,2017,6,California Coast,Aqua,Night,MODIS_Aqua_L3_SST_Thermal_4km_Night_Monthly,modis_sst_images/california_coast_aqua_night_2017_06_01.png,-0.18700064718723297,-0.22263713811452573,0.03563649092729276,1.0,29.66225534229937,316156,6
2017-07-01,2017,7,California Coast,Aqua,Night,MODIS_Aqua_L3_SST_Thermal_4km_Night_Monthly,modis_sst_images/california_coast_aqua_night_2017_07_01.png,0.14805836975574493,0.10353259263294083,0.0445257771228041,1.0,56.21048925307684,312415,5
2017-08-01,2017,8,California Coast,Aqua,Night,MODIS_Aqua_L3_SST_Thermal_4km_Night_Monthly,modis_sst_images/california_coast_aqua_night_2017_08_01.png,0.29954802989959717,0.2999046434249197,-0.00035661352532251334,1.0,60.757739742865255,313221,8
2017-09-01,2017,9,California Coast,Aqua,Night,MODIS_Aqua_L3_SST_Thermal_4km_Night_Monthly,modis_sst_images/california_coast_aqua_night_2017_09_01.png,0.3765879273414612,0.3506255969405174,0.025962330400943756,1.0,65.71587662673795,357387,8
2017-10-01,2017,10,California Coast,Aqua,Night,MODIS_Aqua_L3_SST_Thermal_4km_Night_Monthly,modis_sst_images/california_coast_aqua_night_2017_10_01.png,0.24729804694652557,0.22223862979028905,0.025059417156236524,1.0,59.95619208087616,356100,7
2017-11-01,2017,11,California Coast,Aqua,Night,MODIS_Aqua_L3_SST_Thermal_4km_Night_Monthly,modis_sst_images/california_coast_aqua_night_2017_11_01.png,0.050680335611104965,0.015211803173380238,0.03546853243772473,1.0,46.464238735865145,354266,6
2017-12-01,2017,12,California Coast,Aqua,Night,MODIS_Aqua_L3_SST_Thermal_4km_Night_Monthly,modis_sst_images/california_coast_aqua_night_2017_12_01.png,-0.15773843228816986,-0.23809027643157885,0.08035184414340898,1.0,32.275196137598066,356255,4
2018-01-01,2018,1,California Coast,Aqua,Night,MODIS_Aqua_L3_SST_Thermal_4km_Night_Monthly,modis_sst_images/california_coast_aqua_night_2018_01_01.png,-0.32502007484436035,-0.4091369246061032,0.08411684976174283,0.8156862854957581,21.732175182072044,356315,2
2018-02-01,2018,2,California Coast,Aqua,Night,MODIS_Aqua_L3_SST_Thermal_4km_Night_Monthly,modis_sst_images/california_coast_aqua_night_2018_02_01.png,-0.3402990400791168,-0.4485717160361154,0.10827267595699858,0.8588235378265381,18.77566897904763,354757,2
2018-03-01,2018,3,California Coast,Aqua,Night,MODIS_Aqua_L3_SST_Thermal_4km_Night_Monthly,modis_sst_images/california_coast_aqua_night_2018_03_01.png,-0.41467204689979553,-0.44742937066725325,0.03275732376745771,1.0,8.876896429155783,354482,5
2018-04-01,2018,4,California Coast,Aqua,Night,MODIS_Aqua_L3_SST_Thermal_4km_Night_Monthly,modis_sst_images/california_coast_aqua_night_2018_04_01.png,-0.3284704387187958,-0.4008171835115978,0.07234674479280201,1.0,18.181690756792516,356716,3
2018-05-01,2018,5,California Coast,Aqua,Night,MODIS_Aqua_L3_SST_Thermal_4km_Night_Monthly,modis_sst_images/california_coast_aqua_night_2018_05_01.png,-0.26914751529693604,-0.33232500510556356,0.06317748980862753,1.0,24.170611961178885,342391,3
2018-06-01,2018,6,California Coast,Aqua,Night,MODIS_Aqua_L3_SST_Thermal_4km_Night_Monthly,modis_sst_images/california_coast_aqua_night_2018_06_01.png,-0.26292723417282104,-0.22263713811452573,-0.04029009605829531,1.0,24.096103616850385,316242,8
2018-07-01,2018,7,California Coast,Aqua,Night,MODIS_Aqua_L3_SST_Thermal_4km_Night_Monthly,modis_sst_images/california_coast_aqua_night_2018_07_01.png,0.1284477859735489,0.10353259263294083,0.024915193340608058,1.0,54.17249068406639,334105,7
2018-08-01,2018,8,California Coast,Aqua,Night,MODIS_Aqua_L3_SST_Thermal_4km_Night_Monthly,modis_sst_images/california_coast_aqua_night_2018_08_01.png,0.3689662516117096,0.2999046434249197,0.06906160818678991,1.0,65.10468772331,335856,6
2018-09-01,2018,9,California Coast,Aqua,Night,MODIS_Aqua_L3_SST_Thermal_4km_Night_Monthly,modis_sst_images/california_coast_aqua_night_2018_09_01.png,0.26841309666633606,0.3506255969405174,-0.08221250027418137,1.0,60.87952737729165,350893,10
2018-10-01,2018,10,California Coast,Aqua,Night,MODIS_Aqua_L3_SST_Thermal_4km_Night_Monthly,modis_sst_images/california_coast_aqua_night_2018_10_01.png,0.19408893585205078,0.22223862979028905,-0.028149693938238268,1.0,56.00376786159838,356701,8
2018-11-01,2018,11,California Coast,Aqua,Night,MODIS_Aqua_L3_SST_Thermal_4km_Night_Monthly,modis_sst_images/california_coast_aqua_night_2018_11_01.png,0.02491498552262783,0.015211803173380238,0.009703182349247592,1.0,46.309164403816204,355746,8
2018-12-01,2018,12,California Coast,Aqua,Night,MODIS_Aqua_L3_SST_Thermal_4km_Night_Monthly,modis_sst_images/california_coast_aqua_night_2018_12_01.png,-0.2168089747428894,-0.23809027643157885,0.02128130168868944,1.0,29.523782774165465,356035,6
2019-01-01,2019,1,California Coast,Aqua,Night,MODIS_Aqua_L3_SST_Thermal_4km_Night_Monthly,modis_sst_images/california_coast_aqua_night_2019_01_01.png,-0.3796471655368805,-0.4091369246061032,0.029489759069222687,0.929411768913269,13.824689966178127,354800,4
2019-02-01,2019,2,California Coast,Aqua,Night,MODIS_Aqua_L3_SST_Thermal_4km_Night_Monthly,modis_sst_images/california_coast_aqua_night_2019_02_01.png,-0.44783368706703186,-0.4485717160361154,0.0007380289690835373,0.6901960968971252,6.740814752489133,342288,6
2019-03-01,2019,3,California Coast,Aqua,Night,MODIS_Aqua_L3_SST_Thermal_4km_Night_Monthly,modis_sst_images/california_coast_aqua_night_2019_03_01.png,-0.42226243019104004,-0.44742937066725325,0.025166940476213207,0.929411768913269,8.590575798785874,356635,6
2019-04-01,2019,4,California Coast,Aqua,Night,MODIS_Aqua_L3_SST_Thermal_4km_Night_Monthly,modis_sst_images/california_coast_aqua_night_2019_04_01.png,-0.32927441596984863,-0.4008171835115978,0.07154276754174915,1.0,18.304844140455437,340948,4
2019-05-01,2019,5,California Coast,Aqua,Night,MODIS_Aqua_L3_SST_Thermal_4km_Night_Monthly,modis_sst_images/california_coast_aqua_night_2019_05_01.png,-0.2754708230495453,-0.33232500510556356,0.056854182056018276,1.0,23.717755667825326,355295,4
2019-06-01,2019,6,California Coast,Aqua,Night,MODIS_Aqua_L3_SST_Thermal_4km_Night_Monthly,modis_sst_images/california_coast_aqua_night_2019_06_01.png,-0.2660497725009918,-0.22263713811452573,-0.04341263438646609,1.0,25.181528892746073,276540,9
2019-07-01,2019,7,California Coast,Aqua,Night,MODIS_Aqua_L3_SST_Thermal_4km_Night_Monthly,modis_sst_images/california_coast_aqua_night_2019_07_01.png,0.14083288609981537,0.10353259263294083,0.03730029346687454,1.0,56.03042823947955,339553,6
2019-08-01,2019,8,California Coast,Aqua,Night,MODIS_Aqua_L3_SST_Thermal_4km_Night_Monthly,modis_sst_images/california_coast_aqua_night_2019_08_01.png,0.5103204846382141,0.2999046434249197,0.21041584121329443,1.0,81.27117744438993,348543,2
2019-09-01,2019,9,California Coast,Aqua,Night,MODIS_Aqua_L3_SST_Thermal_4km_Night_Monthly,modis_sst_images/california_coast_aqua_night_2019_09_01.png,0.5860975980758667,0.3506255969405174,0.23547200113534927,1.0,81.54182396185178,357343,1
2019-10-01,2019,10,California Coast,Aqua,Night,MODIS_Aqua_L3_SST_Thermal_4km_Night_Monthly,modis_sst_images/california_coast_aqua_night_2019_10_01.png,0.26580020785331726,0.22223862979028905,0.04356157806302821,1.0,63.56464798014498,356585,6
2019-11-01,2019,11,California Coast,Aqua,Night,MODIS_Aqua_L3_SST_Thermal_4km_Night_Monthly,modis_sst_images/california_coast_aqua_night_2019_11_01.png,0.03247528895735741,0.015211803173380238,0.01726348578397717,1.0,48.19370255833568,355700,7
2019-12-01,2019,12,California Coast,Aqua,Night,MODIS_Aqua_L3_SST_Thermal_4km_Night_Monthly,modis_sst_images/california_coast_aqua_night_2019_12_01.png,-0.2097504436969757,-0.23809027643157885,0.028339832734603138,1.0,29.286643788452405,355797,5
2020-01-01,2020,1,California Coast,Aqua,Night,MODIS_Aqua_L3_SST_Thermal_4km_Night_Monthly,modis_sst_images/california_coast_aqua_night_2020_01_01.png,-0.40854451060295105,-0.4091369246061032,0.0005924140031521308,0.7333333492279053,10.056106185735086,355754,7
2020-02-01,2020,2,California Coast,Aqua,Night,MODIS_Aqua_L3_SST_Thermal_4km_Night_Monthly,modis_sst_images/california_coast_aqua_night_2020_02_01.png,-0.4762779474258423,-0.4485717160361154,-0.027706231389726887,0.6470588445663452,2.7790642516511306,356271,9
2020-03-01,2020,3,California Coast,Aqua,Night,MODIS_Aqua_L3_SST_Thermal_4km_Night_Monthly,modis_sst_images/california_coast_aqua_night_2020_03_01.png,-0.48926544189453125,-0.44742937066725325,-0.041836071227278004,0.772549033164978,2.819451266577784,356275,8
2020-04-01,2020,4,California Coast,Aqua,Night,MODIS_Aqua_L3_SST_Thermal_4km_Night_Monthly,modis_sst_images/california_coast_aqua_night_2020_04_01.png,-0.4652492105960846,-0.4008171835115978,-0.06443202708448681,1.0,6.593911577475431,354706,11
2020-05-01,2020,5,California Coast,Aqua,Night,MODIS_Aqua_L3_SST_Thermal_4km_Night_Monthly,modis_sst_images/california_coast_aqua_night_2020_05_01.png,-0.2843049466609955,-0.33232500510556356,0.04802005844456808,1.0,20.83078494195279,356434,6
2020-06-01,2020,6,California Coast,Aqua,Night,MODIS_Aqua_L3_SST_Thermal_4km_Night_Monthly,modis_sst_images/california_coast_aqua_night_2020_06_01.png,-0.1451708972454071,-0.22263713811452573,0.07746624086911863,1.0,36.830473591579576,348866,3
2020-07-01,2020,7,California Coast,Aqua,Night,MODIS_Aqua_L3_SST_Thermal_4km_Night_Monthly,modis_sst_images/california_coast_aqua_night_2020_07_01.png,0.12220997363328934,0.10353259263294083,0.018677381000348506,1.0,52.199507083458926,281995,8
2020-08-01,2020,8,California Coast,Aqua,Night,MODIS_Aqua_L3_SST_Thermal_4km_Night_Monthly,modis_sst_images/california_coast_aqua_night_2020_08_01.png,0.29022499918937683,0.2999046434249197,-0.00967964423554285,1.0,64.13381068718162,307808,9
2020-09-01,2020,9,California Coast,Aqua,Night,MODIS_Aqua_L3_SST_Thermal_4km_Night_Monthly,modis_sst_images/california_coast_aqua_night_2020_09_01.png,0.5358365774154663,0.3506255969405174,0.18521098047494888,1.0,77.47385816451549,350970,4
2020-10-01,2020,10,California Coast,Aqua,Night,MODIS_Aqua_L3_SST_Thermal_4km_Night_Monthly,modis_sst_images/california_coast_aqua_night_2020_10_01.png,0.4279232919216156,0.22223862979028905,0.20568466213132655,1.0,69.24146415450471,356028,3
2020-11-01,2020,11,California Coast,Aqua,Night,MODIS_Aqua_L3_SST_Thermal_4km_Night_Monthly,modis_sst_images/california_coast_aqua_night_2020_11_01.png,0.0754845067858696,0.015211803173380238,0.06027270361248936,1.0,49.87124656353287,356107,4
2020-12-01,2020,12,California Coast,Aqua,Night,MODIS_Aqua_L3_SST_Thermal_4km_Night_Monthly,modis_sst_images/california_coast_aqua_night_2020_12_01.png,-0.22561559081077576,-0.23809027643157885,0.012474685620803089,0.9960784316062927,27.90241655008119,355962,7
2021-01-01,2021,1,California Coast,Aqua,Night,MODIS_Aqua_L3_SST_Thermal_4km_Night_Monthly,modis_sst_images/california_coast_aqua_night_2021_01_01.png,-0.4364676773548126,-0.4091369246061032,-0.02733075274870944,0.7333333492279053,9.836470225239124,356510,9
2021-02-01,2021,2,California Coast,Aqua,Night,MODIS_Aqua_L3_SST_Thermal_4km_Night_Monthly,modis_sst_images/california_coast_aqua_night_2021_02_01.png,-0.494881808757782,-0.4485717160361154,-0.046310092721666585,0.47058823704719543,3.0991845878388062,355771,10
2021-03-01,2021,3,California Coast,Aqua,Night,MODIS_Aqua_L3_SST_Thermal_4km_Night_Monthly,modis_sst_images/california_coast_aqua_night_2021_03_01.png,-0.525219738483429,-0.44742937066725325,-0.07779036781617571,0.47058823704719543,0.8173826860158014,355158,13
2021-04-01,2021,4,California Coast,Aqua,Night,MODIS_Aqua_L3_SST_Thermal_4km_Night_Monthly,modis_sst_images/california_coast_aqua_night_2021_04_01.png,-0.4704383611679077,-0.4008171835115978,-0.06962117765630993,1.0,5.478533032042555,356245,12
2021-05-01,2021,5,California Coast,Aqua,Night,MODIS_Aqua_L3_SST_Thermal_4km_Night_Monthly,modis_sst_images/california_coast_aqua_night_2021_05_01.png,-0.45216408371925354,-0.33232500510556356,-0.11983907861368998,1.0,7.146975406064912,343418,14
2021-06-01,2021,6,California Coast,Aqua,Night,MODIS_Aqua_L3_SST_Thermal_4km_Night_Monthly,modis_sst_images/california_coast_aqua_night_2021_06_01.png,-0.33225545287132263,-0.22263713811452573,-0.1096183147567969,1.0,15.668299711815562,347000,11
2021-07-01,2021,7,California Coast,Aqua,Night,MODIS_Aqua_L3_SST_Thermal_4km_Night_Monthly,modis_sst_images/california_coast_aqua_night_2021_07_01.png,0.04174476116895676,0.10353259263294083,-0.061787831463984075,1.0,51.326227338795405,276574,11
2021-08-01,2021,8,California Coast,Aqua,Night,MODIS_Aqua_L3_SST_Thermal_4km_Night_Monthly,modis_sst_images/california_coast_aqua_night_2021_08_01.png,0.24708740413188934,0.2999046434249197,-0.05281723929303034,1.0,59.591967693071844,324141,10
2021-09-01,2021,9,California Coast,Aqua,Night,MODIS_Aqua_L3_SST_Thermal_4km_Night_Monthly,modis_sst_images/california_coast_aqua_night_2021_09_01.png,0.24890969693660736,0.3506255969405174,-0.10171590000391006,1.0,59.261604389329705,353767,11
2021-10-01,2021,10,California Coast,Aqua,Night,MODIS_Aqua_L3_SST_Thermal_4km_Night_Monthly,modis_sst_images/california_coast_aqua_night_2021_10_01.png,0.035172853618860245,0.22223862979028905,-0.1870657761714288,1.0,45.65489979982457,355688,13
2021-11-01,2021,11,California Coast,Aqua,Night,MODIS_Aqua_L3_SST_Thermal_4km_Night_Monthly,modis_sst_images/california_coast_aqua_night_2021_11_01.png,-0.08764319121837616,0.015211803173380238,-0.1028549943917564,1.0,37.671642797535256,355899,11
2021-12-01,2021,12,California Coast,Aqua,Night,MODIS_Aqua_L3_SST_Thermal_4km_Night_Monthly,modis_sst_images/california_coast_aqua_night_2021_12_01.png,-0.3104330599308014,-0.23809027643157885,-0.07234278349922255,1.0,20.37422156201794,350060,10
2022-01-01,2022,1,California Coast,Aqua,Night,MODIS_Aqua_L3_SST_Thermal_4km_Night_Monthly,modis_sst_images/california_coast_aqua_night_2022_01_01.png,-0.46695876121520996,-0.4091369246061032,-0.05782183660910678,0.9529411792755127,4.902492027206277,354330,10
2022-02-01,2022,2,California Coast,Aqua,Night,MODIS_Aqua_L3_SST_Thermal_4km_Night_Monthly,modis_sst_images/california_coast_aqua_night_2022_02_01.png,-0.4644378125667572,-0.4485717160361154,-0.015866096530641804,0.47058823704719543,4.416460891381764,353541,8
2022-03-01,2022,3,California Coast,Aqua,Night,MODIS_Aqua_L3_SST_Thermal_4km_Night_Monthly,modis_sst_images/california_coast_aqua_night_2022_03_01.png,-0.5193713307380676,-0.44742937066725325,-0.07194196007081438,0.929411768913269,1.1577241071252988,355957,11
2022-04-01,2022,4,California Coast,Aqua,Night,MODIS_Aqua_L3_SST_Thermal_4km_Night_Monthly,modis_sst_images/california_coast_aqua_night_2022_04_01.png,-0.42519330978393555,-0.4008171835115978,-0.02437612627233776,1.0,6.096040091074473,349604,7
2022-05-01,2022,5,California Coast,Aqua,Night,MODIS_Aqua_L3_SST_Thermal_4km_Night_Monthly,modis_sst_images/california_coast_aqua_night_2022_05_01.png,-0.4199419319629669,-0.33232500510556356,-0.08761692685740335,1.0,6.998907857676611,347940,11
2022-06-01,2022,6,California Coast,Aqua,Night,MODIS_Aqua_L3_SST_Thermal_4km_Night_Monthly,modis_sst_images/california_coast_aqua_night_2022_06_01.png,-0.1698557585477829,-0.22263713811452573,0.052781379566742836,1.0,33.07329130994175,355199,4
2022-07-01,2022,7,California Coast,Aqua,Night,MODIS_Aqua_L3_SST_Thermal_4km_Night_Monthly,modis_sst_images/california_coast_aqua_night_2022_07_01.png,0.06167547032237053,0.10353259263294083,-0.0418571223105703,1.0,50.00732271702092,307263,10
2022-08-01,2022,8,California Coast,Aqua,Night,MODIS_Aqua_L3_SST_Thermal_4km_Night_Monthly,modis_sst_images/california_coast_aqua_night_2022_08_01.png,0.39956364035606384,0.2999046434249197,0.09965899693114416,1.0,73.19075357512365,352785,5
2022-09-01,2022,9,California Coast,Aqua,Night,MODIS_Aqua_L3_SST_Thermal_4km_Night_Monthly,modis_sst_images/california_coast_aqua_night_2022_09_01.png,0.5184119343757629,0.3506255969405174,0.16778633743524551,1.0,79.78652491009511,357044,5
2022-10-01,2022,10,California Coast,Aqua,Night,MODIS_Aqua_L3_SST_Thermal_4km_Night_Monthly,modis_sst_images/california_coast_aqua_night_2022_10_01.png,0.3009955585002899,0.22223862979028905,0.07875692871000087,1.0,61.93784775592851,352618,4
2022-11-01,2022,11,California Coast,Aqua,Night,MODIS_Aqua_L3_SST_Thermal_4km_Night_Monthly,modis_sst_images/california_coast_aqua_night_2022_11_01.png,-0.031779635697603226,0.015211803173380238,-0.04699143887098346,1.0,43.33668629742852,355904,9
2023-02-01,2023,2,California Coast,Aqua,Night,MODIS_Aqua_L3_SST_Thermal_4km_Night_Monthly,modis_sst_images/california_coast_aqua_night_2023_02_01.png,-0.4992932975292206,-0.4485717160361154,-0.05072158149310518,0.5137255191802979,1.8198866900194857,355132,11
2023-03-01,2023,3,California Coast,Aqua,Night,MODIS_Aqua_L3_SST_Thermal_4km_Night_Monthly,modis_sst_images/california_coast_aqua_night_2023_03_01.png,-0.4901580214500427,-0.44742937066725325,-0.04272865078278948,0.6901960968971252,1.8593868682390744,354149,9
2023-04-01,2023,4,California Coast,Aqua,Night,MODIS_Aqua_L3_SST_Thermal_4km_Night_Monthly,modis_sst_images/california_coast_aqua_night_2023_04_01.png,-0.4953608214855194,-0.4008171835115978,-0.09454363797392162,1.0,2.9844255309212753,342612,14
2023-05-01,2023,5,California Coast,Aqua,Night,MODIS_Aqua_L3_SST_Thermal_4km_Night_Monthly,modis_sst_images/california_coast_aqua_night_2023_05_01.png,-0.4297858476638794,-0.33232500510556356,-0.09746084255831583,1.0,9.09389569430478,350048,13
2023-07-01,2023,7,California Coast,Aqua,Night,MODIS_Aqua_L3_SST_Thermal_4km_Night_Monthly,modis_sst_images/california_coast_aqua_night_2023_07_01.png,0.06659428030252457,0.10353259263294083,-0.036938312330416265,1.0,49.058592702722464,328232,9
2023-08-01,2023,8,California Coast,Aqua,Night,MODIS_Aqua_L3_SST_Thermal_4km_Night_Monthly,modis_sst_images/california_coast_aqua_night_2023_08_01.png,0.43037524819374084,0.2999046434249197,0.13047060476882116,1.0,77.79829119757534,353698,4
2023-09-01,2023,9,California Coast,Aqua,Night,MODIS_Aqua_L3_SST_Thermal_4km_Night_Monthly,modis_sst_images/california_coast_aqua_night_2023_09_01.png,0.49715757369995117,0.3506255969405174,0.14653197675943375,1.0,78.58731255402053,357503,6
2023-10-01,2023,10,California Coast,Aqua,Night,MODIS_Aqua_L3_SST_Thermal_4km_Night_Monthly,modis_sst_images/california_coast_aqua_night_2023_10_01.png,0.29029884934425354,0.22223862979028905,0.06806021955396449,1.0,64.09466892468754,357245,5
2023-11-01,2023,11,California Coast,Aqua,Night,MODIS_Aqua_L3_SST_Thermal_4km_Night_Monthly,modis_sst_images/california_coast_aqua_night_2023_11_01.png,0.16496333479881287,0.015211803173380238,0.14975153162543262,1.0,56.31207542093581,356824,3
2023-12-01,2023,12,California Coast,Aqua,Night,MODIS_Aqua_L3_SST_Thermal_4km_Night_Monthly,modis_sst_images/california_coast_aqua_night_2023_12_01.png,-0.14174777269363403,-0.23809027643157885,0.09634250373794481,1.0,37.03820962858895,353759,3
2010-01-01,2010,1,California Coast,Terra,Day,MODIS_Terra_L3_SST_Thermal_4km_Day_Monthly,modis_sst_images/california_coast_terra_day_2010_01_01.png,-0.35924774408340454,-0.38516764228160566,0.02591989819820112,1.0,14.967231504989076,355677,5
2010-02-01,2010,2,California Coast,Terra,Day,MODIS_Terra_L3_SST_Thermal_4km_Day_Monthly,modis_sst_images/california_coast_terra_day_2010_02_01.png,-0.44157278537750244,-0.4260466545820236,-0.01552613079547882,1.0,7.000867702105793,356113,7
2010-03-01,2010,3,California Coast,Terra,Day,MODIS_Terra_L3_SST_Thermal_4km_Day_Monthly,modis_sst_images/california_coast_terra_day_2010_03_01.png,-0.4520259201526642,-0.4135588865195002,-0.038467033633164005,1.0,4.180957597719069,355995,7
2010-04-01,2010,4,California Coast,Terra,Day,MODIS_Terra_L3_SST_Thermal_4km_Day_Monthly,modis_sst_images/california_coast_terra_day_2010_04_01.png,-0.42055174708366394,-0.3640623262950352,-0.05648942078862873,1.0,6.7450542194682175,354393,8
2010-05-01,2010,5,California Coast,Terra,Day,MODIS_Terra_L3_SST_Thermal_4km_Day_Monthly,modis_sst_images/california_coast_terra_day_2010_05_01.png,-0.3846191167831421,-0.285959963287626,-0.09865915349551607,1.0,9.623674771726956,353524,11
2010-06-01,2010,6,California Coast,Terra,Day,MODIS_Terra_L3_SST_Thermal_4km_Day_Monthly,modis_sst_images/california_coast_terra_day_2010_06_01.png,-0.3275641202926636,-0.18348308323094478,-0.1440810370617188,1.0,15.91619691723913,309917,12
2010-07-01,2010,7,California Coast,Terra,Day,MODIS_Terra_L3_SST_Thermal_4km_Day_Monthly,modis_sst_images/california_coast_terra_day_2010_07_01.png,-0.002617311431095004,0.12451336767324912,-0.1271306791043441,1.0,44.58556555753975,329268,12
2010-08-01,2010,8,California Coast,Terra,Day,MODIS_Terra_L3_SST_Thermal_4km_Day_Monthly,modis_sst_images/california_coast_terra_day_2010_08_01.png,-0.008635042235255241,0.34627392661890816,-0.3549089688541634,1.0,48.76503829303469,330739,14
2010-09-01,2010,9,California Coast,Terra,Day,MODIS_Terra_L3_SST_Thermal_4km_Day_Monthly,modis_sst_images/california_coast_terra_day_2010_09_01.png,-0.0034688070882111788,0.3806392456440685,-0.38410805273227966,1.0,46.6912623571978,351010,13
2010-10-01,2010,10,California Coast,Terra,Day,MODIS_Terra_L3_SST_Thermal_4km_Day_Monthly,modis_sst_images/california_coast_terra_day_2010_10_01.png,4.686523425334599e-06,0.26137334968867576,-0.2613686631652504,1.0,43.43347134195397,356741,13
2010-11-01,2010,11,California Coast,Terra,Day,MODIS_Terra_L3_SST_Thermal_4km_Day_Monthly,modis_sst_images/california_coast_terra_day_2010_11_01.png,-0.150527685880661,0.051222981311953984,-0.201750667192615,1.0,34.061265432965996,355894,12
2010-12-01,2010,12,California Coast,Terra,Day,MODIS_Terra_L3_SST_Thermal_4km_Day_Monthly,modis_sst_images/california_coast_terra_day_2010_12_01.png,-0.3887655436992645,-0.21521515198625052,-0.173550391713014,1.0,13.166795162551983,355394,12
2011-01-01,2011,1,California Coast,Terra,Day,MODIS_Terra_L3_SST_Thermal_4km_Day_Monthly,modis_sst_images/california_coast_terra_day_2011_01_01.png,-0.49626755714416504,-0.38516764228160566,-0.11109991486255938,0.8156862854957581,3.5035624458482997,356637,12
2011-02-01,2011,2,California Coast,Terra,Day,MODIS_Terra_L3_SST_Thermal_4km_Day_Monthly,modis_sst_images/california_coast_terra_day_2011_02_01.png,-0.5300166606903076,-0.4260466545820236,-0.103970006108284,0.5568627715110779,1.7744735812793881,355373,13
2011-03-01,2011,3,California Coast,Terra,Day,MODIS_Terra_L3_SST_Thermal_4km_Day_Monthly,modis_sst_images/california_coast_terra_day_2011_03_01.png,-0.4879764914512634,-0.4135588865195002,-0.07441760493176325,1.0,2.154805066224886,355531,12
2011-04-01,2011,4,California Coast,Terra,Day,MODIS_Terra_L3_SST_Thermal_4km_Day_Monthly,modis_sst_images/california_coast_terra_day_2011_04_01.png,-0.42699453234672546,-0.3640623262950352,-0.06293220605169025,1.0,8.689743654672373,355419,9
2011-05-01,2011,5,California Coast,Terra,Day,MODIS_Terra_L3_SST_Thermal_4km_Day_Monthly,modis_sst_images/california_coast_terra_day_2011_05_01.png,-0.3890693187713623,-0.285959963287626,-0.10310935548373629,1.0,10.164708690685263,351894,12
2011-06-01,2011,6,California Coast,Terra,Day,MODIS_Terra_L3_SST_Thermal_4km_Day_Monthly,modis_sst_images/california_coast_terra_day_2011_06_01.png,-0.3695831894874573,-0.18348308323094478,-0.1861001062565125,1.0,12.820252884579938,325524,13
2011-07-01,2011,7,California Coast,Terra,Day,MODIS_Terra_L3_SST_Thermal_4km_Day_Monthly,modis_sst_images/california_coast_terra_day_2011_07_01.png,-0.15948744118213654,0.12451336767324912,-0.28400080885538564,1.0,39.20921746519707,320088,14
2011-08-01,2011,8,California Coast,Terra,Day,MODIS_Terra_L3_SST_Thermal_4km_Day_Monthly,modis_sst_images/california_coast_terra_day_2011_08_01.png,0.06025564670562744,0.34627392661890816,-0.2860182799132807,1.0,48.14440241395238,331241,12
2011-09-01,2011,9,California Coast,Terra,Day,MODIS_Terra_L3_SST_Thermal_4km_Day_Monthly,modis_sst_images/california_coast_terra_day_2011_09_01.png,0.17306701838970184,0.3806392456440685,-0.20757222725436664,1.0,55.00887049083383,346655,11
2011-10-01,2011,10,California Coast,Terra,Day,MODIS_Terra_L3_SST_Thermal_4km_Day_Monthly,modis_sst_images/california_coast_terra_day_2011_10_01.png,0.12571477890014648,0.26137334968867576,-0.13565857078852928,1.0,53.76307644908762,357035,10
2011-11-01,2011,11,California Coast,Terra,Day,MODIS_Terra_L3_SST_Thermal_4km_Day_Monthly,modis_sst_images/california_coast_terra_day_2011_11_01.png,-0.16755692660808563,0.051222981311953984,-0.21877990792003962,1.0,31.646240103682416,354930,13
2011-12-01,2011,12,California Coast,Terra,Day,MODIS_Terra_L3_SST_Thermal_4km_Day_Monthly,modis_sst_images/california_coast_terra_day_2011_12_01.png,-0.4365558624267578,-0.21521515198625052,-0.2213407104405073,0.8980392217636108,6.349134886757253,355387,13
2012-01-01,2012,1,California Coast,Terra,Day,MODIS_Terra_L3_SST_Thermal_4km_Day_Monthly,modis_sst_images/california_coast_terra_day_2012_01_01.png,-0.5232933759689331,-0.38516764228160566,-0.13812573368732745,0.47058823704719543,1.2928447632776,356578,13
2012-02-01,2012,2,California Coast,Terra,Day,MODIS_Terra_L3_SST_Thermal_4km_Day_Monthly,modis_sst_images/california_coast_terra_day_2012_02_01.png,-0.5355469584465027,-0.4260466545820236,-0.10950030386447906,0.4274509847164154,0.9256868995241089,356384,14
2012-03-01,2012,3,California Coast,Terra,Day,MODIS_Terra_L3_SST_Thermal_4km_Day_Monthly,modis_sst_images/california_coast_terra_day_2012_03_01.png,-0.5068807005882263,-0.4135588865195002,-0.09332181406872614,0.9529411792755127,1.4106812750800306,354864,13
2012-04-01,2012,4,California Coast,Terra,Day,MODIS_Terra_L3_SST_Thermal_4km_Day_Monthly,modis_sst_images/california_coast_terra_day_2012_04_01.png,-0.4605809152126312,-0.3640623262950352,-0.09651858891759602,1.0,5.8741040822686195,352990,14
2012-05-01,2012,5,California Coast,Terra,Day,MODIS_Terra_L3_SST_Thermal_4km_Day_Monthly,modis_sst_images/california_coast_terra_day_2012_05_01.png,-0.35401415824890137,-0.285959963287626,-0.06805419496127535,1.0,14.242002386499234,351980,9
2012-06-01,2012,6,California Coast,Terra,Day,MODIS_Terra_L3_SST_Thermal_4km_Day_Monthly,modis_sst_images/california_coast_terra_day_2012_06_01.png,-0.2553812861442566,-0.18348308323094478,-0.07189820291331181,1.0,25.746658505686593,351265,9
2012-07-01,2012,7,California Coast,Terra,Day,MODIS_Terra_L3_SST_Thermal_4km_Day_Monthly,modis_sst_images/california_coast_terra_day_2012_07_01.png,-0.10213480144739151,0.12451336767324912,-0.22664816912064062,1.0,41.00262338088211,219564,13
2012-08-01,2012,8,California Coast,Terra,Day,MODIS_Terra_L3_SST_Thermal_4km_Day_Monthly,modis_sst_images/california_coast_terra_day_2012_08_01.png,0.053530748933553696,0.34627392661890816,-0.29274317768535446,1.0,45.96961645717727,318791,13
2012-09-01,2012,9,California Coast,Terra,Day,MODIS_Terra_L3_SST_Thermal_4km_Day_Monthly,modis_sst_images/california_coast_terra_day_2012_09_01.png,0.07537151128053665,0.3806392456440685,-0.30526773436353183,1.0,48.66408856667445,346767,12
2012-10-01,2012,10,California Coast,Terra,Day,MODIS_Terra_L3_SST_Thermal_4km_Day_Monthly,modis_sst_images/california_coast_terra_day_2012_10_01.png,0.12309978157281876,0.26137334968867576,-0.138273568115857,1.0,52.38897044815259,356932,11
2012-11-01,2012,11,California Coast,Terra,Day,MODIS_Terra_L3_SST_Thermal_4km_Day_Monthly,modis_sst_images/california_coast_terra_day_2012_11_01.png,-0.02474169246852398,0.051222981311953984,-0.07596467378047797,1.0,40.965746934381464,356698,9
2012-12-01,2012,12,California Coast,Terra,Day,MODIS_Terra_L3_SST_Thermal_4km_Day_Monthly,modis_sst_images/california_coast_terra_day_2012_12_01.png,-0.254258930683136,-0.21521515198625052,-0.03904377869688547,1.0,23.95779179722078,355855,8
2013-01-01,2013,1,California Coast,Terra,Day,MODIS_Terra_L3_SST_Thermal_4km_Day_Monthly,modis_sst_images/california_coast_terra_day_2013_01_01.png,-0.47425517439842224,-0.38516764228160566,-0.08908753211681658,0.8156862854957581,2.504253569054299,354996,11
2013-02-01,2013,2,California Coast,Terra,Day,MODIS_Terra_L3_SST_Thermal_4km_Day_Monthly,modis_sst_images/california_coast_terra_day_2013_02_01.png,-0.529476523399353,-0.4260466545820236,-0.1034298688173294,0.5568627715110779,0.9264386056042971,350374,12
2013-03-01,2013,3,California Coast,Terra,Day,MODIS_Terra_L3_SST_Thermal_4km_Day_Monthly,modis_sst_images/california_coast_terra_day_2013_03_01.png,-0.4850805997848511,-0.4135588865195002,-0.0715217132653509,1.0,1.8271433959927263,355254,10
2013-04-01,2013,4,California Coast,Terra,Day,MODIS_Terra_L3_SST_Thermal_4km_Day_Monthly,modis_sst_images/california_coast_terra_day_2013_04_01.png,-0.4114847183227539,-0.3640623262950352,-0.047422392027718696,1.0,6.7555187970788495,348219,7
2013-05-01,2013,5,California Coast,Terra,Day,MODIS_Terra_L3_SST_Thermal_4km_Day_Monthly,modis_sst_images/california_coast_terra_day_2013_05_01.png,-0.3043857514858246,-0.285959963287626,-0.018425788198198567,1.0,18.35302212909721,354601,8
2013-06-01,2013,6,California Coast,Terra,Day,MODIS_Terra_L3_SST_Thermal_4km_Day_Monthly,modis_sst_images/california_coast_terra_day_2013_06_01.png,-0.20686429738998413,-0.18348308323094478,-0.02338121415903935,1.0,29.728760130326876,340068,7
2013-07-01,2013,7,California Coast,Terra,Day,MODIS_Terra_L3_SST_Thermal_4km_Day_Monthly,modis_sst_images/california_coast_terra_day_2013_07_01.png,0.11368870735168457,0.12451336767324912,-0.010824660321564553,1.0,54.65759604094386,301486,8
2013-08-01,2013,8,California Coast,Terra,Day,MODIS_Terra_L3_SST_Thermal_4km_Day_Monthly,modis_sst_images/california_coast_terra_day_2013_08_01.png,0.2860795855522156,0.34627392661890816,-0.06019434106669258,1.0,63.439390335333634,332117,11
2013-09-01,2013,9,California Coast,Terra,Day,MODIS_Terra_L3_SST_Thermal_4km_Day_Monthly,modis_sst_images/california_coast_terra_day_2013_09_01.png,0.48729407787323,0.3806392456440685,0.1066548322291615,1.0,76.66942461680854,356545,6
2013-10-01,2013,10,California Coast,Terra,Day,MODIS_Terra_L3_SST_Thermal_4km_Day_Monthly,modis_sst_images/california_coast_terra_day_2013_10_01.png,0.18010103702545166,0.26137334968867576,-0.0812723126632241,1.0,57.25107557340543,356554,9
2013-11-01,2013,11,California Coast,Terra,Day,MODIS_Terra_L3_SST_Thermal_4km_Day_Monthly,modis_sst_images/california_coast_terra_day_2013_11_01.png,-0.054455842822790146,0.051222981311953984,-0.10567882413474414,1.0,41.50612861543463,356769,11
2013-12-01,2013,12,California Coast,Terra,Day,MODIS_Terra_L3_SST_Thermal_4km_Day_Monthly,modis_sst_images/california_coast_terra_day_2013_12_01.png,-0.3037131428718567,-0.21521515198625052,-0.08849799088560617,1.0,19.746513646663587,354812,11
2014-01-01,2014,1,California Coast,Terra,Day,MODIS_Terra_L3_SST_Thermal_4km_Day_Monthly,modis_sst_images/california_coast_terra_day_2014_01_01.png,-0.383270263671875,-0.38516764228160566,0.00189737860973066,0.929411768913269,12.515391109478118,356537,6
2014-02-01,2014,2,California Coast,Terra,Day,MODIS_Terra_L3_SST_Thermal_4km_Day_Monthly,modis_sst_images/california_coast_terra_day_2014_02_01.png,-0.3986310362815857,-0.4260466545820236,0.027415618300437927,1.0,10.089570707425791,355585,4
2014-03-01,2014,3,California Coast,Terra,Day,MODIS_Terra_L3_SST_Thermal_4km_Day_Monthly,modis_sst_images/california_coast_terra_day_2014_03_01.png,-0.3280700147151947,-0.4135588865195002,0.08548887180430548,1.0,18.13998798434596,356202,3
2014-04-01,2014,4,California Coast,Terra,Day,MODIS_Terra_L3_SST_Thermal_4km_Day_Monthly,modis_sst_images/california_coast_terra_day_2014_04_01.png,-0.346637099981308,-0.3640623262950352,0.017425226313727227,1.0,15.480519188121264,355324,6
2014-05-01,2014,5,California Coast,Terra,Day,MODIS_Terra_L3_SST_Thermal_4km_Day_Monthly,modis_sst_images/california_coast_terra_day_2014_05_01.png,-0.1246676966547966,-0.285959963287626,0.16129226663282942,1.0,36.5160278128453,355663,2
2014-06-01,2014,6,California Coast,Terra,Day,MODIS_Terra_L3_SST_Thermal_4km_Day_Monthly,modis_sst_images/california_coast_terra_day_2014_06_01.png,-0.12890125811100006,-0.18348308323094478,0.05458182511994472,1.0,36.77771800925732,310457,4
2014-07-01,2014,7,California Coast,Terra,Day,MODIS_Terra_L3_SST_Thermal_4km_Day_Monthly,modis_sst_images/california_coast_terra_day_2014_07_01.png,0.33493655920028687,0.12451336767324912,0.21042319152703776,1.0,65.28930253420049,338884,2
2014-08-01,2014,8,California Coast,Terra,Day,MODIS_Terra_L3_SST_Thermal_4km_Day_Monthly,modis_sst_images/california_coast_terra_day_2014_08_01.png,0.5201579928398132,0.34627392661890816,0.17388406622090508,1.0,80.49328388767454,346778,3
2014-09-01,2014,9,California Coast,Terra,Day,MODIS_Terra_L3_SST_Thermal_4km_Day_Monthly,modis_sst_images/california_coast_terra_day_2014_09_01.png,0.5771993398666382,0.3806392456440685,0.1965600942225697,1.0,81.05444331694409,356738,3
2014-10-01,2014,10,California Coast,Terra,Day,MODIS_Terra_L3_SST_Thermal_4km_Day_Monthly,modis_sst_images/california_coast_terra_day_2014_10_01.png,0.5310509204864502,0.26137334968867576,0.26967757079777444,1.0,76.01967088238918,357076,1
2014-11-01,2014,11,California Coast,Terra,Day,MODIS_Terra_L3_SST_Thermal_4km_Day_Monthly,modis_sst_images/california_coast_terra_day_2014_11_01.png,0.2644316852092743,0.051222981311953984,0.2132087038973203,1.0,61.40468789380829,357090,1
2014-12-01,2014,12,California Coast,Terra,Day,MODIS_Terra_L3_SST_Thermal_4km_Day_Monthly,modis_sst_images/california_coast_terra_day_2014_12_01.png,0.05433303490281105,-0.21521515198625052,0.26954818688906157,1.0,47.78241341339378,356897,1
2015-01-01,2015,1,California Coast,Terra,Day,MODIS_Terra_L3_SST_Thermal_4km_Day_Monthly,modis_sst_images/california_coast_terra_day_2015_01_01.png,-0.17946505546569824,-0.38516764228160566,0.20570258681590742,1.0,32.350170200595564,356638,1
2015-02-01,2015,2,California Coast,Terra,Day,MODIS_Terra_L3_SST_Thermal_4km_Day_Monthly,modis_sst_images/california_coast_terra_day_2015_02_01.png,-0.18847373127937317,-0.4260466545820236,0.23757292330265045,1.0,31.50185408894582,356779,1
2015-03-01,2015,3,California Coast,Terra,Day,MODIS_Terra_L3_SST_Thermal_4km_Day_Monthly,modis_sst_images/california_coast_terra_day_2015_03_01.png,-0.17552320659160614,-0.4135588865195002,0.23803567992789404,1.0,32.79461015028526,356522,1
2015-04-01,2015,4,California Coast,Terra,Day,MODIS_Terra_L3_SST_Thermal_4km_Day_Monthly,modis_sst_images/california_coast_terra_day_2015_04_01.png,-0.19424469769001007,-0.3640623262950352,0.16981762860502514,1.0,31.203509709352197,355585,1
2015-05-01,2015,5,California Coast,Terra,Day,MODIS_Terra_L3_SST_Thermal_4km_Day_Monthly,modis_sst_images/california_coast_terra_day_2015_05_01.png,-0.0842595174908638,-0.285959963287626,0.20170044579676222,1.0,38.21944322934983,349767,1
2015-06-01,2015,6,California Coast,Terra,Day,MODIS_Terra_L3_SST_Thermal_4km_Day_Monthly,modis_sst_images/california_coast_terra_day_2015_06_01.png,0.07641791552305222,-0.18348308323094478,0.25990099875399697,1.0,50.47539625809819,352548,1
2015-07-01,2015,7,California Coast,Terra,Day,MODIS_Terra_L3_SST_Thermal_4km_Day_Monthly,modis_sst_images/california_coast_terra_day_2015_07_01.png,0.4699142873287201,0.12451336767324912,0.345400919655471,1.0,70.63341360779464,353371,1
2015-08-01,2015,8,California Coast,Terra,Day,MODIS_Terra_L3_SST_Thermal_4km_Day_Monthly,modis_sst_images/california_coast_terra_day_2015_08_01.png,0.6325512528419495,0.34627392661890816,0.2862773262230413,1.0,83.26580693345912,356157,1
2015-09-01,2015,9,California Coast,Terra,Day,MODIS_Terra_L3_SST_Thermal_4km_Day_Monthly,modis_sst_images/california_coast_terra_day_2015_09_01.png,0.5825658440589905,0.3806392456440685,0.201926598414922,1.0,80.10550937300171,356556,2
2015-10-01,2015,10,California Coast,Terra,Day,MODIS_Terra_L3_SST_Thermal_4km_Day_Monthly,modis_sst_images/california_coast_terra_day_2015_10_01.png,0.507403552532196,0.26137334968867576,0.24603020284352028,1.0,73.99903629578995,356956,2
2015-11-01,2015,11,California Coast,Terra,Day,MODIS_Terra_L3_SST_Thermal_4km_Day_Monthly,modis_sst_images/california_coast_terra_day_2015_11_01.png,0.22525432705879211,0.051222981311953984,0.17403134574683812,1.0,57.179349852927565,356627,2
2015-12-01,2015,12,California Coast,Terra,Day,MODIS_Terra_L3_SST_Thermal_4km_Day_Monthly,modis_sst_images/california_coast_terra_day_2015_12_01.png,-0.06971866637468338,-0.21521515198625052,0.14549648561156714,1.0,40.59988611532647,356501,2
2016-01-01,2016,1,California Coast,Terra,Day,MODIS_Terra_L3_SST_Thermal_4km_Day_Monthly,modis_sst_images/california_coast_terra_day_2016_01_01.png,-0.3029726445674896,-0.38516764228160566,0.08219499771411604,1.0,19.415099635138926,356300,3
2016-02-01,2016,2,California Coast,Terra,Day,MODIS_Terra_L3_SST_Thermal_4km_Day_Monthly,modis_sst_images/california_coast_terra_day_2016_02_01.png,-0.3249361217021942,-0.4260466545820236,0.1011105328798294,1.0,18.368658395934414,356357,3
2016-03-01,2016,3,California Coast,Terra,Day,MODIS_Terra_L3_SST_Thermal_4km_Day_Monthly,modis_sst_images/california_coast_terra_day_2016_03_01.png,-0.2953929007053375,-0.4135588865195002,0.11816598581416266,1.0,22.102154205515642,356187,2
2016-04-01,2016,4,California Coast,Terra,Day,MODIS_Terra_L3_SST_Thermal_4km_Day_Monthly,modis_sst_images/california_coast_terra_day_2016_04_01.png,-0.21564845740795135,-0.3640623262950352,0.14841386888708386,1.0,28.665190040644696,355766,2
2016-05-01,2016,5,California Coast,Terra,Day,MODIS_Terra_L3_SST_Thermal_4km_Day_Monthly,modis_sst_images/california_coast_terra_day_2016_05_01.png,-0.2226908802986145,-0.285959963287626,0.06326908298901152,1.0,27.932202214465683,346088,5
2016-06-01,2016,6,California Coast,Terra,Day,MODIS_Terra_L3_SST_Thermal_4km_Day_Monthly,modis_sst_images/california_coast_terra_day_2016_06_01.png,-0.015738757327198982,-0.18348308323094478,0.1677443259037458,1.0,45.275153332732025,354784,2
2016-07-01,2016,7,California Coast,Terra,Day,MODIS_Terra_L3_SST_Thermal_4km_Day_Monthly,modis_sst_images/california_coast_terra_day_2016_07_01.png,0.2741989493370056,0.12451336767324912,0.1496855816637565,1.0,63.0350737345556,351260,3
2016-08-01,2016,8,California Coast,Terra,Day,MODIS_Terra_L3_SST_Thermal_4km_Day_Monthly,modis_sst_images/california_coast_terra_day_2016_08_01.png,0.34138748049736023,0.34627392661890816,-0.004886446121547927,1.0,66.49944642175781,319738,9
2016-09-01,2016,9,California Coast,Terra,Day,MODIS_Terra_L3_SST_Thermal_4km_Day_Monthly,modis_sst_images/california_coast_terra_day_2016_09_01.png,0.32424595952033997,0.3806392456440685,-0.056393286123728514,1.0,63.250578422249646,355709,8
2016-10-01,2016,10,California Coast,Terra,Day,MODIS_Terra_L3_SST_Thermal_4km_Day_Monthly,modis_sst_images/california_coast_terra_day_2016_10_01.png,0.23323015868663788,0.26137334968867576,-0.02814319100203788,1.0,59.90328679056878,356518,8
2016-11-01,2016,11,California Coast,Terra,Day,MODIS_Terra_L3_SST_Thermal_4km_Day_Monthly,modis_sst_images/california_coast_terra_day_2016_11_01.png,0.10291241109371185,0.051222981311953984,0.05168942978175787,1.0,52.601645149722074,356928,4
2016-12-01,2016,12,California Coast,Terra,Day,MODIS_Terra_L3_SST_Thermal_4km_Day_Monthly,modis_sst_images/california_coast_terra_day_2016_12_01.png,-0.2572791278362274,-0.21521515198625052,-0.0420639758499769,1.0,24.853358030928124,356310,9
2017-01-01,2017,1,California Coast,Terra,Day,MODIS_Terra_L3_SST_Thermal_4km_Day_Monthly,modis_sst_images/california_coast_terra_day_2017_01_01.png,-0.38350850343704224,-0.38516764228160566,0.0016591388445634236,0.929411768913269,12.815398704414319,355978,7
2017-02-01,2017,2,California Coast,Terra,Day,MODIS_Terra_L3_SST_Thermal_4km_Day_Monthly,modis_sst_images/california_coast_terra_day_2017_02_01.png,-0.40627267956733704,-0.4260466545820236,0.019773975014686584,0.6901960968971252,10.103392186770076,355346,5
2017-03-01,2017,3,California Coast,Terra,Day,MODIS_Terra_L3_SST_Thermal_4km_Day_Monthly,modis_sst_images/california_coast_terra_day_2017_03_01.png,-0.3744237720966339,-0.4135588865195002,0.03913511442286627,1.0,13.130272792251283,355362,5
2017-04-01,2017,4,California Coast,Terra,Day,MODIS_Terra_L3_SST_Thermal_4km_Day_Monthly,modis_sst_images/california_coast_terra_day_2017_04_01.png,-0.26937687397003174,-0.3640623262950352,0.09468545232500347,1.0,22.35009766311145,355815,3
2017-05-01,2017,5,California Coast,Terra,Day,MODIS_Terra_L3_SST_Thermal_4km_Day_Monthly,modis_sst_images/california_coast_terra_day_2017_05_01.png,-0.2673451006412506,-0.285959963287626,0.018614862646375407,1.0,22.18278538160247,342883,7
2017-06-01,2017,6,California Coast,Terra,Day,MODIS_Terra_L3_SST_Thermal_4km_Day_Monthly,modis_sst_images/california_coast_terra_day_2017_06_01.png,-0.16699904203414917,-0.18348308323094478,0.016484041196795612,1.0,33.169782074049664,327726,6
2017-07-01,2017,7,California Coast,Terra,Day,MODIS_Terra_L3_SST_Thermal_4km_Day_Monthly,modis_sst_images/california_coast_terra_day_2017_07_01.png,0.13028544187545776,0.12451336767324912,0.005772074202208641,1.0,54.16515511450739,341812,5
2017-08-01,2017,8,California Coast,Terra,Day,MODIS_Terra_L3_SST_Thermal_4km_Day_Monthly,modis_sst_images/california_coast_terra_day_2017_08_01.png,0.36669641733169556,0.34627392661890816,0.0204224907127874,1.0,64.42196631847952,317741,7
2017-09-01,2017,9,California Coast,Terra,Day,MODIS_Terra_L3_SST_Thermal_4km_Day_Monthly,modis_sst_images/california_coast_terra_day_2017_09_01.png,0.4176173508167267,0.3806392456440685,0.036978105172658204,1.0,67.96623478602277,356580,7
2017-10-01,2017,10,California Coast,Terra,Day,MODIS_Terra_L3_SST_Thermal_4km_Day_Monthly,modis_sst_images/california_coast_terra_day_2017_10_01.png,0.2698909044265747,0.26137334968867576,0.008517554737898947,1.0,62.177272459366996,356299,6
2017-11-01,2017,11,California Coast,Terra,Day,MODIS_Terra_L3_SST_Thermal_4km_Day_Monthly,modis_sst_images/california_coast_terra_day_2017_11_01.png,0.10009848326444626,0.051222981311953984,0.048875501952492274,1.0,49.68056225530339,356564,6
2017-12-01,2017,12,California Coast,Terra,Day,MODIS_Terra_L3_SST_Thermal_4km_Day_Monthly,modis_sst_images/california_coast_terra_day_2017_12_01.png,-0.11047210544347763,-0.21521515198625052,0.10474304654277289,1.0,35.7558106941439,356756,3
2018-01-01,2018,1,California Coast,Terra,Day,MODIS_Terra_L3_SST_Thermal_4km_Day_Monthly,modis_sst_images/california_coast_terra_day_2018_01_01.png,-0.2811640799045563,-0.38516764228160566,0.10400356237704939,0.9725490212440491,24.678543502132694,354247,2
2018-02-01,2018,2,California Coast,Terra,Day,MODIS_Terra_L3_SST_Thermal_4km_Day_Monthly,modis_sst_images/california_coast_terra_day_2018_02_01.png,-0.3148297369480133,-0.4260466545820236,0.11121691763401031,0.9529411792755127,21.09762986821359,355803,2
2018-03-01,2018,3,California Coast,Terra,Day,MODIS_Terra_L3_SST_Thermal_4km_Day_Monthly,modis_sst_images/california_coast_terra_day_2018_03_01.png,-0.36651095747947693,-0.4135588865195002,0.04704792904002325,1.0,13.94849542922359,353988,4
2018-04-01,2018,4,California Coast,Terra,Day,MODIS_Terra_L3_SST_Thermal_4km_Day_Monthly,modis_sst_images/california_coast_terra_day_2018_04_01.png,-0.27465659379959106,-0.3640623262950352,0.08940573249544415,1.0,21.425133757567398,355307,4
2018-05-01,2018,5,California Coast,Terra,Day,MODIS_Terra_L3_SST_Thermal_4km_Day_Monthly,modis_sst_images/california_coast_terra_day_2018_05_01.png,-0.22841693460941315,-0.285959963287626,0.05754302867821287,1.0,25.972376089783726,332176,6
2018-06-01,2018,6,California Coast,Terra,Day,MODIS_Terra_L3_SST_Thermal_4km_Day_Monthly,modis_sst_images/california_coast_terra_day_2018_06_01.png,-0.25880345702171326,-0.18348308323094478,-0.07532037379076847,1.0,24.292052594079927,308780,10
2018-07-01,2018,7,California Coast,Terra,Day,MODIS_Terra_L3_SST_Thermal_4km_Day_Monthly,modis_sst_images/california_coast_terra_day_2018_07_01.png,0.12369643151760101,0.12451336767324912,-0.0008169361556481097,1.0,55.02513004358217,341424,7
2018-08-01,2018,8,California Coast,Terra,Day,MODIS_Terra_L3_SST_Thermal_4km_Day_Monthly,modis_sst_images/california_coast_terra_day_2018_08_01.png,0.3659415543079376,0.34627392661890816,0.019667627689029465,1.0,64.75271328282119,348563,8
2018-09-01,2018,9,California Coast,Terra,Day,MODIS_Terra_L3_SST_Thermal_4km_Day_Monthly,modis_sst_images/california_coast_terra_day_2018_09_01.png,0.3184298276901245,0.3806392456440685,-0.06220941795394397,1.0,63.16728331668613,355415,9
2018-10-01,2018,10,California Coast,Terra,Day,MODIS_Terra_L3_SST_Thermal_4km_Day_Monthly,modis_sst_images/california_coast_terra_day_2018_10_01.png,0.24252179265022278,0.26137334968867576,-0.018851557038452982,1.0,60.223227414679236,357035,7
2018-11-01,2018,11,California Coast,Terra,Day,MODIS_Terra_L3_SST_Thermal_4km_Day_Monthly,modis_sst_images/california_coast_terra_day_2018_11_01.png,0.07250284403562546,0.051222981311953984,0.021279862723671474,1.0,49.183109951104214,357086,7
2018-12-01,2018,12,California Coast,Terra,Day,MODIS_Terra_L3_SST_Thermal_4km_Day_Monthly,modis_sst_images/california_coast_terra_day_2018_12_01.png,-0.18962357938289642,-0.21521515198625052,0.025591572603354096,1.0,32.169870276905144,356837,5
2019-01-01,2019,1,California Coast,Terra,Day,MODIS_Terra_L3_SST_Thermal_4km_Day_Monthly,modis_sst_images/california_coast_terra_day_2019_01_01.png,-0.3536185622215271,-0.38516764228160566,0.03154908006007856,1.0,16.76954040387052,356748,4
2019-02-01,2019,2,California Coast,Terra,Day,MODIS_Terra_L3_SST_Thermal_4km_Day_Monthly,modis_sst_images/california_coast_terra_day_2019_02_01.png,-0.43541601300239563,-0.4260466545820236,-0.00936935842037201,0.8980392217636108,7.956818632590032,352930,6
2019-03-01,2019,3,California Coast,Terra,Day,MODIS_Terra_L3_SST_Thermal_4km_Day_Monthly,modis_sst_images/california_coast_terra_day_2019_03_01.png,-0.3780706822872162,-0.4135588865195002,0.03548820423228399,1.0,12.756841141753286,356154,6
2019-04-01,2019,4,California Coast,Terra,Day,MODIS_Terra_L3_SST_Thermal_4km_Day_Monthly,modis_sst_images/california_coast_terra_day_2019_04_01.png,-0.2999819219112396,-0.3640623262950352,0.06408040438379559,1.0,20.53369023497617,348929,5
2019-05-01,2019,5,California Coast,Terra,Day,MODIS_Terra_L3_SST_Thermal_4km_Day_Monthly,modis_sst_images/california_coast_terra_day_2019_05_01.png,-0.2108645886182785,-0.285959963287626,0.07509537466934751,1.0,26.16048415806337,351125,3
2019-06-01,2019,6,California Coast,Terra,Day,MODIS_Terra_L3_SST_Thermal_4km_Day_Monthly,modis_sst_images/california_coast_terra_day_2019_06_01.png,-0.20952214300632477,-0.18348308323094478,-0.026039059775379986,1.0,28.76985578169777,300794,8
2019-07-01,2019,7,California Coast,Terra,Day,MODIS_Terra_L3_SST_Thermal_4km_Day_Monthly,modis_sst_images/california_coast_terra_day_2019_07_01.png,0.1784054934978485,0.12451336767324912,0.05389212582459939,1.0,57.81276356480179,337915,4
2019-08-01,2019,8,California Coast,Terra,Day,MODIS_Terra_L3_SST_Thermal_4km_Day_Monthly,modis_sst_images/california_coast_terra_day_2019_08_01.png,0.5369529128074646,0.34627392661890816,0.19067898618855644,1.0,82.5437301096687,349416,2
2019-09-01,2019,9,California Coast,Terra,Day,MODIS_Terra_L3_SST_Thermal_4km_Day_Monthly,modis_sst_images/california_coast_terra_day_2019_09_01.png,0.606424868106842,0.3806392456440685,0.22578562246277356,1.0,81.50808754901439,356783,1
2019-10-01,2019,10,California Coast,Terra,Day,MODIS_Terra_L3_SST_Thermal_4km_Day_Monthly,modis_sst_images/california_coast_terra_day_2019_10_01.png,0.2931506335735321,0.26137334968867576,0.031777283884856344,1.0,65.48302301337309,356836,5
2019-11-01,2019,11,California Coast,Terra,Day,MODIS_Terra_L3_SST_Thermal_4km_Day_Monthly,modis_sst_images/california_coast_terra_day_2019_11_01.png,0.06691925972700119,0.051222981311953984,0.015696278415047206,1.0,49.286153828862375,355889,8
2019-12-01,2019,12,California Coast,Terra,Day,MODIS_Terra_L3_SST_Thermal_4km_Day_Monthly,modis_sst_images/california_coast_terra_day_2019_12_01.png,-0.22377367317676544,-0.21521515198625052,-0.008558521190514923,1.0,27.314245861115722,355591,7
2020-01-01,2020,1,California Coast,Terra,Day,MODIS_Terra_L3_SST_Thermal_4km_Day_Monthly,modis_sst_images/california_coast_terra_day_2020_01_01.png,-0.40609070658683777,-0.38516764228160566,-0.02092306430523211,0.772549033164978,9.11260119250282,355387,8
2020-02-01,2020,2,California Coast,Terra,Day,MODIS_Terra_L3_SST_Thermal_4km_Day_Monthly,modis_sst_images/california_coast_terra_day_2020_02_01.png,-0.4470491409301758,-0.4260466545820236,-0.02100248634815216,0.9882352948188782,6.772178702947998,356547,8
2020-03-01,2020,3,California Coast,Terra,Day,MODIS_Terra_L3_SST_Thermal_4km_Day_Monthly,modis_sst_images/california_coast_terra_day_2020_03_01.png,-0.4637964367866516,-0.4135588865195002,-0.05023755026715143,1.0,4.681701639565482,355704,8
2020-04-01,2020,4,California Coast,Terra,Day,MODIS_Terra_L3_SST_Thermal_4km_Day_Monthly,modis_sst_images/california_coast_terra_day_2020_04_01.png,-0.4503805935382843,-0.3640623262950352,-0.08631826724324909,1.0,7.172845941038668,349178,12
2020-05-01,2020,5,California Coast,Terra,Day,MODIS_Terra_L3_SST_Thermal_4km_Day_Monthly,modis_sst_images/california_coast_terra_day_2020_05_01.png,-0.22127774357795715,-0.285959963287626,0.06468221970966886,1.0,26.516072051394563,355524,4
2020-06-01,2020,6,California Coast,Terra,Day,MODIS_Terra_L3_SST_Thermal_4km_Day_Monthly,modis_sst_images/california_coast_terra_day_2020_06_01.png,-0.09167881309986115,-0.18348308323094478,0.09180427013108364,1.0,39.72513518995152,350063,3
2020-07-01,2020,7,California Coast,Terra,Day,MODIS_Terra_L3_SST_Thermal_4km_Day_Monthly,modis_sst_images/california_coast_terra_day_2020_07_01.png,0.10489492118358612,0.12451336767324912,-0.019618446489663002,1.0,51.749253319710796,319079,9
2020-08-01,2020,8,California Coast,Terra,Day,MODIS_Terra_L3_SST_Thermal_4km_Day_Monthly,modis_sst_images/california_coast_terra_day_2020_08_01.png,0.4496256113052368,0.34627392661890816,0.10335168468632866,1.0,73.25635699448463,349025,6
2020-09-01,2020,9,California Coast,Terra,Day,MODIS_Terra_L3_SST_Thermal_4km_Day_Monthly,modis_sst_images/california_coast_terra_day_2020_09_01.png,0.5530872344970703,0.3806392456440685,0.17244798885300183,1.0,79.16397811754804,356450,4
2020-10-01,2020,10,California Coast,Terra,Day,MODIS_Terra_L3_SST_Thermal_4km_Day_Monthly,modis_sst_images/california_coast_terra_day_2020_10_01.png,0.4633074104785919,0.26137334968867576,0.20193406078991616,1.0,71.98427959856832,356225,3
2020-11-01,2020,11,California Coast,Terra,Day,MODIS_Terra_L3_SST_Thermal_4km_Day_Monthly,modis_sst_images/california_coast_terra_day_2020_11_01.png,0.10163004696369171,0.051222981311953984,0.05040706565173773,1.0,51.22524808046338,356336,5
2020-12-01,2020,12,California Coast,Terra,Day,MODIS_Terra_L3_SST_Thermal_4km_Day_Monthly,modis_sst_images/california_coast_terra_day_2020_12_01.png,-0.19844895601272583,-0.21521515198625052,0.01676619597352469,1.0,30.317273135669364,356160,6
2021-01-01,2021,1,California Coast,Terra,Day,MODIS_Terra_L3_SST_Thermal_4km_Day_Monthly,modis_sst_images/california_coast_terra_day_2021_01_01.png,-0.42090266942977905,-0.38516764228160566,-0.03573502714817339,0.8156862854957581,10.959745548786644,356532,9
2021-02-01,2021,2,California Coast,Terra,Day,MODIS_Terra_L3_SST_Thermal_4km_Day_Monthly,modis_sst_images/california_coast_terra_day_2021_02_01.png,-0.483147531747818,-0.4260466545820236,-0.05710087716579437,0.5568627715110779,4.870008199331092,354907,11
2021-03-01,2021,3,California Coast,Terra,Day,MODIS_Terra_L3_SST_Thermal_4km_Day_Monthly,modis_sst_images/california_coast_terra_day_2021_03_01.png,-0.5175923705101013,-0.4135588865195002,-0.10403348399060114,1.0,1.3740866406678962,355145,14
2021-04-01,2021,4,California Coast,Terra,Day,MODIS_Terra_L3_SST_Thermal_4km_Day_Monthly,modis_sst_images/california_coast_terra_day_2021_04_01.png,-0.44142821431159973,-0.3640623262950352,-0.07736588801656452,1.0,7.363517604670126,354423,11
2021-05-01,2021,5,California Coast,Terra,Day,MODIS_Terra_L3_SST_Thermal_4km_Day_Monthly,modis_sst_images/california_coast_terra_day_2021_05_01.png,-0.4320870339870453,-0.285959963287626,-0.14612707069941927,1.0,7.281903614760166,318804,14
2021-06-01,2021,6,California Coast,Terra,Day,MODIS_Terra_L3_SST_Thermal_4km_Day_Monthly,modis_sst_images/california_coast_terra_day_2021_06_01.png,-0.28552043437957764,-0.18348308323094478,-0.10203735114863285,1.0,20.690577302626796,344031,11
2021-07-01,2021,7,California Coast,Terra,Day,MODIS_Terra_L3_SST_Thermal_4km_Day_Monthly,modis_sst_images/california_coast_terra_day_2021_07_01.png,0.06216993182897568,0.12451336767324912,-0.062343435844273445,1.0,49.80474972165751,304481,11
2021-08-01,2021,8,California Coast,Terra,Day,MODIS_Terra_L3_SST_Thermal_4km_Day_Monthly,modis_sst_images/california_coast_terra_day_2021_08_01.png,0.28787973523139954,0.34627392661890816,-0.05839419138750862,1.0,63.65480372156371,343619,10
2021-09-01,2021,9,California Coast,Terra,Day,MODIS_Terra_L3_SST_Thermal_4km_Day_Monthly,modis_sst_images/california_coast_terra_day_2021_09_01.png,0.29642051458358765,0.3806392456440685,-0.08421873106048083,1.0,63.51868445225899,354894,10
2021-10-01,2021,10,California Coast,Terra,Day,MODIS_Terra_L3_SST_Thermal_4km_Day_Monthly,modis_sst_images/california_coast_terra_day_2021_10_01.png,0.09791173785924911,0.26137334968867576,-0.16346161182942665,1.0,49.977545246328646,356272,12
2021-11-01,2021,11,California Coast,Terra,Day,MODIS_Terra_L3_SST_Thermal_4km_Day_Monthly,modis_sst_images/california_coast_terra_day_2021_11_01.png,-0.054198216646909714,0.051222981311953984,-0.1054211979588637,1.0,40.32406952764411,356405,10
2021-12-01,2021,12,California Coast,Terra,Day,MODIS_Terra_L3_SST_Thermal_4km_Day_Monthly,modis_sst_images/california_coast_terra_day_2021_12_01.png,-0.29832515120506287,-0.21521515198625052,-0.08310999921881235,1.0,21.073200102413182,355423,10
2022-01-01,2022,1,California Coast,Terra,Day,MODIS_Terra_L3_SST_Thermal_4km_Day_Monthly,modis_sst_images/california_coast_terra_day_2022_01_01.png,-0.4431230127811432,-0.38516764228160566,-0.05795537049953753,1.0,6.835186830869635,356713,10
2022-02-01,2022,2,California Coast,Terra,Day,MODIS_Terra_L3_SST_Thermal_4km_Day_Monthly,modis_sst_images/california_coast_terra_day_2022_02_01.png,-0.4541226625442505,-0.4260466545820236,-0.028076007962226868,0.7333333492279053,6.096698311821739,356242,9
2022-03-01,2022,3,California Coast,Terra,Day,MODIS_Terra_L3_SST_Thermal_4km_Day_Monthly,modis_sst_images/california_coast_terra_day_2022_03_01.png,-0.48551103472709656,-0.4135588865195002,-0.07195214820759638,1.0,2.614377248201439,355840,11
2022-04-01,2022,4,California Coast,Terra,Day,MODIS_Terra_L3_SST_Thermal_4km_Day_Monthly,modis_sst_images/california_coast_terra_day_2022_04_01.png,-0.42997443675994873,-0.3640623262950352,-0.06591211046491352,1.0,5.99097356544165,348975,10
2022-05-01,2022,5,California Coast,Terra,Day,MODIS_Terra_L3_SST_Thermal_4km_Day_Monthly,modis_sst_images/california_coast_terra_day_2022_05_01.png,-0.39951175451278687,-0.285959963287626,-0.11355179122516085,1.0,7.055170236906987,351657,13
2022-06-01,2022,6,California Coast,Terra,Day,MODIS_Terra_L3_SST_Thermal_4km_Day_Monthly,modis_sst_images/california_coast_terra_day_2022_06_01.png,-0.14514119923114777,-0.18348308323094478,0.038341883999797016,1.0,35.35426596859822,353929,5
2022-07-01,2022,7,California Coast,Terra,Day,MODIS_Terra_L3_SST_Thermal_4km_Day_Monthly,modis_sst_images/california_coast_terra_day_2022_07_01.png,0.12437903881072998,0.12451336767324912,-0.00013432886251914244,1.0,56.21359470792918,313828,6
2022-08-01,2022,8,California Coast,Terra,Day,MODIS_Terra_L3_SST_Thermal_4km_Day_Monthly,modis_sst_images/california_coast_terra_day_2022_08_01.png,0.4657871127128601,0.34627392661890816,0.11951318609395195,1.0,75.36020607467377,353270,5
2023-02-01,2023,2,California Coast,Terra,Day,MODIS_Terra_L3_SST_Thermal_4km_Day_Monthly,modis_sst_images/california_coast_terra_day_2023_02_01.png,-0.4751615822315216,-0.4260466545820236,-0.049114927649497986,0.6470588445663452,3.205072429191729,356279,10
2023-03-01,2023,3,California Coast,Terra,Day,MODIS_Terra_L3_SST_Thermal_4km_Day_Monthly,modis_sst_images/california_coast_terra_day_2023_03_01.png,-0.47296932339668274,-0.4135588865195002,-0.05941043687718256,1.0,2.763490146954449,353647,9
2023-04-01,2023,4,California Coast,Terra,Day,MODIS_Terra_L3_SST_Thermal_4km_Day_Monthly,modis_sst_images/california_coast_terra_day_2023_04_01.png,-0.45493176579475403,-0.3640623262950352,-0.09086943949971882,1.0,5.696600245482361,340554,13
2023-05-01,2023,5,California Coast,Terra,Day,MODIS_Terra_L3_SST_Thermal_4km_Day_Monthly,modis_sst_images/california_coast_terra_day_2023_05_01.png,-0.3802298903465271,-0.285959963287626,-0.09426992705890108,1.0,13.184843173300273,350865,10
2023-07-01,2023,7,California Coast,Terra,Day,MODIS_Terra_L3_SST_Thermal_4km_Day_Monthly,modis_sst_images/california_coast_terra_day_2023_07_01.png,0.09085693955421448,0.12451336767324912,-0.033656428119034645,1.0,53.72440046342675,344391,10
2023-08-01,2023,8,California Coast,Terra,Day,MODIS_Terra_L3_SST_Thermal_4km_Day_Monthly,modis_sst_images/california_coast_terra_day_2023_08_01.png,0.4896239638328552,0.34627392661890816,0.14335003721394707,1.0,81.61664864681755,354239,4
2023-09-01,2023,9,California Coast,Terra,Day,MODIS_Terra_L3_SST_Thermal_4km_Day_Monthly,modis_sst_images/california_coast_terra_day_2023_09_01.png,0.5400554537773132,0.3806392456440685,0.15941620813324475,1.0,81.25386585314655,357295,5
2023-10-01,2023,10,California Coast,Terra,Day,MODIS_Terra_L3_SST_Thermal_4km_Day_Monthly,modis_sst_images/california_coast_terra_day_2023_10_01.png,0.3304661512374878,0.26137334968867576,0.06909280154881203,1.0,66.18949533681942,357803,4
2023-11-01,2023,11,California Coast,Terra,Day,MODIS_Terra_L3_SST_Thermal_4km_Day_Monthly,modis_sst_images/california_coast_terra_day_2023_11_01.png,0.1836300641298294,0.051222981311953984,0.13240708281787542,1.0,57.211729372088215,357598,3
2023-12-01,2023,12,California Coast,Terra,Day,MODIS_Terra_L3_SST_Thermal_4km_Day_Monthly,modis_sst_images/california_coast_terra_day_2023_12_01.png,-0.12119527161121368,-0.21521515198625052,0.09401988037503684,1.0,38.096865458416204,356990,4
2010-01-01,2010,1,California Coast,Terra,Night,MODIS_Terra_L3_SST_Thermal_4km_Night_Monthly,modis_sst_images/california_coast_terra_night_2010_01_01.png,-0.36925968527793884,-0.3976911019820433,0.028431416704104484,1.0,14.18119494823202,355915,4
2010-02-01,2010,2,California Coast,Terra,Night,MODIS_Terra_L3_SST_Thermal_4km_Night_Monthly,modis_sst_images/california_coast_terra_night_2010_02_01.png,-0.4521215260028839,-0.4394180817263467,-0.01270344427653719,1.0,6.2303770973295975,355452,6
2010-03-01,2010,3,California Coast,Terra,Night,MODIS_Terra_L3_SST_Thermal_4km_Night_Monthly,modis_sst_images/california_coast_terra_night_2010_03_01.png,-0.46410003304481506,-0.4370488705379622,-0.027051162506852855,0.8156862854957581,3.2625597161182207,355641,7
2010-04-01,2010,4,California Coast,Terra,Night,MODIS_Terra_L3_SST_Thermal_4km_Night_Monthly,modis_sst_images/california_coast_terra_night_2010_04_01.png,-0.45878514647483826,-0.39147293141910006,-0.0673122150557382,1.0,5.407517123335797,355801,11
2010-05-01,2010,5,California Coast,Terra,Night,MODIS_Terra_L3_SST_Thermal_4km_Night_Monthly,modis_sst_images/california_coast_terra_night_2010_05_01.png,-0.39792537689208984,-0.3171150875943048,-0.08081028929778505,1.0,8.342774138549892,356608,10
2010-06-01,2010,6,California Coast,Terra,Night,MODIS_Terra_L3_SST_Thermal_4km_Night_Monthly,modis_sst_images/california_coast_terra_night_2010_06_01.png,-0.36973798274993896,-0.21172600558825902,-0.15801197716167995,1.0,13.217214121686032,305261,14
2010-07-01,2010,7,California Coast,Terra,Night,MODIS_Terra_L3_SST_Thermal_4km_Night_Monthly,modis_sst_images/california_coast_terra_night_2010_07_01.png,-0.026066012680530548,0.11473061197570392,-0.14079662465623446,1.0,44.66426895817907,321418,12
2010-08-01,2010,8,California Coast,Terra,Night,MODIS_Terra_L3_SST_Thermal_4km_Night_Monthly,modis_sst_images/california_coast_terra_night_2010_08_01.png,0.016719941049814224,0.33113935004387585,-0.3144194089940616,1.0,47.78141223779372,333230,14
2010-09-01,2010,9,California Coast,Terra,Night,MODIS_Terra_L3_SST_Thermal_4km_Night_Monthly,modis_sst_images/california_coast_terra_night_2010_09_01.png,-0.0238620825111866,0.3744739347270557,-0.3983360172382423,1.0,46.17130583693728,344530,14
2010-10-01,2010,10,California Coast,Terra,Night,MODIS_Terra_L3_SST_Thermal_4km_Night_Monthly,modis_sst_images/california_coast_terra_night_2010_10_01.png,-0.0598602294921875,0.23466528264375833,-0.2945255121359458,1.0,38.90537606660197,356506,13
2010-11-01,2010,11,California Coast,Terra,Night,MODIS_Terra_L3_SST_Thermal_4km_Night_Monthly,modis_sst_images/california_coast_terra_night_2010_11_01.png,-0.16432702541351318,0.029218495823442936,-0.19354552123695612,1.0,31.944467873348962,355686,13
2010-12-01,2010,12,California Coast,Terra,Night,MODIS_Terra_L3_SST_Thermal_4km_Night_Monthly,modis_sst_images/california_coast_terra_night_2010_12_01.png,-0.4204736351966858,-0.23449445902728117,-0.18597917616940463,1.0,9.44128152031011,354454,12
2011-01-01,2011,1,California Coast,Terra,Night,MODIS_Terra_L3_SST_Thermal_4km_Night_Monthly,modis_sst_images/california_coast_terra_night_2011_01_01.png,-0.49847811460494995,-0.3976911019820433,-0.10078701262290662,0.4274509847164154,2.6877115133472818,356065,12
2011-02-01,2011,2,California Coast,Terra,Night,MODIS_Terra_L3_SST_Thermal_4km_Night_Monthly,modis_sst_images/california_coast_terra_night_2011_02_01.png,-0.5314764380455017,-0.4394180817263467,-0.09205835631915499,0.34117648005485535,1.345096823293965,354770,12
2011-03-01,2011,3,California Coast,Terra,Night,MODIS_Terra_L3_SST_Thermal_4km_Night_Monthly,modis_sst_images/california_coast_terra_night_2011_03_01.png,-0.5110889673233032,-0.4370488705379622,-0.07404009678534101,0.6901960968971252,1.1957237818687672,353677,12
2011-04-01,2011,4,California Coast,Terra,Night,MODIS_Terra_L3_SST_Thermal_4km_Night_Monthly,modis_sst_images/california_coast_terra_night_2011_04_01.png,-0.4412340819835663,-0.39147293141910006,-0.04976115056446623,1.0,6.628212116273974,355918,9
2011-05-01,2011,5,California Coast,Terra,Night,MODIS_Terra_L3_SST_Thermal_4km_Night_Monthly,modis_sst_images/california_coast_terra_night_2011_05_01.png,-0.4169713854789734,-0.3171150875943048,-0.0998562978846686,1.0,8.41698559823888,356137,12
2011-06-01,2011,6,California Coast,Terra,Night,MODIS_Terra_L3_SST_Thermal_4km_Night_Monthly,modis_sst_images/california_coast_terra_night_2011_06_01.png,-0.36363857984542847,-0.21172600558825902,-0.15191257425716945,1.0,13.395467357820422,343773,13
2011-07-01,2011,7,California Coast,Terra,Night,MODIS_Terra_L3_SST_Thermal_4km_Night_Monthly,modis_sst_images/california_coast_terra_night_2011_07_01.png,-0.206105038523674,0.11473061197570392,-0.3208356504993779,1.0,34.14691807076735,296097,14
2011-08-01,2011,8,California Coast,Terra,Night,MODIS_Terra_L3_SST_Thermal_4km_Night_Monthly,modis_sst_images/california_coast_terra_night_2011_08_01.png,0.04976917430758476,0.33113935004387585,-0.2813701757362911,1.0,52.19876402005964,329617,13
2011-09-01,2011,9,California Coast,Terra,Night,MODIS_Terra_L3_SST_Thermal_4km_Night_Monthly,modis_sst_images/california_coast_terra_night_2011_09_01.png,0.1403794288635254,0.3744739347270557,-0.2340945058635303,1.0,52.90173034649697,350739,12
2011-10-01,2011,10,California Coast,Terra,Night,MODIS_Terra_L3_SST_Thermal_4km_Night_Monthly,modis_sst_images/california_coast_terra_night_2011_10_01.png,0.07954735308885574,0.23466528264375833,-0.15511792955490258,1.0,50.83710565778594,356765,11
2011-11-01,2011,11,California Coast,Terra,Night,MODIS_Terra_L3_SST_Thermal_4km_Night_Monthly,modis_sst_images/california_coast_terra_night_2011_11_01.png,-0.18886832892894745,0.029218495823442936,-0.21808682475239038,1.0,29.68024312000248,355051,14
2011-12-01,2011,12,California Coast,Terra,Night,MODIS_Terra_L3_SST_Thermal_4km_Night_Monthly,modis_sst_images/california_coast_terra_night_2011_12_01.png,-0.45288071036338806,-0.23449445902728117,-0.2183862513361069,0.6901960968971252,6.217122206179125,355293,13
2012-01-01,2012,1,California Coast,Terra,Night,MODIS_Terra_L3_SST_Thermal_4km_Night_Monthly,modis_sst_images/california_coast_terra_night_2012_01_01.png,-0.5348120331764221,-0.3976911019820433,-0.1371209311943788,0.34117648005485535,0.6615809103579026,354454,13
2012-02-01,2012,2,California Coast,Terra,Night,MODIS_Terra_L3_SST_Thermal_4km_Night_Monthly,modis_sst_images/california_coast_terra_night_2012_02_01.png,-0.5411183834075928,-0.4394180817263467,-0.10170030168124605,0.34117648005485535,0.6491295698637306,355399,14
2012-03-01,2012,3,California Coast,Terra,Night,MODIS_Terra_L3_SST_Thermal_4km_Night_Monthly,modis_sst_images/california_coast_terra_night_2012_03_01.png,-0.5317859649658203,-0.4370488705379622,-0.0947370944278581,0.6470588445663452,0.22041336631578357,356149,14
2012-04-01,2012,4,California Coast,Terra,Night,MODIS_Terra_L3_SST_Thermal_4km_Night_Monthly,modis_sst_images/california_coast_terra_night_2012_04_01.png,-0.48844537138938904,-0.39147293141910006,-0.09697243997028898,1.0,3.696779437732993,356770,14
2012-05-01,2012,5,California Coast,Terra,Night,MODIS_Terra_L3_SST_Thermal_4km_Night_Monthly,modis_sst_images/california_coast_terra_night_2012_05_01.png,-0.3633679449558258,-0.3171150875943048,-0.046252857361521016,1.0,14.034335127324452,354331,9
2012-06-01,2012,6,California Coast,Terra,Night,MODIS_Terra_L3_SST_Thermal_4km_Night_Monthly,modis_sst_images/california_coast_terra_night_2012_06_01.png,-0.2984403669834137,-0.21172600558825902,-0.08671436139515468,1.0,21.305021462497777,354339,10
2012-07-01,2012,7,California Coast,Terra,Night,MODIS_Terra_L3_SST_Thermal_4km_Night_Monthly,modis_sst_images/california_coast_terra_night_2012_07_01.png,-0.17411403357982635,0.11473061197570392,-0.28884464555553024,1.0,34.06497958850007,195723,13
2012-08-01,2012,8,California Coast,Terra,Night,MODIS_Terra_L3_SST_Thermal_4km_Night_Monthly,modis_sst_images/california_coast_terra_night_2012_08_01.png,0.07222386449575424,0.33113935004387585,-0.2589154855481216,1.0,46.03441709983693,307231,12
2012-09-01,2012,9,California Coast,Terra,Night,MODIS_Terra_L3_SST_Thermal_4km_Night_Monthly,modis_sst_images/california_coast_terra_night_2012_09_01.png,0.04068726673722267,0.3744739347270557,-0.33378666798983303,1.0,45.18341178380133,345016,13
2012-10-01,2012,10,California Coast,Terra,Night,MODIS_Terra_L3_SST_Thermal_4km_Night_Monthly,modis_sst_images/california_coast_terra_night_2012_10_01.png,0.09454996883869171,0.23466528264375833,-0.14011531380506662,1.0,50.40363043149214,356762,10
2012-11-01,2012,11,California Coast,Terra,Night,MODIS_Terra_L3_SST_Thermal_4km_Night_Monthly,modis_sst_images/california_coast_terra_night_2012_11_01.png,-0.04963678866624832,0.029218495823442936,-0.07885528448969126,1.0,39.10989697334586,355442,10
2012-12-01,2012,12,California Coast,Terra,Night,MODIS_Terra_L3_SST_Thermal_4km_Night_Monthly,modis_sst_images/california_coast_terra_night_2012_12_01.png,-0.2677963972091675,-0.23449445902728117,-0.033301938181886315,1.0,22.730959584029417,351371,8
2013-01-01,2013,1,California Coast,Terra,Night,MODIS_Terra_L3_SST_Thermal_4km_Night_Monthly,modis_sst_images/california_coast_terra_night_2013_01_01.png,-0.4737851023674011,-0.3976911019820433,-0.0760940003853578,0.6470588445663452,2.5633928520993496,354062,11
2013-02-01,2013,2,California Coast,Terra,Night,MODIS_Terra_L3_SST_Thermal_4km_Night_Monthly,modis_sst_images/california_coast_terra_night_2013_02_01.png,-0.5387804508209229,-0.4394180817263467,-0.09936236909457613,0.34117648005485535,0.26957712820213914,343130,13
2013-03-01,2013,3,California Coast,Terra,Night,MODIS_Terra_L3_SST_Thermal_4km_Night_Monthly,modis_sst_images/california_coast_terra_night_2013_03_01.png,-0.5051268935203552,-0.4370488705379622,-0.06807802298239302,0.6470588445663452,0.700688846217831,354651,11
2013-04-01,2013,4,California Coast,Terra,Night,MODIS_Terra_L3_SST_Thermal_4km_Night_Monthly,modis_sst_images/california_coast_terra_night_2013_04_01.png,-0.41851675510406494,-0.39147293141910006,-0.027043823684964885,1.0,6.779713333258505,356372,7
2013-05-01,2013,5,California Coast,Terra,Night,MODIS_Terra_L3_SST_Thermal_4km_Night_Monthly,modis_sst_images/california_coast_terra_night_2013_05_01.png,-0.3385908305644989,-0.3171150875943048,-0.02147574297019411,1.0,15.594116359595711,356378,8
2013-06-01,2013,6,California Coast,Terra,Night,MODIS_Terra_L3_SST_Thermal_4km_Night_Monthly,modis_sst_images/california_coast_terra_night_2013_06_01.png,-0.2634817361831665,-0.21172600558825902,-0.051755730594907484,1.0,23.29068266606944,339346,8
2013-07-01,2013,7,California Coast,Terra,Night,MODIS_Terra_L3_SST_Thermal_4km_Night_Monthly,modis_sst_images/california_coast_terra_night_2013_07_01.png,0.17157679796218872,0.11473061197570392,0.056846185986484804,1.0,60.166572269523954,323103,5
2013-08-01,2013,8,California Coast,Terra,Night,MODIS_Terra_L3_SST_Thermal_4km_Night_Monthly,modis_sst_images/california_coast_terra_night_2013_08_01.png,0.2709166705608368,0.33113935004387585,-0.060222679483039054,1.0,60.87439588301162,344718,10
2013-09-01,2013,9,California Coast,Terra,Night,MODIS_Terra_L3_SST_Thermal_4km_Night_Monthly,modis_sst_images/california_coast_terra_night_2013_09_01.png,0.4646981656551361,0.3744739347270557,0.0902242309280804,1.0,74.91660078829776,356718,7
2013-10-01,2013,10,California Coast,Terra,Night,MODIS_Terra_L3_SST_Thermal_4km_Night_Monthly,modis_sst_images/california_coast_terra_night_2013_10_01.png,0.16192170977592468,0.23466528264375833,-0.07274357286783364,1.0,56.45336453869662,356349,9
2013-11-01,2013,11,California Coast,Terra,Night,MODIS_Terra_L3_SST_Thermal_4km_Night_Monthly,modis_sst_images/california_coast_terra_night_2013_11_01.png,-0.07693188637495041,0.029218495823442936,-0.10615038219839334,1.0,39.18960613489361,356518,12
2013-12-01,2013,12,California Coast,Terra,Night,MODIS_Terra_L3_SST_Thermal_4km_Night_Monthly,modis_sst_images/california_coast_terra_night_2013_12_01.png,-0.31807741522789,-0.23449445902728117,-0.08358295620060885,1.0,18.990667107830273,350588,10
2014-01-01,2014,1,California Coast,Terra,Night,MODIS_Terra_L3_SST_Thermal_4km_Night_Monthly,modis_sst_images/california_coast_terra_night_2014_01_01.png,-0.38947027921676636,-0.3976911019820433,0.00822082276527697,0.8980392217636108,12.097869522270114,356352,6
2014-02-01,2014,2,California Coast,Terra,Night,MODIS_Terra_L3_SST_Thermal_4km_Night_Monthly,modis_sst_images/california_coast_terra_night_2014_02_01.png,-0.41631704568862915,-0.4394180817263467,0.02310103603771757,0.8980392217636108,9.035875635622368,356147,4
2014-03-01,2014,3,California Coast,Terra,Night,MODIS_Terra_L3_SST_Thermal_4km_Night_Monthly,modis_sst_images/california_coast_terra_night_2014_03_01.png,-0.363631933927536,-0.4370488705379622,0.0734169366104262,1.0,15.539589327679717,356586,3
2014-04-01,2014,4,California Coast,Terra,Night,MODIS_Terra_L3_SST_Thermal_4km_Night_Monthly,modis_sst_images/california_coast_terra_night_2014_04_01.png,-0.37073376774787903,-0.39147293141910006,0.020739163671221028,1.0,13.265841096996493,356683,6
2014-05-01,2014,5,California Coast,Terra,Night,MODIS_Terra_L3_SST_Thermal_4km_Night_Monthly,modis_sst_images/california_coast_terra_night_2014_05_01.png,-0.17008565366268158,-0.3171150875943048,0.1470294339316232,1.0,32.31643550254715,356673,1
2014-06-01,2014,6,California Coast,Terra,Night,MODIS_Terra_L3_SST_Thermal_4km_Night_Monthly,modis_sst_images/california_coast_terra_night_2014_06_01.png,-0.10402926057577133,-0.21172600558825902,0.10769674501248769,1.0,38.029117761071674,314722,3
2014-07-01,2014,7,California Coast,Terra,Night,MODIS_Terra_L3_SST_Thermal_4km_Night_Monthly,modis_sst_images/california_coast_terra_night_2014_07_01.png,0.2991302013397217,0.11473061197570392,0.18439958936401776,1.0,64.64812118873473,342078,2
2014-08-01,2014,8,California Coast,Terra,Night,MODIS_Terra_L3_SST_Thermal_4km_Night_Monthly,modis_sst_images/california_coast_terra_night_2014_08_01.png,0.48815757036209106,0.33113935004387585,0.15701822031821522,1.0,76.71434480779133,355369,3
2014-09-01,2014,9,California Coast,Terra,Night,MODIS_Terra_L3_SST_Thermal_4km_Night_Monthly,modis_sst_images/california_coast_terra_night_2014_09_01.png,0.5651375651359558,0.3744739347270557,0.1906636304089001,1.0,79.34082836927035,357570,3
2014-10-01,2014,10,California Coast,Terra,Night,MODIS_Terra_L3_SST_Thermal_4km_Night_Monthly,modis_sst_images/california_coast_terra_night_2014_10_01.png,0.505346953868866,0.23466528264375833,0.27068167122510767,1.0,74.83219406609058,356662,1
2014-11-01,2014,11,California Coast,Terra,Night,MODIS_Terra_L3_SST_Thermal_4km_Night_Monthly,modis_sst_images/california_coast_terra_night_2014_11_01.png,0.24509108066558838,0.029218495823442936,0.21587258484214544,1.0,60.56528119554756,356389,1
2014-12-01,2014,12,California Coast,Terra,Night,MODIS_Terra_L3_SST_Thermal_4km_Night_Monthly,modis_sst_images/california_coast_terra_night_2014_12_01.png,0.02751934714615345,-0.23449445902728117,0.2620138061734346,1.0,46.876754001930806,356328,1
2015-01-01,2015,1,California Coast,Terra,Night,MODIS_Terra_L3_SST_Thermal_4km_Night_Monthly,modis_sst_images/california_coast_terra_night_2015_01_01.png,-0.20815084874629974,-0.3976911019820433,0.18954025323574358,1.0,29.51522686641726,356311,1
2015-02-01,2015,2,California Coast,Terra,Night,MODIS_Terra_L3_SST_Thermal_4km_Night_Monthly,modis_sst_images/california_coast_terra_night_2015_02_01.png,-0.2202664613723755,-0.4394180817263467,0.21915162035397123,0.9882352948188782,28.127898667488687,356845,1
2015-03-01,2015,3,California Coast,Terra,Night,MODIS_Terra_L3_SST_Thermal_4km_Night_Monthly,modis_sst_images/california_coast_terra_night_2015_03_01.png,-0.20783568918704987,-0.4370488705379622,0.22921318135091234,1.0,30.650819267926387,356904,1
2015-04-01,2015,4,California Coast,Terra,Night,MODIS_Terra_L3_SST_Thermal_4km_Night_Monthly,modis_sst_images/california_coast_terra_night_2015_04_01.png,-0.2295515537261963,-0.39147293141910006,0.16192137769290377,1.0,27.957664364516997,356768,1
2015-05-01,2015,5,California Coast,Terra,Night,MODIS_Terra_L3_SST_Thermal_4km_Night_Monthly,modis_sst_images/california_coast_terra_night_2015_05_01.png,-0.17930354177951813,-0.3171150875943048,0.13781154581478666,1.0,32.16888036469069,355589,2
2015-06-01,2015,6,California Coast,Terra,Night,MODIS_Terra_L3_SST_Thermal_4km_Night_Monthly,modis_sst_images/california_coast_terra_night_2015_06_01.png,0.026328686624765396,-0.21172600558825902,0.23805469221302442,1.0,48.04298996332205,351710,1
2015-07-01,2015,7,California Coast,Terra,Night,MODIS_Terra_L3_SST_Thermal_4km_Night_Monthly,modis_sst_images/california_coast_terra_night_2015_07_01.png,0.4228760004043579,0.11473061197570392,0.308145388428654,1.0,71.09096668040151,356757,1
2015-08-01,2015,8,California Coast,Terra,Night,MODIS_Terra_L3_SST_Thermal_4km_Night_Monthly,modis_sst_images/california_coast_terra_night_2015_08_01.png,0.6163224577903748,0.33113935004387585,0.2851831077464989,1.0,82.4176193020192,357517,1
2015-09-01,2015,9,California Coast,Terra,Night,MODIS_Terra_L3_SST_Thermal_4km_Night_Monthly,modis_sst_images/california_coast_terra_night_2015_09_01.png,0.571148157119751,0.3744739347270557,0.19667422239269527,1.0,79.33648253982477,357127,2
2015-10-01,2015,10,California Coast,Terra,Night,MODIS_Terra_L3_SST_Thermal_4km_Night_Monthly,modis_sst_images/california_coast_terra_night_2015_10_01.png,0.4927021265029907,0.23466528264375833,0.2580368438592324,1.0,73.42726475835202,357069,2
2015-11-01,2015,11,California Coast,Terra,Night,MODIS_Terra_L3_SST_Thermal_4km_Night_Monthly,modis_sst_images/california_coast_terra_night_2015_11_01.png,0.2127094268798828,0.029218495823442936,0.18349093105643988,1.0,56.50565776631442,355529,2
2015-12-01,2015,12,California Coast,Terra,Night,MODIS_Terra_L3_SST_Thermal_4km_Night_Monthly,modis_sst_images/california_coast_terra_night_2015_12_01.png,-0.0982961356639862,-0.23449445902728117,0.13619832336329496,1.0,38.32970942874086,354130,2
2016-01-01,2016,1,California Coast,Terra,Night,MODIS_Terra_L3_SST_Thermal_4km_Night_Monthly,modis_sst_images/california_coast_terra_night_2016_01_01.png,-0.31613603234291077,-0.3976911019820433,0.08155506963913256,1.0,18.50119004465126,355869,3
2016-02-01,2016,2,California Coast,Terra,Night,MODIS_Terra_L3_SST_Thermal_4km_Night_Monthly,modis_sst_images/california_coast_terra_night_2016_02_01.png,-0.3384507894515991,-0.4394180817263467,0.1009672922747476,0.9882352948188782,16.537887040801426,356164,3
2016-03-01,2016,3,California Coast,Terra,Night,MODIS_Terra_L3_SST_Thermal_4km_Night_Monthly,modis_sst_images/california_coast_terra_night_2016_03_01.png,-0.32502248883247375,-0.4370488705379622,0.11202638170548845,1.0,19.3145342312009,356400,2
2016-04-01,2016,4,California Coast,Terra,Night,MODIS_Terra_L3_SST_Thermal_4km_Night_Monthly,modis_sst_images/california_coast_terra_night_2016_04_01.png,-0.2599886357784271,-0.39147293141910006,0.13148429564067293,1.0,24.20191003553294,356852,2
2016-05-01,2016,5,California Coast,Terra,Night,MODIS_Terra_L3_SST_Thermal_4km_Night_Monthly,modis_sst_images/california_coast_terra_night_2016_05_01.png,-0.2659275233745575,-0.3171150875943048,0.051187564219747295,1.0,24.137051068853633,356597,6
2016-06-01,2016,6,California Coast,Terra,Night,MODIS_Terra_L3_SST_Thermal_4km_Night_Monthly,modis_sst_images/california_coast_terra_night_2016_06_01.png,-0.051749441772699356,-0.21172600558825902,0.15997656381555966,1.0,42.16350680927016,355765,2
2016-07-01,2016,7,California Coast,Terra,Night,MODIS_Terra_L3_SST_Thermal_4km_Night_Monthly,modis_sst_images/california_coast_terra_night_2016_07_01.png,0.2451269030570984,0.11473061197570392,0.13039629108139447,1.0,60.60124572786463,354331,3
2016-08-01,2016,8,California Coast,Terra,Night,MODIS_Terra_L3_SST_Thermal_4km_Night_Monthly,modis_sst_images/california_coast_terra_night_2016_08_01.png,0.33167263865470886,0.33113935004387585,0.0005332886108330159,1.0,64.5868847104798,349043,8
2016-09-01,2016,9,California Coast,Terra,Night,MODIS_Terra_L3_SST_Thermal_4km_Night_Monthly,modis_sst_images/california_coast_terra_night_2016_09_01.png,0.30500879883766174,0.3744739347270557,-0.06946513588939396,1.0,61.77542334815613,356208,9
2016-10-01,2016,10,California Coast,Terra,Night,MODIS_Terra_L3_SST_Thermal_4km_Night_Monthly,modis_sst_images/california_coast_terra_night_2016_10_01.png,0.20988807082176208,0.23466528264375833,-0.024777211821996242,1.0,58.53599051354147,356719,8
2016-11-01,2016,11,California Coast,Terra,Night,MODIS_Terra_L3_SST_Thermal_4km_Night_Monthly,modis_sst_images/california_coast_terra_night_2016_11_01.png,0.08075042068958282,0.029218495823442936,0.05153192486613989,1.0,51.78741792468713,356380,5
2016-12-01,2016,12,California Coast,Terra,Night,MODIS_Terra_L3_SST_Thermal_4km_Night_Monthly,modis_sst_images/california_coast_terra_night_2016_12_01.png,-0.2785491347312927,-0.23449445902728117,-0.04405467570401156,1.0,23.952072151391498,354366,9
2017-01-01,2017,1,California Coast,Terra,Night,MODIS_Terra_L3_SST_Thermal_4km_Night_Monthly,modis_sst_images/california_coast_terra_night_2017_01_01.png,-0.4052307605743408,-0.3976911019820433,-0.0075396585922974935,0.8156862854957581,10.536338116909784,355522,8
2017-02-01,2017,2,California Coast,Terra,Night,MODIS_Terra_L3_SST_Thermal_4km_Night_Monthly,modis_sst_images/california_coast_terra_night_2017_02_01.png,-0.4249902069568634,-0.4394180817263467,0.014427874769483318,0.6901960968971252,9.506654629941448,353363,5
2017-03-01,2017,3,California Coast,Terra,Night,MODIS_Terra_L3_SST_Thermal_4km_Night_Monthly,modis_sst_images/california_coast_terra_night_2017_03_01.png,-0.39045968651771545,-0.4370488705379622,0.046589184020246754,1.0,11.235806447074053,355355,4
2017-04-01,2017,4,California Coast,Terra,Night,MODIS_Terra_L3_SST_Thermal_4km_Night_Monthly,modis_sst_images/california_coast_terra_night_2017_04_01.png,-0.32121697068214417,-0.39147293141910006,0.07025596073695589,1.0,16.44574819496861,356919,4
2017-05-01,2017,5,California Coast,Terra,Night,MODIS_Terra_L3_SST_Thermal_4km_Night_Monthly,modis_sst_images/california_coast_terra_night_2017_05_01.png,-0.2902902662754059,-0.3171150875943048,0.026824821318898906,1.0,20.607168899826817,351072,7
2017-06-01,2017,6,California Coast,Terra,Night,MODIS_Terra_L3_SST_Thermal_4km_Night_Monthly,modis_sst_images/california_coast_terra_night_2017_06_01.png,-0.15453442931175232,-0.21172600558825902,0.0571915762765067,1.0,32.781587566874215,342247,6
2017-07-01,2017,7,California Coast,Terra,Night,MODIS_Terra_L3_SST_Thermal_4km_Night_Monthly,modis_sst_images/california_coast_terra_night_2017_07_01.png,0.15916867554187775,0.11473061197570392,0.04443806356617383,1.0,57.58158071612783,337733,6
2017-08-01,2017,8,California Coast,Terra,Night,MODIS_Terra_L3_SST_Thermal_4km_Night_Monthly,modis_sst_images/california_coast_terra_night_2017_08_01.png,0.31504106521606445,0.33113935004387585,-0.016098284827811393,1.0,63.57492870029115,335906,9
2017-09-01,2017,9,California Coast,Terra,Night,MODIS_Terra_L3_SST_Thermal_4km_Night_Monthly,modis_sst_images/california_coast_terra_night_2017_09_01.png,0.3983919024467468,0.3744739347270557,0.023917967719691124,1.0,66.73172259332682,357641,8
2017-10-01,2017,10,California Coast,Terra,Night,MODIS_Terra_L3_SST_Thermal_4km_Night_Monthly,modis_sst_images/california_coast_terra_night_2017_10_01.png,0.25562646985054016,0.23466528264375833,0.020961187206781834,1.0,60.6905665871496,357156,6
2017-11-01,2017,11,California Coast,Terra,Night,MODIS_Terra_L3_SST_Thermal_4km_Night_Monthly,modis_sst_images/california_coast_terra_night_2017_11_01.png,0.06803324818611145,0.029218495823442936,0.038814752362668514,1.0,46.830636291781175,355513,6
2017-12-01,2017,12,California Coast,Terra,Night,MODIS_Terra_L3_SST_Thermal_4km_Night_Monthly,modis_sst_images/california_coast_terra_night_2017_12_01.png,-0.1428503692150116,-0.23449445902728117,0.09164408981226957,1.0,33.63577664860616,356210,4
2018-01-01,2018,1,California Coast,Terra,Night,MODIS_Terra_L3_SST_Thermal_4km_Night_Monthly,modis_sst_images/california_coast_terra_night_2018_01_01.png,-0.305220365524292,-0.3976911019820433,0.09247073645775133,0.8588235378265381,22.662080912501338,355594,2
2018-02-01,2018,2,California Coast,Terra,Night,MODIS_Terra_L3_SST_Thermal_4km_Night_Monthly,modis_sst_images/california_coast_terra_night_2018_02_01.png,-0.32340243458747864,-0.4394180817263467,0.11601564713886808,0.8156862854957581,20.24513176183189,356135,2
2018-03-01,2018,3,California Coast,Terra,Night,MODIS_Terra_L3_SST_Thermal_4km_Night_Monthly,modis_sst_images/california_coast_terra_night_2018_03_01.png,-0.4024750590324402,-0.4370488705379622,0.03457381150552202,0.8980392217636108,10.617911116276828,352753,5
2018-04-01,2018,4,California Coast,Terra,Night,MODIS_Terra_L3_SST_Thermal_4km_Night_Monthly,modis_sst_images/california_coast_terra_night_2018_04_01.png,-0.3198344111442566,-0.39147293141910006,0.07163852027484346,1.0,18.260474737027973,356787,3
2018-05-01,2018,5,California Coast,Terra,Night,MODIS_Terra_L3_SST_Thermal_4km_Night_Monthly,modis_sst_images/california_coast_terra_night_2018_05_01.png,-0.249879390001297,-0.3171150875943048,0.06723569759300779,1.0,25.072986189965143,353149,3
2018-06-01,2018,6,California Coast,Terra,Night,MODIS_Terra_L3_SST_Thermal_4km_Night_Monthly,modis_sst_images/california_coast_terra_night_2018_06_01.png,-0.2100636065006256,-0.21172600558825902,0.0016623990876334094,1.0,29.1282608631449,338599,7
2018-07-01,2018,7,California Coast,Terra,Night,MODIS_Terra_L3_SST_Thermal_4km_Night_Monthly,modis_sst_images/california_coast_terra_night_2018_07_01.png,0.15329043567180634,0.11473061197570392,0.03855982369610242,1.0,57.7335427673854,350150,7
2018-08-01,2018,8,California Coast,Terra,Night,MODIS_Terra_L3_SST_Thermal_4km_Night_Monthly,modis_sst_images/california_coast_terra_night_2018_08_01.png,0.3547128140926361,0.33113935004387585,0.023573464048760262,1.0,63.23917616002485,354195,7
2018-09-01,2018,9,California Coast,Terra,Night,MODIS_Terra_L3_SST_Thermal_4km_Night_Monthly,modis_sst_images/california_coast_terra_night_2018_09_01.png,0.29197606444358826,0.3744739347270557,-0.08249787028346744,1.0,62.36151949026757,354382,10
2018-10-01,2018,10,California Coast,Terra,Night,MODIS_Terra_L3_SST_Thermal_4km_Night_Monthly,modis_sst_images/california_coast_terra_night_2018_10_01.png,0.21497377753257751,0.23466528264375833,-0.019691505111180813,1.0,58.21511362266679,356751,7
2018-11-01,2018,11,California Coast,Terra,Night,MODIS_Terra_L3_SST_Thermal_4km_Night_Monthly,modis_sst_images/california_coast_terra_night_2018_11_01.png,0.038678739219903946,0.029218495823442936,0.00946024339646101,1.0,46.77654936856771,356016,8
2018-12-01,2018,12,California Coast,Terra,Night,MODIS_Terra_L3_SST_Thermal_4km_Night_Monthly,modis_sst_images/california_coast_terra_night_2018_12_01.png,-0.20641176402568817,-0.23449445902728117,0.028082695001592994,1.0,31.118705228043652,355831,5
2019-01-01,2019,1,California Coast,Terra,Night,MODIS_Terra_L3_SST_Thermal_4km_Night_Monthly,modis_sst_images/california_coast_terra_night_2019_01_01.png,-0.3765287697315216,-0.3976911019820433,0.02116233225052172,0.8980392217636108,14.833904783317408,355820,5
2019-02-01,2019,2,California Coast,Terra,Night,MODIS_Terra_L3_SST_Thermal_4km_Night_Monthly,modis_sst_images/california_coast_terra_night_2019_02_01.png,-0.45550620555877686,-0.4394180817263467,-0.016088123832430135,0.772549033164978,6.750972818270971,349757,7
2019-03-01,2019,3,California Coast,Terra,Night,MODIS_Terra_L3_SST_Thermal_4km_Night_Monthly,modis_sst_images/california_coast_terra_night_2019_03_01.png,-0.40573230385780334,-0.4370488705379622,0.031316566680158864,0.9529411792755127,10.273398165003801,356513,6
2019-04-01,2019,4,California Coast,Terra,Night,MODIS_Terra_L3_SST_Thermal_4km_Night_Monthly,modis_sst_images/california_coast_terra_night_2019_04_01.png,-0.341248482465744,-0.39147293141910006,0.05022444895335604,1.0,17.393134980403016,353881,5
2019-05-01,2019,5,California Coast,Terra,Night,MODIS_Terra_L3_SST_Thermal_4km_Night_Monthly,modis_sst_images/california_coast_terra_night_2019_05_01.png,-0.2503906488418579,-0.3171150875943048,0.06672443875244688,1.0,25.448005580285233,356971,4
2019-06-01,2019,6,California Coast,Terra,Night,MODIS_Terra_L3_SST_Thermal_4km_Night_Monthly,modis_sst_images/california_coast_terra_night_2019_06_01.png,-0.30061590671539307,-0.21172600558825902,-0.08888990112713405,1.0,19.61720487067073,286942,11
2019-07-01,2019,7,California Coast,Terra,Night,MODIS_Terra_L3_SST_Thermal_4km_Night_Monthly,modis_sst_images/california_coast_terra_night_2019_07_01.png,0.19286184012889862,0.11473061197570392,0.0781312281531947,1.0,59.29187142971164,350812,4
2019-08-01,2019,8,California Coast,Terra,Night,MODIS_Terra_L3_SST_Thermal_4km_Night_Monthly,modis_sst_images/california_coast_terra_night_2019_08_01.png,0.5104479193687439,0.33113935004387585,0.17930856932486805,1.0,80.87952645251039,352235,2
2019-09-01,2019,9,California Coast,Terra,Night,MODIS_Terra_L3_SST_Thermal_4km_Night_Monthly,modis_sst_images/california_coast_terra_night_2019_09_01.png,0.6083004474639893,0.3744739347270557,0.23382651273693356,1.0,82.03557146452641,357590,1
2019-10-01,2019,10,California Coast,Terra,Night,MODIS_Terra_L3_SST_Thermal_4km_Night_Monthly,modis_sst_images/california_coast_terra_night_2019_10_01.png,0.283136785030365,0.23466528264375833,0.04847150238660666,1.0,64.50111455368784,356645,5
2019-11-01,2019,11,California Coast,Terra,Night,MODIS_Terra_L3_SST_Thermal_4km_Night_Monthly,modis_sst_images/california_coast_terra_night_2019_11_01.png,0.058988504111766815,0.029218495823442936,0.02977000828832388,1.0,49.349951014065155,355204,7
2019-12-01,2019,12,California Coast,Terra,Night,MODIS_Terra_L3_SST_Thermal_4km_Night_Monthly,modis_sst_images/california_coast_terra_night_2019_12_01.png,-0.22649532556533813,-0.23449445902728117,0.007999133461943031,1.0,26.51729413292236,354282,7
2020-01-01,2020,1,California Coast,Terra,Night,MODIS_Terra_L3_SST_Thermal_4km_Night_Monthly,modis_sst_images/california_coast_terra_night_2020_01_01.png,-0.40206125378608704,-0.3976911019820433,-0.004370151804043709,0.6901960968971252,10.496839272184465,353716,7
2020-02-01,2020,2,California Coast,Terra,Night,MODIS_Terra_L3_SST_Thermal_4km_Night_Monthly,modis_sst_images/california_coast_terra_night_2020_02_01.png,-0.4606108069419861,-0.4394180817263467,-0.021192725215639363,0.6901960968971252,4.668680199480227,355925,9
2020-03-01,2020,3,California Coast,Terra,Night,MODIS_Terra_L3_SST_Thermal_4km_Night_Monthly,modis_sst_images/california_coast_terra_night_2020_03_01.png,-0.4898937940597534,-0.4370488705379622,-0.05284492352179121,0.929411768913269,2.7881134917601567,355832,8
2020-04-01,2020,4,California Coast,Terra,Night,MODIS_Terra_L3_SST_Thermal_4km_Night_Monthly,modis_sst_images/california_coast_terra_night_2020_04_01.png,-0.4557260274887085,-0.39147293141910006,-0.06425309606960844,1.0,6.8741121710470905,356206,10
2020-05-01,2020,5,California Coast,Terra,Night,MODIS_Terra_L3_SST_Thermal_4km_Night_Monthly,modis_sst_images/california_coast_terra_night_2020_05_01.png,-0.25466427206993103,-0.3171150875943048,0.06245081552437376,1.0,22.81140654371864,356953,5
2020-06-01,2020,6,California Coast,Terra,Night,MODIS_Terra_L3_SST_Thermal_4km_Night_Monthly,modis_sst_images/california_coast_terra_night_2020_06_01.png,-0.11475833505392075,-0.21172600558825902,0.09696767053433827,1.0,39.30503455083909,354550,4
2020-07-01,2020,7,California Coast,Terra,Night,MODIS_Terra_L3_SST_Thermal_4km_Night_Monthly,modis_sst_images/california_coast_terra_night_2020_07_01.png,0.10641711950302124,0.11473061197570392,-0.008313492472682676,1.0,51.35678518248588,318326,9
2020-08-01,2020,8,California Coast,Terra,Night,MODIS_Terra_L3_SST_Thermal_4km_Night_Monthly,modis_sst_images/california_coast_terra_night_2020_08_01.png,0.446173757314682,0.33113935004387585,0.11503440727080616,1.0,71.57775319776512,352590,5
2020-09-01,2020,9,California Coast,Terra,Night,MODIS_Terra_L3_SST_Thermal_4km_Night_Monthly,modis_sst_images/california_coast_terra_night_2020_09_01.png,0.5453373193740845,0.3744739347270557,0.17086338464702877,1.0,78.43960015812955,354140,4
2020-10-01,2020,10,California Coast,Terra,Night,MODIS_Terra_L3_SST_Thermal_4km_Night_Monthly,modis_sst_images/california_coast_terra_night_2020_10_01.png,0.4552253484725952,0.23466528264375833,0.2205600658288369,1.0,71.22566302126609,356248,3
2020-11-01,2020,11,California Coast,Terra,Night,MODIS_Terra_L3_SST_Thermal_4km_Night_Monthly,modis_sst_images/california_coast_terra_night_2020_11_01.png,0.10027769207954407,0.029218495823442936,0.07105919625610113,1.0,51.89002760824933,356053,4
2020-12-01,2020,12,California Coast,Terra,Night,MODIS_Terra_L3_SST_Thermal_4km_Night_Monthly,modis_sst_images/california_coast_terra_night_2020_12_01.png,-0.21127288043498993,-0.23449445902728117,0.023221578592291237,1.0,28.89288675877384,355745,6
2021-01-01,2021,1,California Coast,Terra,Night,MODIS_Terra_L3_SST_Thermal_4km_Night_Monthly,modis_sst_images/california_coast_terra_night_2021_01_01.png,-0.42960262298583984,-0.3976911019820433,-0.03191152100379652,0.772549033164978,10.272563749273903,356357,9
2021-02-01,2021,2,California Coast,Terra,Night,MODIS_Terra_L3_SST_Thermal_4km_Night_Monthly,modis_sst_images/california_coast_terra_night_2021_02_01.png,-0.4914909303188324,-0.4394180817263467,-0.05207284859248568,0.6901960968971252,4.276980015636513,355578,10
2021-03-01,2021,3,California Coast,Terra,Night,MODIS_Terra_L3_SST_Thermal_4km_Night_Monthly,modis_sst_images/california_coast_terra_night_2021_03_01.png,-0.5301645398139954,-0.4370488705379622,-0.09311566927603315,0.47058823704719543,1.0986415312931463,355621,13
2021-04-01,2021,4,California Coast,Terra,Night,MODIS_Terra_L3_SST_Thermal_4km_Night_Monthly,modis_sst_images/california_coast_terra_night_2021_04_01.png,-0.466459184885025,-0.39147293141910006,-0.07498625346592497,1.0,5.649067145845325,356165,12
2021-05-01,2021,5,California Coast,Terra,Night,MODIS_Terra_L3_SST_Thermal_4km_Night_Monthly,modis_sst_images/california_coast_terra_night_2021_05_01.png,-0.4239846467971802,-0.3171150875943048,-0.10686955920287539,1.0,7.677816737878507,344512,14
2021-06-01,2021,6,California Coast,Terra,Night,MODIS_Terra_L3_SST_Thermal_4km_Night_Monthly,modis_sst_images/california_coast_terra_night_2021_06_01.png,-0.3190758228302002,-0.21172600558825902,-0.10734981724194118,1.0,17.07137621841117,356099,12
2021-07-01,2021,7,California Coast,Terra,Night,MODIS_Terra_L3_SST_Thermal_4km_Night_Monthly,modis_sst_images/california_coast_terra_night_2021_07_01.png,0.11836142838001251,0.11473061197570392,0.0036308164043085955,1.0,56.029696855607625,302793,8
2021-08-01,2021,8,California Coast,Terra,Night,MODIS_Terra_L3_SST_Thermal_4km_Night_Monthly,modis_sst_images/california_coast_terra_night_2021_08_01.png,0.25881174206733704,0.33113935004387585,-0.07232760797653881,1.0,60.84500108759116,349396,11
2021-09-01,2021,9,California Coast,Terra,Night,MODIS_Terra_L3_SST_Thermal_4km_Night_Monthly,modis_sst_images/california_coast_terra_night_2021_09_01.png,0.27264559268951416,0.3744739347270557,-0.10182834203754154,1.0,61.77028302551315,354915,11
2021-10-01,2021,10,California Coast,Terra,Night,MODIS_Terra_L3_SST_Thermal_4km_Night_Monthly,modis_sst_images/california_coast_terra_night_2021_10_01.png,0.04829370230436325,0.23466528264375833,-0.18637158033939508,1.0,46.34622251337605,355673,12
2021-11-01,2021,11,California Coast,Terra,Night,MODIS_Terra_L3_SST_Thermal_4km_Night_Monthly,modis_sst_images/california_coast_terra_night_2021_11_01.png,-0.06928596645593643,0.029218495823442936,-0.09850446227937937,1.0,39.61457487147342,355763,11
2021-12-01,2021,12,California Coast,Terra,Night,MODIS_Terra_L3_SST_Thermal_4km_Night_Monthly,modis_sst_images/california_coast_terra_night_2021_12_01.png,-0.3242466151714325,-0.23449445902728117,-0.08975215614415133,1.0,19.43590092156763,353094,11
2022-01-01,2022,1,California Coast,Terra,Night,MODIS_Terra_L3_SST_Thermal_4km_Night_Monthly,modis_sst_images/california_coast_terra_night_2022_01_01.png,-0.4612484574317932,-0.3976911019820433,-0.06355735544974989,0.8156862854957581,5.123224816675815,355245,10
2022-02-01,2022,2,California Coast,Terra,Night,MODIS_Terra_L3_SST_Thermal_4km_Night_Monthly,modis_sst_images/california_coast_terra_night_2022_02_01.png,-0.45932120084762573,-0.4394180817263467,-0.01990311912127901,0.6901960968971252,5.2640292271473506,356381,8
2022-03-01,2022,3,California Coast,Terra,Night,MODIS_Terra_L3_SST_Thermal_4km_Night_Monthly,modis_sst_images/california_coast_terra_night_2022_03_01.png,-0.5009714961051941,-0.4370488705379622,-0.06392262556723188,0.9960784316062927,1.690875504623729,356206,10
2022-04-01,2022,4,California Coast,Terra,Night,MODIS_Terra_L3_SST_Thermal_4km_Night_Monthly,modis_sst_images/california_coast_terra_night_2022_04_01.png,-0.436227947473526,-0.39147293141910006,-0.044755016054425945,1.0,4.994493748785386,355051,8
2022-05-01,2022,5,California Coast,Terra,Night,MODIS_Terra_L3_SST_Thermal_4km_Night_Monthly,modis_sst_images/california_coast_terra_night_2022_05_01.png,-0.4152275621891022,-0.3171150875943048,-0.09811247459479738,1.0,7.081883277653129,344527,11
2022-06-01,2022,6,California Coast,Terra,Night,MODIS_Terra_L3_SST_Thermal_4km_Night_Monthly,modis_sst_images/california_coast_terra_night_2022_06_01.png,-0.1510680466890335,-0.21172600558825902,0.06065795889922551,1.0,34.71762382015914,356404,5
2022-07-01,2022,7,California Coast,Terra,Night,MODIS_Terra_L3_SST_Thermal_4km_Night_Monthly,modis_sst_images/california_coast_terra_night_2022_07_01.png,0.05602679401636124,0.11473061197570392,-0.05870381795934268,1.0,50.97716048658604,340988,11
2022-08-01,2022,8,California Coast,Terra,Night,MODIS_Terra_L3_SST_Thermal_4km_Night_Monthly,modis_sst_images/california_coast_terra_night_2022_08_01.png,0.4310586750507355,0.33113935004387585,0.09991932500685963,1.0,74.88225354642775,356274,6
2022-09-01,2022,9,California Coast,Terra,Night,MODIS_Terra_L3_SST_Thermal_4km_Night_Monthly,modis_sst_images/california_coast_terra_night_2022_09_01.png,0.540134847164154,0.3744739347270557,0.16566091243709835,1.0,80.76673309895425,357256,5
2022-11-01,2022,11,California Coast,Terra,Night,MODIS_Terra_L3_SST_Thermal_4km_Night_Monthly,modis_sst_images/california_coast_terra_night_2022_11_01.png,-0.018964802846312523,0.029218495823442936,-0.04818329866975546,1.0,43.95145988581773,355747,9
2023-02-01,2023,2,California Coast,Terra,Night,MODIS_Terra_L3_SST_Thermal_4km_Night_Monthly,modis_sst_images/california_coast_terra_night_2023_02_01.png,-0.49800026416778564,-0.4394180817263467,-0.058582182441438924,0.5137255191802979,1.6438618098789177,355626,11
2023-03-01,2023,3,California Coast,Terra,Night,MODIS_Terra_L3_SST_Thermal_4km_Night_Monthly,modis_sst_images/california_coast_terra_night_2023_03_01.png,-0.49039533734321594,-0.4370488705379622,-0.053346466805253734,0.6901960968971252,2.2140968667379197,355540,9
2023-04-01,2023,4,California Coast,Terra,Night,MODIS_Terra_L3_SST_Thermal_4km_Night_Monthly,modis_sst_images/california_coast_terra_night_2023_04_01.png,-0.47265270352363586,-0.39147293141910006,-0.08117977210453581,1.0,3.5476273280685833,353673,13
2023-05-01,2023,5,California Coast,Terra,Night,MODIS_Terra_L3_SST_Thermal_4km_Night_Monthly,modis_sst_images/california_coast_terra_night_2023_05_01.png,-0.4230021834373474,-0.3171150875943048,-0.10588709584304262,1.0,8.77120036859213,355949,13
2023-06-01,2023,6,California Coast,Terra,Night,MODIS_Terra_L3_SST_Thermal_4km_Night_Monthly,modis_sst_images/california_coast_terra_night_2023_06_01.png,-0.28929924964904785,-0.21172600558825902,-0.07757324406078883,1.0,20.508012773562243,341330,9
2023-07-01,2023,7,California Coast,Terra,Night,MODIS_Terra_L3_SST_Thermal_4km_Night_Monthly,modis_sst_images/california_coast_terra_night_2023_07_01.png,0.08767745643854141,0.11473061197570392,-0.027053155537162504,1.0,52.782802137258564,336693,10
2023-08-01,2023,8,California Coast,Terra,Night,MODIS_Terra_L3_SST_Thermal_4km_Night_Monthly,modis_sst_images/california_coast_terra_night_2023_08_01.png,0.47392261028289795,0.33113935004387585,0.1427832602390221,1.0,80.45299714185036,357574,4
2023-09-01,2023,9,California Coast,Terra,Night,MODIS_Terra_L3_SST_Thermal_4km_Night_Monthly,modis_sst_images/california_coast_terra_night_2023_09_01.png,0.5226516127586365,0.3744739347270557,0.14817767803158077,1.0,79.59587214254793,358055,6
2023-10-01,2023,10,California Coast,Terra,Night,MODIS_Terra_L3_SST_Thermal_4km_Night_Monthly,modis_sst_images/california_coast_terra_night_2023_10_01.png,0.3092966377735138,0.23466528264375833,0.07463135512975547,1.0,65.02948108262252,357687,4
2023-11-01,2023,11,California Coast,Terra,Night,MODIS_Terra_L3_SST_Thermal_4km_Night_Monthly,modis_sst_images/california_coast_terra_night_2023_11_01.png,0.17254462838172913,0.029218495823442936,0.1433261325582862,1.0,56.72229793009079,356634,3
2023-12-01,2023,12,California Coast,Terra,Night,MODIS_Terra_L3_SST_Thermal_4km_Night_Monthly,modis_sst_images/california_coast_terra_night_2023_12_01.png,-0.1285969316959381,-0.23449445902728117,0.10589752733134306,1.0,36.067145875943076,353499,3
2010-01-01,2010,1,Gulf of Mexico,Aqua,Day,MODIS_Aqua_L3_SST_Thermal_4km_Day_Monthly,modis_sst_images/gulf_of_mexico_aqua_day_2010_01_01.png,0.7147833704948425,0.8019125035830906,-0.0871291330882481,1.0,86.0860541804866,417272,14
2010-02-01,2010,2,Gulf of Mexico,Aqua,Day,MODIS_Aqua_L3_SST_Thermal_4km_Day_Monthly,modis_sst_images/gulf_of_mexico_aqua_day_2010_02_01.png,0.6458879709243774,0.800328825201307,-0.15444085427692955,1.0,82.331767256957,415050,14
2010-03-01,2010,3,Gulf of Mexico,Aqua,Day,MODIS_Aqua_L3_SST_Thermal_4km_Day_Monthly,modis_sst_images/gulf_of_mexico_aqua_day_2010_03_01.png,0.6386569738388062,0.870662693466459,-0.23200571962765282,1.0,82.82104677273861,416824,14
2010-04-01,2010,4,Gulf of Mexico,Aqua,Day,MODIS_Aqua_L3_SST_Thermal_4km_Day_Monthly,modis_sst_images/gulf_of_mexico_aqua_day_2010_04_01.png,0.9142563939094543,0.9427658489772252,-0.028509455067770806,1.0,99.72027502291057,416838,14
2010-05-01,2010,5,Gulf of Mexico,Aqua,Day,MODIS_Aqua_L3_SST_Thermal_4km_Day_Monthly,modis_sst_images/gulf_of_mexico_aqua_day_2010_05_01.png,0.903354287147522,0.8986447666372571,0.004709520510264853,1.0,100.0,418118,5
2010-06-01,2010,6,Gulf of Mexico,Aqua,Day,MODIS_Aqua_L3_SST_Thermal_4km_Day_Monthly,modis_sst_images/gulf_of_mexico_aqua_day_2010_06_01.png,0.712397575378418,0.7778127514399015,-0.0654151760614835,0.9803921580314636,100.0,418979,13
2010-07-01,2010,7,Gulf of Mexico,Aqua,Day,MODIS_Aqua_L3_SST_Thermal_4km_Day_Monthly,modis_sst_images/gulf_of_mexico_aqua_day_2010_07_01.png,0.7319294214248657,0.6709952482155391,0.06093417320932659,0.9843137264251709,100.0,417972,1
2010-08-01,2010,8,Gulf of Mexico,Aqua,Day,MODIS_Aqua_L3_SST_Thermal_4km_Day_Monthly,modis_sst_images/gulf_of_mexico_aqua_day_2010_08_01.png,0.6025885939598083,0.6007028988429478,0.0018856951168605418,0.9490196108818054,100.0,419282,7
2010-09-01,2010,9,Gulf of Mexico,Aqua,Day,MODIS_Aqua_L3_SST_Thermal_4km_Day_Monthly,modis_sst_images/gulf_of_mexico_aqua_day_2010_09_01.png,0.6760956645011902,0.6527232293571744,0.02337243514401577,0.9647058844566345,100.0,421429,6
2010-10-01,2010,10,Gulf of Mexico,Aqua,Day,MODIS_Aqua_L3_SST_Thermal_4km_Day_Monthly,modis_sst_images/gulf_of_mexico_aqua_day_2010_10_01.png,0.8808306455612183,0.8088520581905658,0.07197858737065244,1.0,100.0,421061,1
2010-11-01,2010,11,Gulf of Mexico,Aqua,Day,MODIS_Aqua_L3_SST_Thermal_4km_Day_Monthly,modis_sst_images/gulf_of_mexico_aqua_day_2010_11_01.png,0.9432412981987,0.8999610955898578,0.04328020260884213,1.0,99.51997603446472,420604,1
2010-12-01,2010,12,Gulf of Mexico,Aqua,Day,MODIS_Aqua_L3_SST_Thermal_4km_Day_Monthly,modis_sst_images/gulf_of_mexico_aqua_day_2010_12_01.png,0.848694384098053,0.8691245179909927,-0.020430133892939684,1.0,92.93244844977421,416778,11
2011-01-01,2011,1,Gulf of Mexico,Aqua,Day,MODIS_Aqua_L3_SST_Thermal_4km_Day_Monthly,modis_sst_images/gulf_of_mexico_aqua_day_2011_01_01.png,0.7221037745475769,0.8019125035830906,-0.07980872903551373,1.0,85.61813249305018,417637,13
2011-02-01,2011,2,Gulf of Mexico,Aqua,Day,MODIS_Aqua_L3_SST_Thermal_4km_Day_Monthly,modis_sst_images/gulf_of_mexico_aqua_day_2011_02_01.png,0.7165480852127075,0.800328825201307,-0.08378073998859947,1.0,87.08097513286592,417338,13
2011-03-01,2011,3,Gulf of Mexico,Aqua,Day,MODIS_Aqua_L3_SST_Thermal_4km_Day_Monthly,modis_sst_images/gulf_of_mexico_aqua_day_2011_03_01.png,0.8746243119239807,0.870662693466459,0.003961618457521743,1.0,95.95410873796635,417683,9
2011-04-01,2011,4,Gulf of Mexico,Aqua,Day,MODIS_Aqua_L3_SST_Thermal_4km_Day_Monthly,modis_sst_images/gulf_of_mexico_aqua_day_2011_04_01.png,0.9599331021308899,0.9427658489772252,0.01716725315366474,1.0,99.99424631524438,417124,3
2011-05-01,2011,5,Gulf of Mexico,Aqua,Day,MODIS_Aqua_L3_SST_Thermal_4km_Day_Monthly,modis_sst_images/gulf_of_mexico_aqua_day_2011_05_01.png,0.9137848615646362,0.8986447666372571,0.01514009492737911,1.0,100.0,417260,4
2011-06-01,2011,6,Gulf of Mexico,Aqua,Day,MODIS_Aqua_L3_SST_Thermal_4km_Day_Monthly,modis_sst_images/gulf_of_mexico_aqua_day_2011_06_01.png,0.7892400622367859,0.7778127514399015,0.011427310796884416,1.0,100.0,417398,7
2011-07-01,2011,7,Gulf of Mexico,Aqua,Day,MODIS_Aqua_L3_SST_Thermal_4km_Day_Monthly,modis_sst_images/gulf_of_mexico_aqua_day_2011_07_01.png,0.6930286884307861,0.6709952482155391,0.022033440215247002,1.0,100.0,418152,6
2011-08-01,2011,8,Gulf of Mexico,Aqua,Day,MODIS_Aqua_L3_SST_Thermal_4km_Day_Monthly,modis_sst_images/gulf_of_mexico_aqua_day_2011_08_01.png,0.5798486471176147,0.6007028988429478,-0.02085425172533306,0.9647058844566345,100.0,419652,11
2011-09-01,2011,9,Gulf of Mexico,Aqua,Day,MODIS_Aqua_L3_SST_Thermal_4km_Day_Monthly,modis_sst_images/gulf_of_mexico_aqua_day_2011_09_01.png,0.6978199481964111,0.6527232293571744,0.045096718839236716,0.9647058844566345,100.0,420667,3
2011-10-01,2011,10,Gulf of Mexico,Aqua,Day,MODIS_Aqua_L3_SST_Thermal_4km_Day_Monthly,modis_sst_images/gulf_of_mexico_aqua_day_2011_10_01.png,0.8307605385780334,0.8088520581905658,0.02190848038746762,1.0,100.0,420422,3
2011-11-01,2011,11,Gulf of Mexico,Aqua,Day,MODIS_Aqua_L3_SST_Thermal_4km_Day_Monthly,modis_sst_images/gulf_of_mexico_aqua_day_2011_11_01.png,0.9227959513664246,0.8999610955898578,0.022834855776566743,1.0,99.07113750588414,420622,3
2011-12-01,2011,12,Gulf of Mexico,Aqua,Day,MODIS_Aqua_L3_SST_Thermal_4km_Day_Monthly,modis_sst_images/gulf_of_mexico_aqua_day_2011_12_01.png,0.8638877272605896,0.8691245179909927,-0.0052367907304030625,1.0,93.74784192791742,419935,7
2012-01-01,2012,1,Gulf of Mexico,Aqua,Day,MODIS_Aqua_L3_SST_Thermal_4km_Day_Monthly,modis_sst_images/gulf_of_mexico_aqua_day_2012_01_01.png,0.8137133121490479,0.8019125035830906,0.011800808565957221,1.0,91.23913686359431,419308,7
2012-02-01,2012,2,Gulf of Mexico,Aqua,Day,MODIS_Aqua_L3_SST_Thermal_4km_Day_Monthly,modis_sst_images/gulf_of_mexico_aqua_day_2012_02_01.png,0.8422807455062866,0.800328825201307,0.04195192030497963,1.0,92.62410556459454,412411,4
2012-03-01,2012,3,Gulf of Mexico,Aqua,Day,MODIS_Aqua_L3_SST_Thermal_4km_Day_Monthly,modis_sst_images/gulf_of_mexico_aqua_day_2012_03_01.png,0.9519546627998352,0.870662693466459,0.08129196933337623,1.0,99.46185146048397,418286,2
2012-04-01,2012,4,Gulf of Mexico,Aqua,Day,MODIS_Aqua_L3_SST_Thermal_4km_Day_Monthly,modis_sst_images/gulf_of_mexico_aqua_day_2012_04_01.png,0.9586993455886841,0.9427658489772252,0.01593349661145893,1.0,100.0,417734,4
2012-05-01,2012,5,Gulf of Mexico,Aqua,Day,MODIS_Aqua_L3_SST_Thermal_4km_Day_Monthly,modis_sst_images/gulf_of_mexico_aqua_day_2012_05_01.png,0.8942232131958008,0.8986447666372571,-0.0044215534414563384,1.0,100.0,417823,9
2012-06-01,2012,6,Gulf of Mexico,Aqua,Day,MODIS_Aqua_L3_SST_Thermal_4km_Day_Monthly,modis_sst_images/gulf_of_mexico_aqua_day_2012_06_01.png,0.8051261901855469,0.7778127514399015,0.027313438745645402,1.0,100.0,416330,3
2012-07-01,2012,7,Gulf of Mexico,Aqua,Day,MODIS_Aqua_L3_SST_Thermal_4km_Day_Monthly,modis_sst_images/gulf_of_mexico_aqua_day_2012_07_01.png,0.7254273891448975,0.6709952482155391,0.05443214092935833,0.9921568632125854,100.0,418632,3
2012-08-01,2012,8,Gulf of Mexico,Aqua,Day,MODIS_Aqua_L3_SST_Thermal_4km_Day_Monthly,modis_sst_images/gulf_of_mexico_aqua_day_2012_08_01.png,0.659984827041626,0.6007028988429478,0.05928192819867817,0.9803921580314636,100.0,418629,1
2012-09-01,2012,9,Gulf of Mexico,Aqua,Day,MODIS_Aqua_L3_SST_Thermal_4km_Day_Monthly,modis_sst_images/gulf_of_mexico_aqua_day_2012_09_01.png,0.7133566737174988,0.6527232293571744,0.06063344436032436,0.9882352948188782,100.0,420056,2
2012-10-01,2012,10,Gulf of Mexico,Aqua,Day,MODIS_Aqua_L3_SST_Thermal_4km_Day_Monthly,modis_sst_images/gulf_of_mexico_aqua_day_2012_10_01.png,0.8282651901245117,0.8088520581905658,0.019413131933945893,1.0,100.0,421666,4
2012-11-01,2012,11,Gulf of Mexico,Aqua,Day,MODIS_Aqua_L3_SST_Thermal_4km_Day_Monthly,modis_sst_images/gulf_of_mexico_aqua_day_2012_11_01.png,0.8961640000343323,0.8999610955898578,-0.0037970955555255426,1.0,98.27650618320956,420251,7
2012-12-01,2012,12,Gulf of Mexico,Aqua,Day,MODIS_Aqua_L3_SST_Thermal_4km_Day_Monthly,modis_sst_images/gulf_of_mexico_aqua_day_2012_12_01.png,0.9010890126228333,0.8691245179909927,0.03196449463184059,1.0,96.53439896419918,420158,3
2013-01-01,2013,1,Gulf of Mexico,Aqua,Day,MODIS_Aqua_L3_SST_Thermal_4km_Day_Monthly,modis_sst_images/gulf_of_mexico_aqua_day_2013_01_01.png,0.8344078660011292,0.8019125035830906,0.03249536241803852,1.0,92.14913559475956,418438,4
2013-02-01,2013,2,Gulf of Mexico,Aqua,Day,MODIS_Aqua_L3_SST_Thermal_4km_Day_Monthly,modis_sst_images/gulf_of_mexico_aqua_day_2013_02_01.png,0.8286975622177124,0.800328825201307,0.02836873701640541,1.0,91.91609732710056,417150,6
2013-03-01,2013,3,Gulf of Mexico,Aqua,Day,MODIS_Aqua_L3_SST_Thermal_4km_Day_Monthly,modis_sst_images/gulf_of_mexico_aqua_day_2013_03_01.png,0.8110575675964355,0.870662693466459,-0.05960512587002342,1.0,90.99638102035587,417521,12
2013-04-01,2013,4,Gulf of Mexico,Aqua,Day,MODIS_Aqua_L3_SST_Thermal_4km_Day_Monthly,modis_sst_images/gulf_of_mexico_aqua_day_2013_04_01.png,0.9296742081642151,0.9427658489772252,-0.013091640813010064,1.0,99.76143618297893,416660,11
2013-05-01,2013,5,Gulf of Mexico,Aqua,Day,MODIS_Aqua_L3_SST_Thermal_4km_Day_Monthly,modis_sst_images/gulf_of_mexico_aqua_day_2013_05_01.png,0.9353219866752625,0.8986447666372571,0.03667722003800533,1.0,100.0,416214,2
2013-06-01,2013,6,Gulf of Mexico,Aqua,Day,MODIS_Aqua_L3_SST_Thermal_4km_Day_Monthly,modis_sst_images/gulf_of_mexico_aqua_day_2013_06_01.png,0.8077687621116638,0.7778127514399015,0.029956010671762345,0.9882352948188782,100.0,418113,2
2013-07-01,2013,7,Gulf of Mexico,Aqua,Day,MODIS_Aqua_L3_SST_Thermal_4km_Day_Monthly,modis_sst_images/gulf_of_mexico_aqua_day_2013_07_01.png,0.7285868525505066,0.6709952482155391,0.05759160433496746,1.0,100.0,417429,2
2013-08-01,2013,8,Gulf of Mexico,Aqua,Day,MODIS_Aqua_L3_SST_Thermal_4km_Day_Monthly,modis_sst_images/gulf_of_mexico_aqua_day_2013_08_01.png,0.659176230430603,0.6007028988429478,0.05847333158765522,0.9490196108818054,100.0,418870,2
2013-09-01,2013,9,Gulf of Mexico,Aqua,Day,MODIS_Aqua_L3_SST_Thermal_4km_Day_Monthly,modis_sst_images/gulf_of_mexico_aqua_day_2013_09_01.png,0.7204903960227966,0.6527232293571744,0.06776716666562221,0.9411764740943909,100.0,421166,1
2013-10-01,2013,10,Gulf of Mexico,Aqua,Day,MODIS_Aqua_L3_SST_Thermal_4km_Day_Monthly,modis_sst_images/gulf_of_mexico_aqua_day_2013_10_01.png,0.8100338578224182,0.8088520581905658,0.0011817996318523871,1.0,100.0,422165,8
2013-11-01,2013,11,Gulf of Mexico,Aqua,Day,MODIS_Aqua_L3_SST_Thermal_4km_Day_Monthly,modis_sst_images/gulf_of_mexico_aqua_day_2013_11_01.png,0.9009564518928528,0.8999610955898578,0.0009953563029949652,1.0,99.57668388120543,420962,6
2013-12-01,2013,12,Gulf of Mexico,Aqua,Day,MODIS_Aqua_L3_SST_Thermal_4km_Day_Monthly,modis_sst_images/gulf_of_mexico_aqua_day_2013_12_01.png,0.873019814491272,0.8691245179909927,0.0038952965002793105,1.0,95.2135321602832,415839,6
2014-01-01,2014,1,Gulf of Mexico,Aqua,Day,MODIS_Aqua_L3_SST_Thermal_4km_Day_Monthly,modis_sst_images/gulf_of_mexico_aqua_day_2014_01_01.png,0.7642094492912292,0.8019125035830906,-0.03770305429186138,1.0,89.45980071061831,417383,12
2014-02-01,2014,2,Gulf of Mexico,Aqua,Day,MODIS_Aqua_L3_SST_Thermal_4km_Day_Monthly,modis_sst_images/gulf_of_mexico_aqua_day_2014_02_01.png,0.7563722729682922,0.800328825201307,-0.043956552233014756,1.0,89.47829362689464,416767,12
2014-03-01,2014,3,Gulf of Mexico,Aqua,Day,MODIS_Aqua_L3_SST_Thermal_4km_Day_Monthly,modis_sst_images/gulf_of_mexico_aqua_day_2014_03_01.png,0.7856165170669556,0.870662693466459,-0.0850461763995034,1.0,90.2952149851817,417052,13
2014-04-01,2014,4,Gulf of Mexico,Aqua,Day,MODIS_Aqua_L3_SST_Thermal_4km_Day_Monthly,modis_sst_images/gulf_of_mexico_aqua_day_2014_04_01.png,0.9263566136360168,0.9427658489772252,-0.016409235341208306,1.0,99.93060258091162,416442,12
2014-05-01,2014,5,Gulf of Mexico,Aqua,Day,MODIS_Aqua_L3_SST_Thermal_4km_Day_Monthly,modis_sst_images/gulf_of_mexico_aqua_day_2014_05_01.png,0.9399389624595642,0.8986447666372571,0.04129419582230709,1.0,100.0,416494,1
2014-06-01,2014,6,Gulf of Mexico,Aqua,Day,MODIS_Aqua_L3_SST_Thermal_4km_Day_Monthly,modis_sst_images/gulf_of_mexico_aqua_day_2014_06_01.png,0.838036835193634,0.7778127514399015,0.06022408375373256,1.0,100.0,417822,1
2014-07-01,2014,7,Gulf of Mexico,Aqua,Day,MODIS_Aqua_L3_SST_Thermal_4km_Day_Monthly,modis_sst_images/gulf_of_mexico_aqua_day_2014_07_01.png,0.6715514063835144,0.6709952482155391,0.0005561581679752736,0.9843137264251709,100.0,418885,7
2014-08-01,2014,8,Gulf of Mexico,Aqua,Day,MODIS_Aqua_L3_SST_Thermal_4km_Day_Monthly,modis_sst_images/gulf_of_mexico_aqua_day_2014_08_01.png,0.5846256017684937,0.6007028988429478,-0.016077297074454155,0.9490196108818054,100.0,419115,9
2014-09-01,2014,9,Gulf of Mexico,Aqua,Day,MODIS_Aqua_L3_SST_Thermal_4km_Day_Monthly,modis_sst_images/gulf_of_mexico_aqua_day_2014_09_01.png,0.6635208129882812,0.6527232293571744,0.010797583631106833,0.9843137264251709,100.0,420497,7
2014-10-01,2014,10,Gulf of Mexico,Aqua,Day,MODIS_Aqua_L3_SST_Thermal_4km_Day_Monthly,modis_sst_images/gulf_of_mexico_aqua_day_2014_10_01.png,0.8155054450035095,0.8088520581905658,0.006653386812943696,1.0,100.0,422445,7
2014-11-01,2014,11,Gulf of Mexico,Aqua,Day,MODIS_Aqua_L3_SST_Thermal_4km_Day_Monthly,modis_sst_images/gulf_of_mexico_aqua_day_2014_11_01.png,0.8873931765556335,0.8999610955898578,-0.012567919034224273,1.0,97.24032232730596,420194,8
2014-12-01,2014,12,Gulf of Mexico,Aqua,Day,MODIS_Aqua_L3_SST_Thermal_4km_Day_Monthly,modis_sst_images/gulf_of_mexico_aqua_day_2014_12_01.png,0.861007034778595,0.8691245179909927,-0.008117483212397691,1.0,93.90150117260508,420005,8
2015-01-01,2015,1,Gulf of Mexico,Aqua,Day,MODIS_Aqua_L3_SST_Thermal_4km_Day_Monthly,modis_sst_images/gulf_of_mexico_aqua_day_2015_01_01.png,0.7977107167243958,0.8019125035830906,-0.004201786858694878,1.0,90.44055131782203,417545,8
2015-02-01,2015,2,Gulf of Mexico,Aqua,Day,MODIS_Aqua_L3_SST_Thermal_4km_Day_Monthly,modis_sst_images/gulf_of_mexico_aqua_day_2015_02_01.png,0.7590586543083191,0.800328825201307,-0.0412701708929879,1.0,88.49383871321967,418906,11
2015-03-01,2015,3,Gulf of Mexico,Aqua,Day,MODIS_Aqua_L3_SST_Thermal_4km_Day_Monthly,modis_sst_images/gulf_of_mexico_aqua_day_2015_03_01.png,0.8935962915420532,0.870662693466459,0.022933598075594253,1.0,96.78626764020566,417583,6
2015-04-01,2015,4,Gulf of Mexico,Aqua,Day,MODIS_Aqua_L3_SST_Thermal_4km_Day_Monthly,modis_sst_images/gulf_of_mexico_aqua_day_2015_04_01.png,0.9419693946838379,0.9427658489772252,-0.0007964542933872609,1.0,100.0,410807,9
2015-05-01,2015,5,Gulf of Mexico,Aqua,Day,MODIS_Aqua_L3_SST_Thermal_4km_Day_Monthly,modis_sst_images/gulf_of_mexico_aqua_day_2015_05_01.png,0.899909496307373,0.8986447666372571,0.0012647296701159272,1.0,100.0,417245,7
2015-06-01,2015,6,Gulf of Mexico,Aqua,Day,MODIS_Aqua_L3_SST_Thermal_4km_Day_Monthly,modis_sst_images/gulf_of_mexico_aqua_day_2015_06_01.png,0.7768123149871826,0.7778127514399015,-0.0010004364527188558,1.0,100.0,417011,8
2015-07-01,2015,7,Gulf of Mexico,Aqua,Day,MODIS_Aqua_L3_SST_Thermal_4km_Day_Monthly,modis_sst_images/gulf_of_mexico_aqua_day_2015_07_01.png,0.702792763710022,0.6709952482155391,0.03179751549448284,1.0,100.0,418395,4
2015-08-01,2015,8,Gulf of Mexico,Aqua,Day,MODIS_Aqua_L3_SST_Thermal_4km_Day_Monthly,modis_sst_images/gulf_of_mexico_aqua_day_2015_08_01.png,0.5843366384506226,0.6007028988429478,-0.01636626039232525,0.9921568632125854,100.0,419142,10
2015-09-01,2015,9,Gulf of Mexico,Aqua,Day,MODIS_Aqua_L3_SST_Thermal_4km_Day_Monthly,modis_sst_images/gulf_of_mexico_aqua_day_2015_09_01.png,0.6411681771278381,0.6527232293571744,-0.011555052229336282,1.0,100.0,420319,9
2015-10-01,2015,10,Gulf of Mexico,Aqua,Day,MODIS_Aqua_L3_SST_Thermal_4km_Day_Monthly,modis_sst_images/gulf_of_mexico_aqua_day_2015_10_01.png,0.7919865250587463,0.8088520581905658,-0.016865533131819488,1.0,100.0,421411,9
2015-11-01,2015,11,Gulf of Mexico,Aqua,Day,MODIS_Aqua_L3_SST_Thermal_4km_Day_Monthly,modis_sst_images/gulf_of_mexico_aqua_day_2015_11_01.png,0.8846158981323242,0.8999610955898578,-0.0153451974575336,1.0,99.92401125864342,422431,10
2015-12-01,2015,12,Gulf of Mexico,Aqua,Day,MODIS_Aqua_L3_SST_Thermal_4km_Day_Monthly,modis_sst_images/gulf_of_mexico_aqua_day_2015_12_01.png,0.9050168395042419,0.8691245179909927,0.03589232151324928,1.0,97.87022382997965,420185,2
2016-01-01,2016,1,Gulf of Mexico,Aqua,Day,MODIS_Aqua_L3_SST_Thermal_4km_Day_Monthly,modis_sst_images/gulf_of_mexico_aqua_day_2016_01_01.png,0.8138905763626099,0.8019125035830906,0.011978072779519233,1.0,91.19632633587787,419200,6
2016-02-01,2016,2,Gulf of Mexico,Aqua,Day,MODIS_Aqua_L3_SST_Thermal_4km_Day_Monthly,modis_sst_images/gulf_of_mexico_aqua_day_2016_02_01.png,0.7683082222938538,0.800328825201307,-0.03202060290745323,1.0,89.13017035982341,419289,10
2016-03-01,2016,3,Gulf of Mexico,Aqua,Day,MODIS_Aqua_L3_SST_Thermal_4km_Day_Monthly,modis_sst_images/gulf_of_mexico_aqua_day_2016_03_01.png,0.885593593120575,0.870662693466459,0.014930899654115981,1.0,97.73993681801718,416891,7
2016-04-01,2016,4,Gulf of Mexico,Aqua,Day,MODIS_Aqua_L3_SST_Thermal_4km_Day_Monthly,modis_sst_images/gulf_of_mexico_aqua_day_2016_04_01.png,0.9495941400527954,0.9427658489772252,0.006828291075570259,1.0,99.99064126530092,416723,5
2016-05-01,2016,5,Gulf of Mexico,Aqua,Day,MODIS_Aqua_L3_SST_Thermal_4km_Day_Monthly,modis_sst_images/gulf_of_mexico_aqua_day_2016_05_01.png,0.8822547793388367,0.8986447666372571,-0.01638998729842045,1.0,100.0,417534,12
2016-06-01,2016,6,Gulf of Mexico,Aqua,Day,MODIS_Aqua_L3_SST_Thermal_4km_Day_Monthly,modis_sst_images/gulf_of_mexico_aqua_day_2016_06_01.png,0.7305999994277954,0.7778127514399015,-0.04721275201210606,1.0,100.0,419043,12
2016-07-01,2016,7,Gulf of Mexico,Aqua,Day,MODIS_Aqua_L3_SST_Thermal_4km_Day_Monthly,modis_sst_images/gulf_of_mexico_aqua_day_2016_07_01.png,0.6165333986282349,0.6709952482155391,-0.05446184958730427,0.9411764740943909,100.0,418779,13
2016-08-01,2016,8,Gulf of Mexico,Aqua,Day,MODIS_Aqua_L3_SST_Thermal_4km_Day_Monthly,modis_sst_images/gulf_of_mexico_aqua_day_2016_08_01.png,0.6109198331832886,0.6007028988429478,0.010216934340340766,0.9803921580314636,100.0,419447,6
2016-09-01,2016,9,Gulf of Mexico,Aqua,Day,MODIS_Aqua_L3_SST_Thermal_4km_Day_Monthly,modis_sst_images/gulf_of_mexico_aqua_day_2016_09_01.png,0.6106008887290955,0.6527232293571744,-0.04212234062807896,0.9411764740943909,100.0,421678,13
2016-10-01,2016,10,Gulf of Mexico,Aqua,Day,MODIS_Aqua_L3_SST_Thermal_4km_Day_Monthly,modis_sst_images/gulf_of_mexico_aqua_day_2016_10_01.png,0.7445489764213562,0.8088520581905658,-0.06430308176920962,1.0,100.0,422067,13
2016-11-01,2016,11,Gulf of Mexico,Aqua,Day,MODIS_Aqua_L3_SST_Thermal_4km_Day_Monthly,modis_sst_images/gulf_of_mexico_aqua_day_2016_11_01.png,0.9123420119285583,0.8999610955898578,0.012380916338700532,1.0,99.90698866305694,421454,4
2016-12-01,2016,12,Gulf of Mexico,Aqua,Day,MODIS_Aqua_L3_SST_Thermal_4km_Day_Monthly,modis_sst_images/gulf_of_mexico_aqua_day_2016_12_01.png,0.883726179599762,0.8691245179909927,0.0146016616087693,1.0,96.05546491111575,421672,5
2017-01-01,2017,1,Gulf of Mexico,Aqua,Day,MODIS_Aqua_L3_SST_Thermal_4km_Day_Monthly,modis_sst_images/gulf_of_mexico_aqua_day_2017_01_01.png,0.8642050623893738,0.8019125035830906,0.06229255880628315,1.0,94.04343275647092,419453,1
2017-02-01,2017,2,Gulf of Mexico,Aqua,Day,MODIS_Aqua_L3_SST_Thermal_4km_Day_Monthly,modis_sst_images/gulf_of_mexico_aqua_day_2017_02_01.png,0.8992766737937927,0.800328825201307,0.09894784859248573,1.0,97.18103370056781,418806,2
2017-03-01,2017,3,Gulf of Mexico,Aqua,Day,MODIS_Aqua_L3_SST_Thermal_4km_Day_Monthly,modis_sst_images/gulf_of_mexico_aqua_day_2017_03_01.png,0.9371342658996582,0.870662693466459,0.06647157243319923,1.0,99.00887326301691,418110,4
2017-04-01,2017,4,Gulf of Mexico,Aqua,Day,MODIS_Aqua_L3_SST_Thermal_4km_Day_Monthly,modis_sst_images/gulf_of_mexico_aqua_day_2017_04_01.png,0.9662886261940002,0.9427658489772252,0.023522777216775093,1.0,100.0,417261,1
2017-05-01,2017,5,Gulf of Mexico,Aqua,Day,MODIS_Aqua_L3_SST_Thermal_4km_Day_Monthly,modis_sst_images/gulf_of_mexico_aqua_day_2017_05_01.png,0.9218433499336243,0.8986447666372571,0.023198583296367148,1.0,100.0,417183,3
2017-06-01,2017,6,Gulf of Mexico,Aqua,Day,MODIS_Aqua_L3_SST_Thermal_4km_Day_Monthly,modis_sst_images/gulf_of_mexico_aqua_day_2017_06_01.png,0.7894293069839478,0.7778127514399015,0.011616555544046281,1.0,100.0,417069,6
2017-07-01,2017,7,Gulf of Mexico,Aqua,Day,MODIS_Aqua_L3_SST_Thermal_4km_Day_Monthly,modis_sst_images/gulf_of_mexico_aqua_day_2017_07_01.png,0.6399617791175842,0.6709952482155391,-0.031033469097954902,0.9490196108818054,100.0,418443,12
2017-08-01,2017,8,Gulf of Mexico,Aqua,Day,MODIS_Aqua_L3_SST_Thermal_4km_Day_Monthly,modis_sst_images/gulf_of_mexico_aqua_day_2017_08_01.png,0.5963943600654602,0.6007028988429478,-0.004308538777487603,0.9490196108818054,100.0,419617,8
2017-09-01,2017,9,Gulf of Mexico,Aqua,Day,MODIS_Aqua_L3_SST_Thermal_4km_Day_Monthly,modis_sst_images/gulf_of_mexico_aqua_day_2017_09_01.png,0.6932010054588318,0.6527232293571744,0.04047777610165737,1.0,100.0,420914,4
2017-10-01,2017,10,Gulf of Mexico,Aqua,Day,MODIS_Aqua_L3_SST_Thermal_4km_Day_Monthly,modis_sst_images/gulf_of_mexico_aqua_day_2017_10_01.png,0.8210830688476562,0.8088520581905658,0.012231010657090424,1.0,99.99715443587877,421709,6
2017-11-01,2017,11,Gulf of Mexico,Aqua,Day,MODIS_Aqua_L3_SST_Thermal_4km_Day_Monthly,modis_sst_images/gulf_of_mexico_aqua_day_2017_11_01.png,0.907528817653656,0.8999610955898578,0.007567722063798188,1.0,99.60550256316584,421549,5
2017-12-01,2017,12,Gulf of Mexico,Aqua,Day,MODIS_Aqua_L3_SST_Thermal_4km_Day_Monthly,modis_sst_images/gulf_of_mexico_aqua_day_2017_12_01.png,0.8855281472206116,0.8691245179909927,0.01640362922961891,1.0,95.55954966186499,419507,4
2018-01-01,2018,1,Gulf of Mexico,Aqua,Day,MODIS_Aqua_L3_SST_Thermal_4km_Day_Monthly,modis_sst_images/gulf_of_mexico_aqua_day_2018_01_01.png,0.7845021486282349,0.8019125035830906,-0.017410354954855767,1.0,88.71457720425158,417069,11
2018-02-01,2018,2,Gulf of Mexico,Aqua,Day,MODIS_Aqua_L3_SST_Thermal_4km_Day_Monthly,modis_sst_images/gulf_of_mexico_aqua_day_2018_02_01.png,0.9032608866691589,0.800328825201307,0.10293206146785194,1.0,95.97721267688708,417074,1
2018-03-01,2018,3,Gulf of Mexico,Aqua,Day,MODIS_Aqua_L3_SST_Thermal_4km_Day_Monthly,modis_sst_images/gulf_of_mexico_aqua_day_2018_03_01.png,0.9151318669319153,0.870662693466459,0.04446917346545631,1.0,97.75276873508753,418693,5
2018-04-01,2018,4,Gulf of Mexico,Aqua,Day,MODIS_Aqua_L3_SST_Thermal_4km_Day_Monthly,modis_sst_images/gulf_of_mexico_aqua_day_2018_04_01.png,0.948350727558136,0.9427658489772252,0.005584878580910835,1.0,99.6242952540919,417349,6
2018-05-01,2018,5,Gulf of Mexico,Aqua,Day,MODIS_Aqua_L3_SST_Thermal_4km_Day_Monthly,modis_sst_images/gulf_of_mexico_aqua_day_2018_05_01.png,0.8893561363220215,0.8986447666372571,-0.009288630315235635,1.0,100.0,416873,10
2018-06-01,2018,6,Gulf of Mexico,Aqua,Day,MODIS_Aqua_L3_SST_Thermal_4km_Day_Monthly,modis_sst_images/gulf_of_mexico_aqua_day_2018_06_01.png,0.7725195288658142,0.7778127514399015,-0.005293222574087264,1.0,100.0,418469,9
2018-07-01,2018,7,Gulf of Mexico,Aqua,Day,MODIS_Aqua_L3_SST_Thermal_4km_Day_Monthly,modis_sst_images/gulf_of_mexico_aqua_day_2018_07_01.png,0.6570429801940918,0.6709952482155391,-0.013952268021447334,0.95686274766922,100.0,418953,8
2018-08-01,2018,8,Gulf of Mexico,Aqua,Day,MODIS_Aqua_L3_SST_Thermal_4km_Day_Monthly,modis_sst_images/gulf_of_mexico_aqua_day_2018_08_01.png,0.6405661702156067,0.6007028988429478,0.03986327137265888,0.95686274766922,100.0,419204,3
2018-09-01,2018,9,Gulf of Mexico,Aqua,Day,MODIS_Aqua_L3_SST_Thermal_4km_Day_Monthly,modis_sst_images/gulf_of_mexico_aqua_day_2018_09_01.png,0.636254072189331,0.6527232293571744,-0.016469157167843362,0.8941176533699036,100.0,421042,10
2018-10-01,2018,10,Gulf of Mexico,Aqua,Day,MODIS_Aqua_L3_SST_Thermal_4km_Day_Monthly,modis_sst_images/gulf_of_mexico_aqua_day_2018_10_01.png,0.7813072800636292,0.8088520581905658,-0.027544778126936675,1.0,100.0,422300,10
2018-11-01,2018,11,Gulf of Mexico,Aqua,Day,MODIS_Aqua_L3_SST_Thermal_4km_Day_Monthly,modis_sst_images/gulf_of_mexico_aqua_day_2018_11_01.png,0.8849661350250244,0.8999610955898578,-0.014994960564833404,1.0,99.2360150086314,420558,9
2018-12-01,2018,12,Gulf of Mexico,Aqua,Day,MODIS_Aqua_L3_SST_Thermal_4km_Day_Monthly,modis_sst_images/gulf_of_mexico_aqua_day_2018_12_01.png,0.8440958857536316,0.8691245179909927,-0.02502863223736107,1.0,93.42046395628873,420212,12
2019-01-01,2019,1,Gulf of Mexico,Aqua,Day,MODIS_Aqua_L3_SST_Thermal_4km_Day_Monthly,modis_sst_images/gulf_of_mexico_aqua_day_2019_01_01.png,0.789919912815094,0.8019125035830906,-0.011992590767996636,1.0,89.95394686762579,420384,10
2019-02-01,2019,2,Gulf of Mexico,Aqua,Day,MODIS_Aqua_L3_SST_Thermal_4km_Day_Monthly,modis_sst_images/gulf_of_mexico_aqua_day_2019_02_01.png,0.829552948474884,0.800328825201307,0.02922412327357704,1.0,92.25391121729413,415216,5
2019-03-01,2019,3,Gulf of Mexico,Aqua,Day,MODIS_Aqua_L3_SST_Thermal_4km_Day_Monthly,modis_sst_images/gulf_of_mexico_aqua_day_2019_03_01.png,0.8749673366546631,0.870662693466459,0.004304643188204116,1.0,96.14246241521236,416924,8
2019-04-01,2019,4,Gulf of Mexico,Aqua,Day,MODIS_Aqua_L3_SST_Thermal_4km_Day_Monthly,modis_sst_images/gulf_of_mexico_aqua_day_2019_04_01.png,0.9602051377296448,0.9427658489772252,0.017439288752419624,1.0,99.97268787269674,417397,2
2019-05-01,2019,5,Gulf of Mexico,Aqua,Day,MODIS_Aqua_L3_SST_Thermal_4km_Day_Monthly,modis_sst_images/gulf_of_mexico_aqua_day_2019_05_01.png,0.8944358825683594,0.8986447666372571,-0.004208884068897745,1.0,100.0,417622,8
2019-06-01,2019,6,Gulf of Mexico,Aqua,Day,MODIS_Aqua_L3_SST_Thermal_4km_Day_Monthly,modis_sst_images/gulf_of_mexico_aqua_day_2019_06_01.png,0.7396025061607361,0.7778127514399015,-0.03821024527916539,1.0,100.0,418135,11
2019-07-01,2019,7,Gulf of Mexico,Aqua,Day,MODIS_Aqua_L3_SST_Thermal_4km_Day_Monthly,modis_sst_images/gulf_of_mexico_aqua_day_2019_07_01.png,0.6516718864440918,0.6709952482155391,-0.019323361771447334,0.9411764740943909,100.0,419249,10
2019-08-01,2019,8,Gulf of Mexico,Aqua,Day,MODIS_Aqua_L3_SST_Thermal_4km_Day_Monthly,modis_sst_images/gulf_of_mexico_aqua_day_2019_08_01.png,0.5764400959014893,0.6007028988429478,-0.02426280294145855,0.9254902005195618,100.0,419370,12
2019-09-01,2019,9,Gulf of Mexico,Aqua,Day,MODIS_Aqua_L3_SST_Thermal_4km_Day_Monthly,modis_sst_images/gulf_of_mexico_aqua_day_2019_09_01.png,0.6419596076011658,0.6527232293571744,-0.010763621756008646,0.9019607901573181,100.0,420587,8
2019-10-01,2019,10,Gulf of Mexico,Aqua,Day,MODIS_Aqua_L3_SST_Thermal_4km_Day_Monthly,modis_sst_images/gulf_of_mexico_aqua_day_2019_10_01.png,0.765282928943634,0.8088520581905658,-0.04356912924693179,1.0,100.0,421304,12
2019-11-01,2019,11,Gulf of Mexico,Aqua,Day,MODIS_Aqua_L3_SST_Thermal_4km_Day_Monthly,modis_sst_images/gulf_of_mexico_aqua_day_2019_11_01.png,0.869296669960022,0.8999610955898578,-0.030664425629835845,1.0,97.9184433825176,419782,13
2019-12-01,2019,12,Gulf of Mexico,Aqua,Day,MODIS_Aqua_L3_SST_Thermal_4km_Day_Monthly,modis_sst_images/gulf_of_mexico_aqua_day_2019_12_01.png,0.859047532081604,0.8691245179909927,-0.010076985909388658,1.0,94.90900007137249,420330,9
2020-01-01,2020,1,Gulf of Mexico,Aqua,Day,MODIS_Aqua_L3_SST_Thermal_4km_Day_Monthly,modis_sst_images/gulf_of_mexico_aqua_day_2020_01_01.png,0.8311943411827087,0.8019125035830906,0.02928183759961811,1.0,92.26160937529822,419144,5
2020-02-01,2020,2,Gulf of Mexico,Aqua,Day,MODIS_Aqua_L3_SST_Thermal_4km_Day_Monthly,modis_sst_images/gulf_of_mexico_aqua_day_2020_02_01.png,0.7933846712112427,0.800328825201307,-0.006944153990064317,1.0,90.02712423377027,418445,9
2020-03-01,2020,3,Gulf of Mexico,Aqua,Day,MODIS_Aqua_L3_SST_Thermal_4km_Day_Monthly,modis_sst_images/gulf_of_mexico_aqua_day_2020_03_01.png,0.9538339972496033,0.870662693466459,0.0831713037831443,1.0,99.48302036789602,417618,1
2020-04-01,2020,4,Gulf of Mexico,Aqua,Day,MODIS_Aqua_L3_SST_Thermal_4km_Day_Monthly,modis_sst_images/gulf_of_mexico_aqua_day_2020_04_01.png,0.9173594117164612,0.9427658489772252,-0.02540643726076397,1.0,100.0,417202,13
2020-05-01,2020,5,Gulf of Mexico,Aqua,Day,MODIS_Aqua_L3_SST_Thermal_4km_Day_Monthly,modis_sst_images/gulf_of_mexico_aqua_day_2020_05_01.png,0.8783381581306458,0.8986447666372571,-0.020306608506611368,1.0,100.0,417529,13
2020-06-01,2020,6,Gulf of Mexico,Aqua,Day,MODIS_Aqua_L3_SST_Thermal_4km_Day_Monthly,modis_sst_images/gulf_of_mexico_aqua_day_2020_06_01.png,0.7896038889884949,0.7778127514399015,0.0117911375485934,0.9725490212440491,100.0,418458,5
2020-07-01,2020,7,Gulf of Mexico,Aqua,Day,MODIS_Aqua_L3_SST_Thermal_4km_Day_Monthly,modis_sst_images/gulf_of_mexico_aqua_day_2020_07_01.png,0.6566267013549805,0.6709952482155391,-0.014368546860558662,0.9019607901573181,100.0,418343,9
2020-08-01,2020,8,Gulf of Mexico,Aqua,Day,MODIS_Aqua_L3_SST_Thermal_4km_Day_Monthly,modis_sst_images/gulf_of_mexico_aqua_day_2020_08_01.png,0.5753424167633057,0.6007028988429478,-0.025360482079642144,0.9019607901573181,100.0,415801,13
2020-09-01,2020,9,Gulf of Mexico,Aqua,Day,MODIS_Aqua_L3_SST_Thermal_4km_Day_Monthly,modis_sst_images/gulf_of_mexico_aqua_day_2020_09_01.png,0.6345085501670837,0.6527232293571744,-0.018214679190090677,1.0,100.0,420568,11
2020-10-01,2020,10,Gulf of Mexico,Aqua,Day,MODIS_Aqua_L3_SST_Thermal_4km_Day_Monthly,modis_sst_images/gulf_of_mexico_aqua_day_2020_10_01.png,0.8265414834022522,0.8088520581905658,0.01768942521168637,1.0,100.0,421799,5
2020-11-01,2020,11,Gulf of Mexico,Aqua,Day,MODIS_Aqua_L3_SST_Thermal_4km_Day_Monthly,modis_sst_images/gulf_of_mexico_aqua_day_2020_11_01.png,0.9246422648429871,0.8999610955898578,0.024681169253129243,1.0,99.99336225493683,421830,2
2020-12-01,2020,12,Gulf of Mexico,Aqua,Day,MODIS_Aqua_L3_SST_Thermal_4km_Day_Monthly,modis_sst_images/gulf_of_mexico_aqua_day_2020_12_01.png,0.858144998550415,0.8691245179909927,-0.010979519440577623,1.0,93.98427807025527,417506,10
2021-01-01,2021,1,Gulf of Mexico,Aqua,Day,MODIS_Aqua_L3_SST_Thermal_4km_Day_Monthly,modis_sst_images/gulf_of_mexico_aqua_day_2021_01_01.png,0.7947837114334106,0.8019125035830906,-0.0071287921496799855,1.0,90.17024794178218,418566,9
2021-02-01,2021,2,Gulf of Mexico,Aqua,Day,MODIS_Aqua_L3_SST_Thermal_4km_Day_Monthly,modis_sst_images/gulf_of_mexico_aqua_day_2021_02_01.png,0.7973325848579407,0.800328825201307,-0.0029962403433663187,1.0,90.50181310551389,418343,8
2021-03-01,2021,3,Gulf of Mexico,Aqua,Day,MODIS_Aqua_L3_SST_Thermal_4km_Day_Monthly,modis_sst_images/gulf_of_mexico_aqua_day_2021_03_01.png,0.8495751023292542,0.870662693466459,-0.02108759113720482,1.0,93.12599229666013,416962,11
2021-04-01,2021,4,Gulf of Mexico,Aqua,Day,MODIS_Aqua_L3_SST_Thermal_4km_Day_Monthly,modis_sst_images/gulf_of_mexico_aqua_day_2021_04_01.png,0.9454817175865173,0.9427658489772252,0.0027158686092921824,1.0,99.9327024993811,416063,8
2021-05-01,2021,5,Gulf of Mexico,Aqua,Day,MODIS_Aqua_L3_SST_Thermal_4km_Day_Monthly,modis_sst_images/gulf_of_mexico_aqua_day_2021_05_01.png,0.9001651406288147,0.8986447666372571,0.0015203739915575776,1.0,100.0,416911,6
2021-06-01,2021,6,Gulf of Mexico,Aqua,Day,MODIS_Aqua_L3_SST_Thermal_4km_Day_Monthly,modis_sst_images/gulf_of_mexico_aqua_day_2021_06_01.png,0.8024004101753235,0.7778127514399015,0.024587658735422013,1.0,100.0,414345,4
2021-07-01,2021,7,Gulf of Mexico,Aqua,Day,MODIS_Aqua_L3_SST_Thermal_4km_Day_Monthly,modis_sst_images/gulf_of_mexico_aqua_day_2021_07_01.png,0.7015926837921143,0.6709952482155391,0.030597435576575127,0.9411764740943909,100.0,418684,5
2021-08-01,2021,8,Gulf of Mexico,Aqua,Day,MODIS_Aqua_L3_SST_Thermal_4km_Day_Monthly,modis_sst_images/gulf_of_mexico_aqua_day_2021_08_01.png,0.6170796155929565,0.6007028988429478,0.016376716750008735,0.886274516582489,100.0,419567,5
2021-09-01,2021,9,Gulf of Mexico,Aqua,Day,MODIS_Aqua_L3_SST_Thermal_4km_Day_Monthly,modis_sst_images/gulf_of_mexico_aqua_day_2021_09_01.png,0.6870531439781189,0.6527232293571744,0.03432991462094448,0.9882352948188782,100.0,420584,5
2021-10-01,2021,10,Gulf of Mexico,Aqua,Day,MODIS_Aqua_L3_SST_Thermal_4km_Day_Monthly,modis_sst_images/gulf_of_mexico_aqua_day_2021_10_01.png,0.7721946835517883,0.8088520581905658,-0.036657374638777496,1.0,100.0,421875,11
2021-11-01,2021,11,Gulf of Mexico,Aqua,Day,MODIS_Aqua_L3_SST_Thermal_4km_Day_Monthly,modis_sst_images/gulf_of_mexico_aqua_day_2021_11_01.png,0.8843391537666321,0.8999610955898578,-0.015621941823225738,1.0,98.8731323784413,420990,11
2021-12-01,2021,12,Gulf of Mexico,Aqua,Day,MODIS_Aqua_L3_SST_Thermal_4km_Day_Monthly,modis_sst_images/gulf_of_mexico_aqua_day_2021_12_01.png,0.9080930352210999,0.8691245179909927,0.03896851723010719,1.0,98.14020062627353,420583,1
2022-01-01,2022,1,Gulf of Mexico,Aqua,Day,MODIS_Aqua_L3_SST_Thermal_4km_Day_Monthly,modis_sst_images/gulf_of_mexico_aqua_day_2022_01_01.png,0.8625180125236511,0.8019125035830906,0.06060550894056049,1.0,93.92689031634963,418303,2
2022-02-01,2022,2,Gulf of Mexico,Aqua,Day,MODIS_Aqua_L3_SST_Thermal_4km_Day_Monthly,modis_sst_images/gulf_of_mexico_aqua_day_2022_02_01.png,0.8017565608024597,0.800328825201307,0.0014277356011527242,1.0,90.12066762077532,417842,7
2022-03-01,2022,3,Gulf of Mexico,Aqua,Day,MODIS_Aqua_L3_SST_Thermal_4km_Day_Monthly,modis_sst_images/gulf_of_mexico_aqua_day_2022_03_01.png,0.8731232285499573,0.870662693466459,0.0024605350834983053,1.0,95.64815723404408,417823,10
2022-04-01,2022,4,Gulf of Mexico,Aqua,Day,MODIS_Aqua_L3_SST_Thermal_4km_Day_Monthly,modis_sst_images/gulf_of_mexico_aqua_day_2022_04_01.png,0.946209728717804,0.9427658489772252,0.0034438797405788035,1.0,100.0,414745,7
2022-05-01,2022,5,Gulf of Mexico,Aqua,Day,MODIS_Aqua_L3_SST_Thermal_4km_Day_Monthly,modis_sst_images/gulf_of_mexico_aqua_day_2022_05_01.png,0.8854919075965881,0.8986447666372571,-0.013152859040668985,1.0,100.0,417575,11
2022-06-01,2022,6,Gulf of Mexico,Aqua,Day,MODIS_Aqua_L3_SST_Thermal_4km_Day_Monthly,modis_sst_images/gulf_of_mexico_aqua_day_2022_06_01.png,0.7580283880233765,0.7778127514399015,-0.019784363416525008,1.0,100.0,418336,10
2022-07-01,2022,7,Gulf of Mexico,Aqua,Day,MODIS_Aqua_L3_SST_Thermal_4km_Day_Monthly,modis_sst_images/gulf_of_mexico_aqua_day_2022_07_01.png,0.6447942852973938,0.6709952482155391,-0.026200962918145332,0.9725490212440491,100.0,418714,11
2022-08-01,2022,8,Gulf of Mexico,Aqua,Day,MODIS_Aqua_L3_SST_Thermal_4km_Day_Monthly,modis_sst_images/gulf_of_mexico_aqua_day_2022_08_01.png,0.6174554228782654,0.6007028988429478,0.016752524035317573,0.9882352948188782,100.0,419363,4
2022-09-01,2022,9,Gulf of Mexico,Aqua,Day,MODIS_Aqua_L3_SST_Thermal_4km_Day_Monthly,modis_sst_images/gulf_of_mexico_aqua_day_2022_09_01.png,0.6327313184738159,0.6527232293571744,-0.0199919108833585,0.9647058844566345,100.0,420721,12
2022-10-01,2022,10,Gulf of Mexico,Aqua,Day,MODIS_Aqua_L3_SST_Thermal_4km_Day_Monthly,modis_sst_images/gulf_of_mexico_aqua_day_2022_10_01.png,0.8467361330986023,0.8088520581905658,0.03788407490803647,1.0,100.0,421130,2
2023-01-01,2023,1,Gulf of Mexico,Aqua,Day,MODIS_Aqua_L3_SST_Thermal_4km_Day_Monthly,modis_sst_images/gulf_of_mexico_aqua_day_2023_01_01.png,0.8388327956199646,0.8019125035830906,0.03692029203687397,1.0,92.53134406736747,426556,3
2023-02-01,2023,2,Gulf of Mexico,Aqua,Day,MODIS_Aqua_L3_SST_Thermal_4km_Day_Monthly,modis_sst_images/gulf_of_mexico_aqua_day_2023_02_01.png,0.8628857135772705,0.800328825201307,0.06255688837596352,1.0,93.77777566643785,421007,3
2023-03-01,2023,3,Gulf of Mexico,Aqua,Day,MODIS_Aqua_L3_SST_Thermal_4km_Day_Monthly,modis_sst_images/gulf_of_mexico_aqua_day_2023_03_01.png,0.9444119930267334,0.870662693466459,0.07374929956027443,1.0,99.64346164605034,421834,3
2023-04-01,2023,4,Gulf of Mexico,Aqua,Day,MODIS_Aqua_L3_SST_Thermal_4km_Day_Monthly,modis_sst_images/gulf_of_mexico_aqua_day_2023_04_01.png,0.9343433380126953,0.9427658489772252,-0.008422510964529839,1.0,100.0,420005,10
2023-05-01,2023,5,Gulf of Mexico,Aqua,Day,MODIS_Aqua_L3_SST_Thermal_4km_Day_Monthly,modis_sst_images/gulf_of_mexico_aqua_day_2023_05_01.png,0.8426085710525513,0.8986447666372571,-0.05603619558470585,1.0,100.0,421491,14
2023-07-01,2023,7,Gulf of Mexico,Aqua,Day,MODIS_Aqua_L3_SST_Thermal_4km_Day_Monthly,modis_sst_images/gulf_of_mexico_aqua_day_2023_07_01.png,0.5723932385444641,0.6709952482155391,-0.09860200967107502,0.9411764740943909,100.0,425111,14
2023-08-01,2023,8,Gulf of Mexico,Aqua,Day,MODIS_Aqua_L3_SST_Thermal_4km_Day_Monthly,modis_sst_images/gulf_of_mexico_aqua_day_2023_08_01.png,0.5050821304321289,0.6007028988429478,-0.0956207684108189,0.8941176533699036,100.0,426247,14
2023-09-01,2023,9,Gulf of Mexico,Aqua,Day,MODIS_Aqua_L3_SST_Thermal_4km_Day_Monthly,modis_sst_images/gulf_of_mexico_aqua_day_2023_09_01.png,0.48936495184898376,0.6527232293571744,-0.16335827750819065,0.9098039269447327,100.0,428740,14
2023-11-01,2023,11,Gulf of Mexico,Aqua,Day,MODIS_Aqua_L3_SST_Thermal_4km_Day_Monthly,modis_sst_images/gulf_of_mexico_aqua_day_2023_11_01.png,0.8812124133110046,0.8999610955898578,-0.01874868227885318,1.0,99.43133152669934,427314,12
2023-12-01,2023,12,Gulf of Mexico,Aqua,Day,MODIS_Aqua_L3_SST_Thermal_4km_Day_Monthly,modis_sst_images/gulf_of_mexico_aqua_day_2023_12_01.png,0.8072681427001953,0.8691245179909927,-0.06185637529079735,1.0,91.96576928103354,428504,13
2010-01-01,2010,1,Gulf of Mexico,Aqua,Night,MODIS_Aqua_L3_SST_Thermal_4km_Night_Monthly,modis_sst_images/gulf_of_mexico_aqua_night_2010_01_01.png,0.7049276232719421,0.7944369912147522,-0.08950936794281006,1.0,85.96815904511004,413367,12
2010-02-01,2010,2,Gulf of Mexico,Aqua,Night,MODIS_Aqua_L3_SST_Thermal_4km_Night_Monthly,modis_sst_images/gulf_of_mexico_aqua_night_2010_02_01.png,0.64459228515625,0.7817763090133667,-0.1371840238571167,1.0,82.09842790451263,411489,14
2010-03-01,2010,3,Gulf of Mexico,Aqua,Night,MODIS_Aqua_L3_SST_Thermal_4km_Night_Monthly,modis_sst_images/gulf_of_mexico_aqua_night_2010_03_01.png,0.5880086421966553,0.8412421601159232,-0.25323351791926796,1.0,80.01302862945523,417542,14
2010-04-01,2010,4,Gulf of Mexico,Aqua,Night,MODIS_Aqua_L3_SST_Thermal_4km_Night_Monthly,modis_sst_images/gulf_of_mexico_aqua_night_2010_04_01.png,0.8871281743049622,0.9399418362549373,-0.052813661949975166,1.0,99.08133697427887,419305,14
2010-05-01,2010,5,Gulf of Mexico,Aqua,Night,MODIS_Aqua_L3_SST_Thermal_4km_Night_Monthly,modis_sst_images/gulf_of_mexico_aqua_night_2010_05_01.png,0.9367777109146118,0.9296365295137677,0.007141181400844077,1.0,100.0,420679,5
2010-06-01,2010,6,Gulf of Mexico,Aqua,Night,MODIS_Aqua_L3_SST_Thermal_4km_Night_Monthly,modis_sst_images/gulf_of_mexico_aqua_night_2010_06_01.png,0.7765570282936096,0.8323869292552655,-0.055829900961655854,1.0,100.0,419948,13
2010-07-01,2010,7,Gulf of Mexico,Aqua,Night,MODIS_Aqua_L3_SST_Thermal_4km_Night_Monthly,modis_sst_images/gulf_of_mexico_aqua_night_2010_07_01.png,0.7815589308738708,0.7330600704465594,0.04849886042731144,1.0,100.0,419760,2
2010-08-01,2010,8,Gulf of Mexico,Aqua,Night,MODIS_Aqua_L3_SST_Thermal_4km_Night_Monthly,modis_sst_images/gulf_of_mexico_aqua_night_2010_08_01.png,0.6877409219741821,0.6783206377710614,0.009420284203120688,1.0,100.0,418562,5
2010-09-01,2010,9,Gulf of Mexico,Aqua,Night,MODIS_Aqua_L3_SST_Thermal_4km_Night_Monthly,modis_sst_images/gulf_of_mexico_aqua_night_2010_09_01.png,0.7428032755851746,0.7276189114366259,0.015184364148548624,1.0,100.0,419382,5
2010-10-01,2010,10,Gulf of Mexico,Aqua,Night,MODIS_Aqua_L3_SST_Thermal_4km_Night_Monthly,modis_sst_images/gulf_of_mexico_aqua_night_2010_10_01.png,0.8953640460968018,0.8373607907976423,0.058003255299159506,1.0,100.0,420432,1
2010-11-01,2010,11,Gulf of Mexico,Aqua,Night,MODIS_Aqua_L3_SST_Thermal_4km_Night_Monthly,modis_sst_images/gulf_of_mexico_aqua_night_2010_11_01.png,0.9418503046035767,0.9059948027133942,0.035855501890182495,1.0,99.32974372274184,420287,1
2010-12-01,2010,12,Gulf of Mexico,Aqua,Night,MODIS_Aqua_L3_SST_Thermal_4km_Night_Monthly,modis_sst_images/gulf_of_mexico_aqua_night_2010_12_01.png,0.8469541668891907,0.8702603532717779,-0.02330618638258719,1.0,92.87970203219272,413199,11
2011-01-01,2011,1,Gulf of Mexico,Aqua,Night,MODIS_Aqua_L3_SST_Thermal_4km_Night_Monthly,modis_sst_images/gulf_of_mexico_aqua_night_2011_01_01.png,0.7048917412757874,0.7944369912147522,-0.08954524993896484,1.0,84.94600696235483,416813,13
2011-02-01,2011,2,Gulf of Mexico,Aqua,Night,MODIS_Aqua_L3_SST_Thermal_4km_Night_Monthly,modis_sst_images/gulf_of_mexico_aqua_night_2011_02_01.png,0.6879405975341797,0.7817763090133667,-0.09383571147918701,1.0,85.44197395660716,416382,13
2011-03-01,2011,3,Gulf of Mexico,Aqua,Night,MODIS_Aqua_L3_SST_Thermal_4km_Night_Monthly,modis_sst_images/gulf_of_mexico_aqua_night_2011_03_01.png,0.830401599407196,0.8412421601159232,-0.010840560708727187,1.0,92.8312438764491,419487,11
2011-04-01,2011,4,Gulf of Mexico,Aqua,Night,MODIS_Aqua_L3_SST_Thermal_4km_Night_Monthly,modis_sst_images/gulf_of_mexico_aqua_night_2011_04_01.png,0.9633985161781311,0.9399418362549373,0.02345667992319378,1.0,99.9881095915169,420507,3
2011-05-01,2011,5,Gulf of Mexico,Aqua,Night,MODIS_Aqua_L3_SST_Thermal_4km_Night_Monthly,modis_sst_images/gulf_of_mexico_aqua_night_2011_05_01.png,0.9376454949378967,0.9296365295137677,0.008008965424128989,1.0,100.0,420049,4
2011-06-01,2011,6,Gulf of Mexico,Aqua,Night,MODIS_Aqua_L3_SST_Thermal_4km_Night_Monthly,modis_sst_images/gulf_of_mexico_aqua_night_2011_06_01.png,0.8510830402374268,0.8323869292552655,0.018696110982161285,1.0,100.0,419971,4
2011-07-01,2011,7,Gulf of Mexico,Aqua,Night,MODIS_Aqua_L3_SST_Thermal_4km_Night_Monthly,modis_sst_images/gulf_of_mexico_aqua_night_2011_07_01.png,0.7781994342803955,0.7330600704465594,0.0451393638338361,1.0,100.0,419166,4
2011-08-01,2011,8,Gulf of Mexico,Aqua,Night,MODIS_Aqua_L3_SST_Thermal_4km_Night_Monthly,modis_sst_images/gulf_of_mexico_aqua_night_2011_08_01.png,0.6694806814193726,0.6783206377710614,-0.008839956351688882,1.0,100.0,419863,9
2011-09-01,2011,9,Gulf of Mexico,Aqua,Night,MODIS_Aqua_L3_SST_Thermal_4km_Night_Monthly,modis_sst_images/gulf_of_mexico_aqua_night_2011_09_01.png,0.7747258543968201,0.7276189114366259,0.04710694296019413,1.0,100.0,419695,3
2011-10-01,2011,10,Gulf of Mexico,Aqua,Night,MODIS_Aqua_L3_SST_Thermal_4km_Night_Monthly,modis_sst_images/gulf_of_mexico_aqua_night_2011_10_01.png,0.857008159160614,0.8373607907976423,0.019647368362971762,1.0,100.0,418724,5
2011-11-01,2011,11,Gulf of Mexico,Aqua,Night,MODIS_Aqua_L3_SST_Thermal_4km_Night_Monthly,modis_sst_images/gulf_of_mexico_aqua_night_2011_11_01.png,0.9217333197593689,0.9059948027133942,0.01573851704597473,1.0,98.66195393206915,420987,3
2011-12-01,2011,12,Gulf of Mexico,Aqua,Night,MODIS_Aqua_L3_SST_Thermal_4km_Night_Monthly,modis_sst_images/gulf_of_mexico_aqua_night_2011_12_01.png,0.8654965758323669,0.8702603532717779,-0.004763777439410921,1.0,93.8239307369291,416268,8
2012-01-01,2012,1,Gulf of Mexico,Aqua,Night,MODIS_Aqua_L3_SST_Thermal_4km_Night_Monthly,modis_sst_images/gulf_of_mexico_aqua_night_2012_01_01.png,0.8129258751869202,0.7944369912147522,0.01848888397216797,1.0,91.18154433632489,417953,5
2012-02-01,2012,2,Gulf of Mexico,Aqua,Night,MODIS_Aqua_L3_SST_Thermal_4km_Night_Monthly,modis_sst_images/gulf_of_mexico_aqua_night_2012_02_01.png,0.8234075307846069,0.7817763090133667,0.041631221771240234,1.0,91.95060902747385,406714,4
2012-03-01,2012,3,Gulf of Mexico,Aqua,Night,MODIS_Aqua_L3_SST_Thermal_4km_Night_Monthly,modis_sst_images/gulf_of_mexico_aqua_night_2012_03_01.png,0.9251658320426941,0.8412421601159232,0.08392367192677086,1.0,98.89132983235325,419692,2
2012-04-01,2012,4,Gulf of Mexico,Aqua,Night,MODIS_Aqua_L3_SST_Thermal_4km_Night_Monthly,modis_sst_images/gulf_of_mexico_aqua_night_2012_04_01.png,0.9712220430374146,0.9399418362549373,0.03128020678247723,1.0,99.99618503532419,419401,2
2012-05-01,2012,5,Gulf of Mexico,Aqua,Night,MODIS_Aqua_L3_SST_Thermal_4km_Night_Monthly,modis_sst_images/gulf_of_mexico_aqua_night_2012_05_01.png,0.9323199987411499,0.9296365295137677,0.0026834692273821625,1.0,100.0,419800,6
2012-06-01,2012,6,Gulf of Mexico,Aqua,Night,MODIS_Aqua_L3_SST_Thermal_4km_Night_Monthly,modis_sst_images/gulf_of_mexico_aqua_night_2012_06_01.png,0.8576667904853821,0.8323869292552655,0.025279861230116607,1.0,100.0,419779,2
2012-07-01,2012,7,Gulf of Mexico,Aqua,Night,MODIS_Aqua_L3_SST_Thermal_4km_Night_Monthly,modis_sst_images/gulf_of_mexico_aqua_night_2012_07_01.png,0.7794670462608337,0.7330600704465594,0.04640697581427433,1.0,100.0,419727,3
2012-08-01,2012,8,Gulf of Mexico,Aqua,Night,MODIS_Aqua_L3_SST_Thermal_4km_Night_Monthly,modis_sst_images/gulf_of_mexico_aqua_night_2012_08_01.png,0.7254828810691833,0.6783206377710614,0.04716224329812191,1.0,100.0,419913,2
2012-09-01,2012,9,Gulf of Mexico,Aqua,Night,MODIS_Aqua_L3_SST_Thermal_4km_Night_Monthly,modis_sst_images/gulf_of_mexico_aqua_night_2012_09_01.png,0.7830560207366943,0.7276189114366259,0.0554371093000684,1.0,100.0,420179,2
2012-10-01,2012,10,Gulf of Mexico,Aqua,Night,MODIS_Aqua_L3_SST_Thermal_4km_Night_Monthly,modis_sst_images/gulf_of_mexico_aqua_night_2012_10_01.png,0.8583455085754395,0.8373607907976423,0.0209847177777972,1.0,100.0,420059,4
2012-11-01,2012,11,Gulf of Mexico,Aqua,Night,MODIS_Aqua_L3_SST_Thermal_4km_Night_Monthly,modis_sst_images/gulf_of_mexico_aqua_night_2012_11_01.png,0.893704891204834,0.9059948027133942,-0.01228991150856018,1.0,97.93855812030726,416068,11
2012-12-01,2012,12,Gulf of Mexico,Aqua,Night,MODIS_Aqua_L3_SST_Thermal_4km_Night_Monthly,modis_sst_images/gulf_of_mexico_aqua_night_2012_12_01.png,0.8958685398101807,0.8702603532717779,0.0256081865384028,1.0,96.04684722567328,418552,3
2013-01-01,2013,1,Gulf of Mexico,Aqua,Night,MODIS_Aqua_L3_SST_Thermal_4km_Night_Monthly,modis_sst_images/gulf_of_mexico_aqua_night_2013_01_01.png,0.8302721977233887,0.7944369912147522,0.035835206508636475,1.0,92.14107605255586,417080,3
2013-02-01,2013,2,Gulf of Mexico,Aqua,Night,MODIS_Aqua_L3_SST_Thermal_4km_Night_Monthly,modis_sst_images/gulf_of_mexico_aqua_night_2013_02_01.png,0.8138906359672546,0.7817763090133667,0.03211432695388794,1.0,91.23697274629109,417778,5
2013-03-01,2013,3,Gulf of Mexico,Aqua,Night,MODIS_Aqua_L3_SST_Thermal_4km_Night_Monthly,modis_sst_images/gulf_of_mexico_aqua_night_2013_03_01.png,0.7866140604019165,0.8412421601159232,-0.05462809971400673,1.0,89.6407375375547,419721,12
2013-04-01,2013,4,Gulf of Mexico,Aqua,Night,MODIS_Aqua_L3_SST_Thermal_4km_Night_Monthly,modis_sst_images/gulf_of_mexico_aqua_night_2013_04_01.png,0.9187719821929932,0.9399418362549373,-0.02116985406194416,1.0,99.29114346303224,419690,12
2013-05-01,2013,5,Gulf of Mexico,Aqua,Night,MODIS_Aqua_L3_SST_Thermal_4km_Night_Monthly,modis_sst_images/gulf_of_mexico_aqua_night_2013_05_01.png,0.9564646482467651,0.9296365295137677,0.026828118732997397,1.0,99.99809250856583,419399,2
2013-06-01,2013,6,Gulf of Mexico,Aqua,Night,MODIS_Aqua_L3_SST_Thermal_4km_Night_Monthly,modis_sst_images/gulf_of_mexico_aqua_night_2013_06_01.png,0.8442019820213318,0.8323869292552655,0.011815052766066314,1.0,100.0,419900,6
2013-07-01,2013,7,Gulf of Mexico,Aqua,Night,MODIS_Aqua_L3_SST_Thermal_4km_Night_Monthly,modis_sst_images/gulf_of_mexico_aqua_night_2013_07_01.png,0.8029772043228149,0.7330600704465594,0.06991713387625553,1.0,100.0,419273,1
2013-08-01,2013,8,Gulf of Mexico,Aqua,Night,MODIS_Aqua_L3_SST_Thermal_4km_Night_Monthly,modis_sst_images/gulf_of_mexico_aqua_night_2013_08_01.png,0.7411931753158569,0.6783206377710614,0.06287253754479549,1.0,100.0,419633,1
2013-09-01,2013,9,Gulf of Mexico,Aqua,Night,MODIS_Aqua_L3_SST_Thermal_4km_Night_Monthly,modis_sst_images/gulf_of_mexico_aqua_night_2013_09_01.png,0.7877357602119446,0.7276189114366259,0.06011684877531864,1.0,100.0,418835,1
2013-10-01,2013,10,Gulf of Mexico,Aqua,Night,MODIS_Aqua_L3_SST_Thermal_4km_Night_Monthly,modis_sst_images/gulf_of_mexico_aqua_night_2013_10_01.png,0.8488481640815735,0.8373607907976423,0.011487373283931235,1.0,100.0,419773,7
2013-11-01,2013,11,Gulf of Mexico,Aqua,Night,MODIS_Aqua_L3_SST_Thermal_4km_Night_Monthly,modis_sst_images/gulf_of_mexico_aqua_night_2013_11_01.png,0.9121377468109131,0.9059948027133942,0.006142944097518921,1.0,99.3644778321819,417452,7
2013-12-01,2013,12,Gulf of Mexico,Aqua,Night,MODIS_Aqua_L3_SST_Thermal_4km_Night_Monthly,modis_sst_images/gulf_of_mexico_aqua_night_2013_12_01.png,0.8732904195785522,0.8702603532717779,0.0030300663067743816,1.0,95.1737929028505,412560,6
2014-01-01,2014,1,Gulf of Mexico,Aqua,Night,MODIS_Aqua_L3_SST_Thermal_4km_Night_Monthly,modis_sst_images/gulf_of_mexico_aqua_night_2014_01_01.png,0.7601056098937988,0.7944369912147522,-0.03433138132095337,1.0,89.11364872213159,413775,11
2014-02-01,2014,2,Gulf of Mexico,Aqua,Night,MODIS_Aqua_L3_SST_Thermal_4km_Night_Monthly,modis_sst_images/gulf_of_mexico_aqua_night_2014_02_01.png,0.7526137828826904,0.7817763090133667,-0.02916252613067627,1.0,89.70369991300343,410361,10
2014-03-01,2014,3,Gulf of Mexico,Aqua,Night,MODIS_Aqua_L3_SST_Thermal_4km_Night_Monthly,modis_sst_images/gulf_of_mexico_aqua_night_2014_03_01.png,0.761647641658783,0.8412421601159232,-0.07959451845714027,1.0,89.09294223904348,418518,13
2014-04-01,2014,4,Gulf of Mexico,Aqua,Night,MODIS_Aqua_L3_SST_Thermal_4km_Night_Monthly,modis_sst_images/gulf_of_mexico_aqua_night_2014_04_01.png,0.8957409858703613,0.9399418362549373,-0.044200850384575996,1.0,98.81966041108132,419625,13
2014-05-01,2014,5,Gulf of Mexico,Aqua,Night,MODIS_Aqua_L3_SST_Thermal_4km_Night_Monthly,modis_sst_images/gulf_of_mexico_aqua_night_2014_05_01.png,0.9570687413215637,0.9296365295137677,0.02743221180779598,1.0,100.0,419099,1
2014-06-01,2014,6,Gulf of Mexico,Aqua,Night,MODIS_Aqua_L3_SST_Thermal_4km_Night_Monthly,modis_sst_images/gulf_of_mexico_aqua_night_2014_06_01.png,0.8726161122322083,0.8323869292552655,0.04022918297694278,1.0,100.0,419340,1
2014-07-01,2014,7,Gulf of Mexico,Aqua,Night,MODIS_Aqua_L3_SST_Thermal_4km_Night_Monthly,modis_sst_images/gulf_of_mexico_aqua_night_2014_07_01.png,0.7568292617797852,0.7330600704465594,0.023769191333225748,1.0,100.0,419244,6
2014-08-01,2014,8,Gulf of Mexico,Aqua,Night,MODIS_Aqua_L3_SST_Thermal_4km_Night_Monthly,modis_sst_images/gulf_of_mexico_aqua_night_2014_08_01.png,0.6687008142471313,0.6783206377710614,-0.009619823523930093,1.0,100.0,419765,11
2014-09-01,2014,9,Gulf of Mexico,Aqua,Night,MODIS_Aqua_L3_SST_Thermal_4km_Night_Monthly,modis_sst_images/gulf_of_mexico_aqua_night_2014_09_01.png,0.7370564937591553,0.7276189114366259,0.009437582322529336,1.0,100.0,418799,6
2014-10-01,2014,10,Gulf of Mexico,Aqua,Night,MODIS_Aqua_L3_SST_Thermal_4km_Night_Monthly,modis_sst_images/gulf_of_mexico_aqua_night_2014_10_01.png,0.8456070423126221,0.8373607907976423,0.008246251514979819,1.0,100.0,420180,8
2014-11-01,2014,11,Gulf of Mexico,Aqua,Night,MODIS_Aqua_L3_SST_Thermal_4km_Night_Monthly,modis_sst_images/gulf_of_mexico_aqua_night_2014_11_01.png,0.9011838436126709,0.9059948027133942,-0.004810959100723267,1.0,97.55952466968203,415206,8
2014-12-01,2014,12,Gulf of Mexico,Aqua,Night,MODIS_Aqua_L3_SST_Thermal_4km_Night_Monthly,modis_sst_images/gulf_of_mexico_aqua_night_2014_12_01.png,0.8533942699432373,0.8702603532717779,-0.01686608332854056,1.0,93.37096998166051,417678,10
2015-01-01,2015,1,Gulf of Mexico,Aqua,Night,MODIS_Aqua_L3_SST_Thermal_4km_Night_Monthly,modis_sst_images/gulf_of_mexico_aqua_night_2015_01_01.png,0.7982153296470642,0.7944369912147522,0.0037783384323120117,1.0,90.60435261388663,414096,7
2015-02-01,2015,2,Gulf of Mexico,Aqua,Night,MODIS_Aqua_L3_SST_Thermal_4km_Night_Monthly,modis_sst_images/gulf_of_mexico_aqua_night_2015_02_01.png,0.741006076335907,0.7817763090133667,-0.04077023267745972,1.0,87.55732023703533,417828,12
2015-03-01,2015,3,Gulf of Mexico,Aqua,Night,MODIS_Aqua_L3_SST_Thermal_4km_Night_Monthly,modis_sst_images/gulf_of_mexico_aqua_night_2015_03_01.png,0.8739590048789978,0.8412421601159232,0.03271684476307457,1.0,95.40062081327976,417839,6
2015-04-01,2015,4,Gulf of Mexico,Aqua,Night,MODIS_Aqua_L3_SST_Thermal_4km_Night_Monthly,modis_sst_images/gulf_of_mexico_aqua_night_2015_04_01.png,0.9464436769485474,0.9399418362549373,0.006501840693610039,1.0,99.75749791524888,417316,6
2015-05-01,2015,5,Gulf of Mexico,Aqua,Night,MODIS_Aqua_L3_SST_Thermal_4km_Night_Monthly,modis_sst_images/gulf_of_mexico_aqua_night_2015_05_01.png,0.9259331226348877,0.9296365295137677,-0.0037034068788800445,1.0,100.0,419287,8
2015-06-01,2015,6,Gulf of Mexico,Aqua,Night,MODIS_Aqua_L3_SST_Thermal_4km_Night_Monthly,modis_sst_images/gulf_of_mexico_aqua_night_2015_06_01.png,0.8397960066795349,0.8323869292552655,0.007409077424269439,1.0,100.0,418243,7
2015-07-01,2015,7,Gulf of Mexico,Aqua,Night,MODIS_Aqua_L3_SST_Thermal_4km_Night_Monthly,modis_sst_images/gulf_of_mexico_aqua_night_2015_07_01.png,0.7513514161109924,0.7330600704465594,0.018291345664433023,1.0,100.0,419022,7
2015-08-01,2015,8,Gulf of Mexico,Aqua,Night,MODIS_Aqua_L3_SST_Thermal_4km_Night_Monthly,modis_sst_images/gulf_of_mexico_aqua_night_2015_08_01.png,0.6749866008758545,0.6783206377710614,-0.003334036895206949,1.0,100.0,419294,8
2015-09-01,2015,9,Gulf of Mexico,Aqua,Night,MODIS_Aqua_L3_SST_Thermal_4km_Night_Monthly,modis_sst_images/gulf_of_mexico_aqua_night_2015_09_01.png,0.7230152487754822,0.7276189114366259,-0.004603662661143759,1.0,100.0,419669,8
2015-10-01,2015,10,Gulf of Mexico,Aqua,Night,MODIS_Aqua_L3_SST_Thermal_4km_Night_Monthly,modis_sst_images/gulf_of_mexico_aqua_night_2015_10_01.png,0.8339881896972656,0.8373607907976423,-0.0033726011003766265,1.0,100.0,420013,9
2015-11-01,2015,11,Gulf of Mexico,Aqua,Night,MODIS_Aqua_L3_SST_Thermal_4km_Night_Monthly,modis_sst_images/gulf_of_mexico_aqua_night_2015_11_01.png,0.894074022769928,0.9059948027133942,-0.011920779943466187,1.0,99.60632910791661,421418,10
2015-12-01,2015,12,Gulf of Mexico,Aqua,Night,MODIS_Aqua_L3_SST_Thermal_4km_Night_Monthly,modis_sst_images/gulf_of_mexico_aqua_night_2015_12_01.png,0.8994795680046082,0.8702603532717779,0.02921921473283029,1.0,97.33115286365698,418870,1
2016-01-01,2016,1,Gulf of Mexico,Aqua,Night,MODIS_Aqua_L3_SST_Thermal_4km_Night_Monthly,modis_sst_images/gulf_of_mexico_aqua_night_2016_01_01.png,0.8109291791915894,0.7944369912147522,0.016492187976837158,1.0,90.93001126344818,411952,6
2016-02-01,2016,2,Gulf of Mexico,Aqua,Night,MODIS_Aqua_L3_SST_Thermal_4km_Night_Monthly,modis_sst_images/gulf_of_mexico_aqua_night_2016_02_01.png,0.7436856627464294,0.7817763090133667,-0.038090646266937256,1.0,87.91743749165602,419464,11
2016-03-01,2016,3,Gulf of Mexico,Aqua,Night,MODIS_Aqua_L3_SST_Thermal_4km_Night_Monthly,modis_sst_images/gulf_of_mexico_aqua_night_2016_03_01.png,0.838034987449646,0.8412421601159232,-0.003207172666277236,1.0,93.63443922440786,419963,9
2016-04-01,2016,4,Gulf of Mexico,Aqua,Night,MODIS_Aqua_L3_SST_Thermal_4km_Night_Monthly,modis_sst_images/gulf_of_mexico_aqua_night_2016_04_01.png,0.9398325085639954,0.9399418362549373,-0.00010932769094196271,1.0,99.90835125336821,418991,9
2016-05-01,2016,5,Gulf of Mexico,Aqua,Night,MODIS_Aqua_L3_SST_Thermal_4km_Night_Monthly,modis_sst_images/gulf_of_mexico_aqua_night_2016_05_01.png,0.9204350113868713,0.9296365295137677,-0.009201518126896402,1.0,100.0,419256,10
2016-06-01,2016,6,Gulf of Mexico,Aqua,Night,MODIS_Aqua_L3_SST_Thermal_4km_Night_Monthly,modis_sst_images/gulf_of_mexico_aqua_night_2016_06_01.png,0.8049362897872925,0.8323869292552655,-0.027450639467972993,1.0,100.0,419388,11
2016-07-01,2016,7,Gulf of Mexico,Aqua,Night,MODIS_Aqua_L3_SST_Thermal_4km_Night_Monthly,modis_sst_images/gulf_of_mexico_aqua_night_2016_07_01.png,0.6882179975509644,0.7330600704465594,-0.04484207289559505,0.9960784316062927,100.0,420174,13
2016-08-01,2016,8,Gulf of Mexico,Aqua,Night,MODIS_Aqua_L3_SST_Thermal_4km_Night_Monthly,modis_sst_images/gulf_of_mexico_aqua_night_2016_08_01.png,0.6860755681991577,0.6783206377710614,0.007754930428096274,0.9960784316062927,100.0,419977,6
2016-09-01,2016,9,Gulf of Mexico,Aqua,Night,MODIS_Aqua_L3_SST_Thermal_4km_Night_Monthly,modis_sst_images/gulf_of_mexico_aqua_night_2016_09_01.png,0.6974262595176697,0.7276189114366259,-0.03019265191895626,1.0,100.0,419616,13
2016-10-01,2016,10,Gulf of Mexico,Aqua,Night,MODIS_Aqua_L3_SST_Thermal_4km_Night_Monthly,modis_sst_images/gulf_of_mexico_aqua_night_2016_10_01.png,0.78655606508255,0.8373607907976423,-0.0508047257150922,1.0,100.0,419956,14
2016-11-01,2016,11,Gulf of Mexico,Aqua,Night,MODIS_Aqua_L3_SST_Thermal_4km_Night_Monthly,modis_sst_images/gulf_of_mexico_aqua_night_2016_11_01.png,0.9193390607833862,0.9059948027133942,0.013344258069992065,1.0,99.81480995348771,419029,4
2016-12-01,2016,12,Gulf of Mexico,Aqua,Night,MODIS_Aqua_L3_SST_Thermal_4km_Night_Monthly,modis_sst_images/gulf_of_mexico_aqua_night_2016_12_01.png,0.8986815810203552,0.8702603532717779,0.02842122774857736,1.0,97.06464961025479,420018,2
2017-01-01,2017,1,Gulf of Mexico,Aqua,Night,MODIS_Aqua_L3_SST_Thermal_4km_Night_Monthly,modis_sst_images/gulf_of_mexico_aqua_night_2017_01_01.png,0.8547845482826233,0.7944369912147522,0.060347557067871094,1.0,93.21903592204355,420132,2
2017-02-01,2017,2,Gulf of Mexico,Aqua,Night,MODIS_Aqua_L3_SST_Thermal_4km_Night_Monthly,modis_sst_images/gulf_of_mexico_aqua_night_2017_02_01.png,0.863355278968811,0.7817763090133667,0.08157896995544434,1.0,93.7146875876128,420886,2
2017-03-01,2017,3,Gulf of Mexico,Aqua,Night,MODIS_Aqua_L3_SST_Thermal_4km_Night_Monthly,modis_sst_images/gulf_of_mexico_aqua_night_2017_03_01.png,0.9091714024543762,0.8412421601159232,0.06792924233845299,1.0,97.75000059454587,420489,4
2017-04-01,2017,4,Gulf of Mexico,Aqua,Night,MODIS_Aqua_L3_SST_Thermal_4km_Night_Monthly,modis_sst_images/gulf_of_mexico_aqua_night_2017_04_01.png,0.9733889102935791,0.9399418362549373,0.03344707403864178,1.0,99.99904661572417,419558,1
2017-05-01,2017,5,Gulf of Mexico,Aqua,Night,MODIS_Aqua_L3_SST_Thermal_4km_Night_Monthly,modis_sst_images/gulf_of_mexico_aqua_night_2017_05_01.png,0.9466943144798279,0.9296365295137677,0.01705778496606014,1.0,100.0,419213,3
2017-06-01,2017,6,Gulf of Mexico,Aqua,Night,MODIS_Aqua_L3_SST_Thermal_4km_Night_Monthly,modis_sst_images/gulf_of_mexico_aqua_night_2017_06_01.png,0.8529710173606873,0.8323869292552655,0.020584088105421783,1.0,100.0,419015,3
2017-07-01,2017,7,Gulf of Mexico,Aqua,Night,MODIS_Aqua_L3_SST_Thermal_4km_Night_Monthly,modis_sst_images/gulf_of_mexico_aqua_night_2017_07_01.png,0.7235080599784851,0.7330600704465594,-0.009552010468074301,1.0,100.0,419891,8
2017-08-01,2017,8,Gulf of Mexico,Aqua,Night,MODIS_Aqua_L3_SST_Thermal_4km_Night_Monthly,modis_sst_images/gulf_of_mexico_aqua_night_2017_08_01.png,0.6684953570365906,0.6783206377710614,-0.009825280734470865,1.0,100.0,420256,12
2017-09-01,2017,9,Gulf of Mexico,Aqua,Night,MODIS_Aqua_L3_SST_Thermal_4km_Night_Monthly,modis_sst_images/gulf_of_mexico_aqua_night_2017_09_01.png,0.7682892084121704,0.7276189114366259,0.04067029697554447,1.0,100.0,420216,4
2017-10-01,2017,10,Gulf of Mexico,Aqua,Night,MODIS_Aqua_L3_SST_Thermal_4km_Night_Monthly,modis_sst_images/gulf_of_mexico_aqua_night_2017_10_01.png,0.8507674932479858,0.8373607907976423,0.013406702450343588,1.0,100.0,420433,6
2017-11-01,2017,11,Gulf of Mexico,Aqua,Night,MODIS_Aqua_L3_SST_Thermal_4km_Night_Monthly,modis_sst_images/gulf_of_mexico_aqua_night_2017_11_01.png,0.9121801257133484,0.9059948027133942,0.006185322999954224,1.0,99.26427645542213,421218,6
2017-12-01,2017,12,Gulf of Mexico,Aqua,Night,MODIS_Aqua_L3_SST_Thermal_4km_Night_Monthly,modis_sst_images/gulf_of_mexico_aqua_night_2017_12_01.png,0.8921501636505127,0.8702603532717779,0.02188981037873483,1.0,95.87707919763217,418611,5
2018-01-01,2018,1,Gulf of Mexico,Aqua,Night,MODIS_Aqua_L3_SST_Thermal_4km_Night_Monthly,modis_sst_images/gulf_of_mexico_aqua_night_2018_01_01.png,0.7769278287887573,0.7944369912147522,-0.017509162425994873,1.0,88.32435397983073,415583,10
2018-02-01,2018,2,Gulf of Mexico,Aqua,Night,MODIS_Aqua_L3_SST_Thermal_4km_Night_Monthly,modis_sst_images/gulf_of_mexico_aqua_night_2018_02_01.png,0.885086715221405,0.7817763090133667,0.10331040620803833,1.0,95.01162098307753,416488,1
2018-03-01,2018,3,Gulf of Mexico,Aqua,Night,MODIS_Aqua_L3_SST_Thermal_4km_Night_Monthly,modis_sst_images/gulf_of_mexico_aqua_night_2018_03_01.png,0.8999701738357544,0.8412421601159232,0.05872801371983116,1.0,96.74047370163036,419969,5
2018-04-01,2018,4,Gulf of Mexico,Aqua,Night,MODIS_Aqua_L3_SST_Thermal_4km_Night_Monthly,modis_sst_images/gulf_of_mexico_aqua_night_2018_04_01.png,0.9412481188774109,0.9399418362549373,0.0013062826224735646,1.0,99.17422653663135,420091,8
2018-05-01,2018,5,Gulf of Mexico,Aqua,Night,MODIS_Aqua_L3_SST_Thermal_4km_Night_Monthly,modis_sst_images/gulf_of_mexico_aqua_night_2018_05_01.png,0.9281071424484253,0.9296365295137677,-0.0015293870653424468,1.0,100.0,419054,7
2018-06-01,2018,6,Gulf of Mexico,Aqua,Night,MODIS_Aqua_L3_SST_Thermal_4km_Night_Monthly,modis_sst_images/gulf_of_mexico_aqua_night_2018_06_01.png,0.8282737731933594,0.8323869292552655,-0.004113156061906098,1.0,100.0,419340,9
2018-07-01,2018,7,Gulf of Mexico,Aqua,Night,MODIS_Aqua_L3_SST_Thermal_4km_Night_Monthly,modis_sst_images/gulf_of_mexico_aqua_night_2018_07_01.png,0.7155972123146057,0.7330600704465594,-0.017462858131953696,1.0,100.0,419688,9
2018-08-01,2018,8,Gulf of Mexico,Aqua,Night,MODIS_Aqua_L3_SST_Thermal_4km_Night_Monthly,modis_sst_images/gulf_of_mexico_aqua_night_2018_08_01.png,0.7022033333778381,0.6783206377710614,0.023882695606776694,1.0,100.0,419116,3
2018-09-01,2018,9,Gulf of Mexico,Aqua,Night,MODIS_Aqua_L3_SST_Thermal_4km_Night_Monthly,modis_sst_images/gulf_of_mexico_aqua_night_2018_09_01.png,0.7130417823791504,0.7276189114366259,-0.014577129057475546,1.0,100.0,419544,9
2018-10-01,2018,10,Gulf of Mexico,Aqua,Night,MODIS_Aqua_L3_SST_Thermal_4km_Night_Monthly,modis_sst_images/gulf_of_mexico_aqua_night_2018_10_01.png,0.8132869601249695,0.8373607907976423,-0.02407383067267277,1.0,100.0,420450,11
2018-11-01,2018,11,Gulf of Mexico,Aqua,Night,MODIS_Aqua_L3_SST_Thermal_4km_Night_Monthly,modis_sst_images/gulf_of_mexico_aqua_night_2018_11_01.png,0.8943583369255066,0.9059948027133942,-0.011636465787887573,1.0,99.18862740413333,418550,9
2018-12-01,2018,12,Gulf of Mexico,Aqua,Night,MODIS_Aqua_L3_SST_Thermal_4km_Night_Monthly,modis_sst_images/gulf_of_mexico_aqua_night_2018_12_01.png,0.8434229493141174,0.8702603532717779,-0.026837403957660433,1.0,93.06891723300565,419213,12
2019-01-01,2019,1,Gulf of Mexico,Aqua,Night,MODIS_Aqua_L3_SST_Thermal_4km_Night_Monthly,modis_sst_images/gulf_of_mexico_aqua_night_2019_01_01.png,0.7896826863288879,0.7944369912147522,-0.004754304885864258,1.0,89.751393528659,417286,8
2019-02-01,2019,2,Gulf of Mexico,Aqua,Night,MODIS_Aqua_L3_SST_Thermal_4km_Night_Monthly,modis_sst_images/gulf_of_mexico_aqua_night_2019_02_01.png,0.7827398777008057,0.7817763090133667,0.0009635686874389648,1.0,89.67615803487898,416870,9
2019-03-01,2019,3,Gulf of Mexico,Aqua,Night,MODIS_Aqua_L3_SST_Thermal_4km_Night_Monthly,modis_sst_images/gulf_of_mexico_aqua_night_2019_03_01.png,0.8437972068786621,0.8412421601159232,0.0025550467627388773,1.0,93.23095120088304,417651,8
2019-04-01,2019,4,Gulf of Mexico,Aqua,Night,MODIS_Aqua_L3_SST_Thermal_4km_Night_Monthly,modis_sst_images/gulf_of_mexico_aqua_night_2019_04_01.png,0.9491588473320007,0.9399418362549373,0.009217011077063408,1.0,99.89915100884753,419439,5
2019-05-01,2019,5,Gulf of Mexico,Aqua,Night,MODIS_Aqua_L3_SST_Thermal_4km_Night_Monthly,modis_sst_images/gulf_of_mexico_aqua_night_2019_05_01.png,0.9183589220046997,0.9296365295137677,-0.011277607509068033,1.0,100.0,419744,11
2019-06-01,2019,6,Gulf of Mexico,Aqua,Night,MODIS_Aqua_L3_SST_Thermal_4km_Night_Monthly,modis_sst_images/gulf_of_mexico_aqua_night_2019_06_01.png,0.7897416353225708,0.8323869292552655,-0.04264529393269467,1.0,100.0,419392,12
2019-07-01,2019,7,Gulf of Mexico,Aqua,Night,MODIS_Aqua_L3_SST_Thermal_4km_Night_Monthly,modis_sst_images/gulf_of_mexico_aqua_night_2019_07_01.png,0.7132044434547424,0.7330600704465594,-0.019855626991816977,0.9921568632125854,100.0,419099,10
2019-08-01,2019,8,Gulf of Mexico,Aqua,Night,MODIS_Aqua_L3_SST_Thermal_4km_Night_Monthly,modis_sst_images/gulf_of_mexico_aqua_night_2019_08_01.png,0.6692659258842468,0.6783206377710614,-0.009054711886814615,0.9921568632125854,100.0,419842,10
2019-09-01,2019,9,Gulf of Mexico,Aqua,Night,MODIS_Aqua_L3_SST_Thermal_4km_Night_Monthly,modis_sst_images/gulf_of_mexico_aqua_night_2019_09_01.png,0.7048397660255432,0.7276189114366259,-0.022779145411082724,1.0,100.0,419664,12
2019-10-01,2019,10,Gulf of Mexico,Aqua,Night,MODIS_Aqua_L3_SST_Thermal_4km_Night_Monthly,modis_sst_images/gulf_of_mexico_aqua_night_2019_10_01.png,0.7978662848472595,0.8373607907976423,-0.03949450595038273,1.0,99.9957131527618,419889,12
2019-11-01,2019,11,Gulf of Mexico,Aqua,Night,MODIS_Aqua_L3_SST_Thermal_4km_Night_Monthly,modis_sst_images/gulf_of_mexico_aqua_night_2019_11_01.png,0.8703609108924866,0.9059948027133942,-0.03563389182090759,1.0,97.46017822133382,417234,14
2019-12-01,2019,12,Gulf of Mexico,Aqua,Night,MODIS_Aqua_L3_SST_Thermal_4km_Night_Monthly,modis_sst_images/gulf_of_mexico_aqua_night_2019_12_01.png,0.861531674861908,0.8702603532717779,-0.008728678409869906,1.0,94.89342264801613,418147,9
2020-01-01,2020,1,Gulf of Mexico,Aqua,Night,MODIS_Aqua_L3_SST_Thermal_4km_Night_Monthly,modis_sst_images/gulf_of_mexico_aqua_night_2020_01_01.png,0.8242236375808716,0.7944369912147522,0.029786646366119385,1.0,91.82174163383593,418561,4
2020-02-01,2020,2,Gulf of Mexico,Aqua,Night,MODIS_Aqua_L3_SST_Thermal_4km_Night_Monthly,modis_sst_images/gulf_of_mexico_aqua_night_2020_02_01.png,0.7870984673500061,0.7817763090133667,0.005322158336639404,1.0,89.80440279103368,418053,7
2020-03-01,2020,3,Gulf of Mexico,Aqua,Night,MODIS_Aqua_L3_SST_Thermal_4km_Night_Monthly,modis_sst_images/gulf_of_mexico_aqua_night_2020_03_01.png,0.9107924103736877,0.8412421601159232,0.06955025025776451,1.0,97.33161487421835,418980,3
2020-04-01,2020,4,Gulf of Mexico,Aqua,Night,MODIS_Aqua_L3_SST_Thermal_4km_Night_Monthly,modis_sst_images/gulf_of_mexico_aqua_night_2020_04_01.png,0.9356536269187927,0.9399418362549373,-0.004288209336144599,1.0,99.97474049432375,419644,10
2020-05-01,2020,5,Gulf of Mexico,Aqua,Night,MODIS_Aqua_L3_SST_Thermal_4km_Night_Monthly,modis_sst_images/gulf_of_mexico_aqua_night_2020_05_01.png,0.9107673764228821,0.9296365295137677,-0.01886915309088566,1.0,100.0,419064,13
2020-06-01,2020,6,Gulf of Mexico,Aqua,Night,MODIS_Aqua_L3_SST_Thermal_4km_Night_Monthly,modis_sst_images/gulf_of_mexico_aqua_night_2020_06_01.png,0.8382636308670044,0.8323869292552655,0.0058767016117389215,1.0,100.0,419336,8
2020-07-01,2020,7,Gulf of Mexico,Aqua,Night,MODIS_Aqua_L3_SST_Thermal_4km_Night_Monthly,modis_sst_images/gulf_of_mexico_aqua_night_2020_07_01.png,0.6993446350097656,0.7330600704465594,-0.033715435436793784,0.9921568632125854,100.0,419653,11
2020-08-01,2020,8,Gulf of Mexico,Aqua,Night,MODIS_Aqua_L3_SST_Thermal_4km_Night_Monthly,modis_sst_images/gulf_of_mexico_aqua_night_2020_08_01.png,0.6633957028388977,0.6783206377710614,-0.014924934932163736,0.9843137264251709,100.0,417140,13
2020-09-01,2020,9,Gulf of Mexico,Aqua,Night,MODIS_Aqua_L3_SST_Thermal_4km_Night_Monthly,modis_sst_images/gulf_of_mexico_aqua_night_2020_09_01.png,0.7120347619056702,0.7276189114366259,-0.015584149530955771,1.0,100.0,418360,10
2020-10-01,2020,10,Gulf of Mexico,Aqua,Night,MODIS_Aqua_L3_SST_Thermal_4km_Night_Monthly,modis_sst_images/gulf_of_mexico_aqua_night_2020_10_01.png,0.8588410019874573,0.8373607907976423,0.021480211189815024,1.0,100.0,419608,3
2020-11-01,2020,11,Gulf of Mexico,Aqua,Night,MODIS_Aqua_L3_SST_Thermal_4km_Night_Monthly,modis_sst_images/gulf_of_mexico_aqua_night_2020_11_01.png,0.929535984992981,0.9059948027133942,0.023541182279586792,1.0,99.90504162183184,419131,2
2020-12-01,2020,12,Gulf of Mexico,Aqua,Night,MODIS_Aqua_L3_SST_Thermal_4km_Night_Monthly,modis_sst_images/gulf_of_mexico_aqua_night_2020_12_01.png,0.8660600781440735,0.8702603532717779,-0.004200275127704378,1.0,94.30301358994083,413394,7
2021-01-01,2021,1,Gulf of Mexico,Aqua,Night,MODIS_Aqua_L3_SST_Thermal_4km_Night_Monthly,modis_sst_images/gulf_of_mexico_aqua_night_2021_01_01.png,0.7895184755325317,0.7944369912147522,-0.004918515682220459,1.0,90.03035816870296,416033,9
2021-02-01,2021,2,Gulf of Mexico,Aqua,Night,MODIS_Aqua_L3_SST_Thermal_4km_Night_Monthly,modis_sst_images/gulf_of_mexico_aqua_night_2021_02_01.png,0.7856634855270386,0.7817763090133667,0.003887176513671875,1.0,89.77379151357971,416430,8
2021-03-01,2021,3,Gulf of Mexico,Aqua,Night,MODIS_Aqua_L3_SST_Thermal_4km_Night_Monthly,modis_sst_images/gulf_of_mexico_aqua_night_2021_03_01.png,0.8308269381523132,0.8412421601159232,-0.01041522196361,1.0,92.29608190211931,418060,10
2021-04-01,2021,4,Gulf of Mexico,Aqua,Night,MODIS_Aqua_L3_SST_Thermal_4km_Night_Monthly,modis_sst_images/gulf_of_mexico_aqua_night_2021_04_01.png,0.9338570237159729,0.9399418362549373,-0.006084812538964424,1.0,99.4411125182194,418510,11
2021-05-01,2021,5,Gulf of Mexico,Aqua,Night,MODIS_Aqua_L3_SST_Thermal_4km_Night_Monthly,modis_sst_images/gulf_of_mexico_aqua_night_2021_05_01.png,0.9250239133834839,0.9296365295137677,-0.004612616130283853,1.0,100.0,419658,9
2021-06-01,2021,6,Gulf of Mexico,Aqua,Night,MODIS_Aqua_L3_SST_Thermal_4km_Night_Monthly,modis_sst_images/gulf_of_mexico_aqua_night_2021_06_01.png,0.8485491275787354,0.8323869292552655,0.01616219832346988,1.0,100.0,418533,5
2021-07-01,2021,7,Gulf of Mexico,Aqua,Night,MODIS_Aqua_L3_SST_Thermal_4km_Night_Monthly,modis_sst_images/gulf_of_mexico_aqua_night_2021_07_01.png,0.7577974796295166,0.7330600704465594,0.024737409182957193,1.0,100.0,419169,5
2021-08-01,2021,8,Gulf of Mexico,Aqua,Night,MODIS_Aqua_L3_SST_Thermal_4km_Night_Monthly,modis_sst_images/gulf_of_mexico_aqua_night_2021_08_01.png,0.6832633018493652,0.6783206377710614,0.004942664078303793,0.9882352948188782,100.0,419564,7
2021-09-01,2021,9,Gulf of Mexico,Aqua,Night,MODIS_Aqua_L3_SST_Thermal_4km_Night_Monthly,modis_sst_images/gulf_of_mexico_aqua_night_2021_09_01.png,0.7352087497711182,0.7276189114366259,0.007589838334492227,1.0,100.0,418520,7
2021-10-01,2021,10,Gulf of Mexico,Aqua,Night,MODIS_Aqua_L3_SST_Thermal_4km_Night_Monthly,modis_sst_images/gulf_of_mexico_aqua_night_2021_10_01.png,0.814141571521759,0.8373607907976423,-0.02321921927588322,1.0,100.0,419238,10
2021-11-01,2021,11,Gulf of Mexico,Aqua,Night,MODIS_Aqua_L3_SST_Thermal_4km_Night_Monthly,modis_sst_images/gulf_of_mexico_aqua_night_2021_11_01.png,0.8891634941101074,0.9059948027133942,-0.016831308603286743,1.0,98.48581516055684,416924,13
2021-12-01,2021,12,Gulf of Mexico,Aqua,Night,MODIS_Aqua_L3_SST_Thermal_4km_Night_Monthly,modis_sst_images/gulf_of_mexico_aqua_night_2021_12_01.png,0.8945597410202026,0.8702603532717779,0.024299387748424772,1.0,96.8471742036327,419687,4
2022-01-01,2022,1,Gulf of Mexico,Aqua,Night,MODIS_Aqua_L3_SST_Thermal_4km_Night_Monthly,modis_sst_images/gulf_of_mexico_aqua_night_2022_01_01.png,0.870276153087616,0.7944369912147522,0.07583916187286377,1.0,94.18052199478294,416326,1
2022-02-01,2022,2,Gulf of Mexico,Aqua,Night,MODIS_Aqua_L3_SST_Thermal_4km_Night_Monthly,modis_sst_images/gulf_of_mexico_aqua_night_2022_02_01.png,0.7905879616737366,0.7817763090133667,0.008811652660369873,1.0,89.39760705981872,418481,6
2022-03-01,2022,3,Gulf of Mexico,Aqua,Night,MODIS_Aqua_L3_SST_Thermal_4km_Night_Monthly,modis_sst_images/gulf_of_mexico_aqua_night_2022_03_01.png,0.8474463820457458,0.8412421601159232,0.0062042219298226176,1.0,93.28705304036255,419473,7
2022-04-01,2022,4,Gulf of Mexico,Aqua,Night,MODIS_Aqua_L3_SST_Thermal_4km_Night_Monthly,modis_sst_images/gulf_of_mexico_aqua_night_2022_04_01.png,0.9575957655906677,0.9399418362549373,0.0176539293357304,1.0,99.99424035018671,416692,4
2022-05-01,2022,5,Gulf of Mexico,Aqua,Night,MODIS_Aqua_L3_SST_Thermal_4km_Night_Monthly,modis_sst_images/gulf_of_mexico_aqua_night_2022_05_01.png,0.9145630598068237,0.9296365295137677,-0.01507346970694401,1.0,100.0,419747,12
2022-06-01,2022,6,Gulf of Mexico,Aqua,Night,MODIS_Aqua_L3_SST_Thermal_4km_Night_Monthly,modis_sst_images/gulf_of_mexico_aqua_night_2022_06_01.png,0.8163736462593079,0.8323869292552655,-0.01601328299595761,1.0,100.0,420034,10
2022-07-01,2022,7,Gulf of Mexico,Aqua,Night,MODIS_Aqua_L3_SST_Thermal_4km_Night_Monthly,modis_sst_images/gulf_of_mexico_aqua_night_2022_07_01.png,0.6979263424873352,0.7330600704465594,-0.035133727959224204,1.0,100.0,419688,12
2022-08-01,2022,8,Gulf of Mexico,Aqua,Night,MODIS_Aqua_L3_SST_Thermal_4km_Night_Monthly,modis_sst_images/gulf_of_mexico_aqua_night_2022_08_01.png,0.6904194951057434,0.6783206377710614,0.012098857334681967,1.0,100.0,418950,4
2022-09-01,2022,9,Gulf of Mexico,Aqua,Night,MODIS_Aqua_L3_SST_Thermal_4km_Night_Monthly,modis_sst_images/gulf_of_mexico_aqua_night_2022_09_01.png,0.7101518511772156,0.7276189114366259,-0.01746706025941036,0.9960784316062927,100.0,418197,11
2022-10-01,2022,10,Gulf of Mexico,Aqua,Night,MODIS_Aqua_L3_SST_Thermal_4km_Night_Monthly,modis_sst_images/gulf_of_mexico_aqua_night_2022_10_01.png,0.8675323724746704,0.8373607907976423,0.03017158167702816,1.0,99.9942881622162,420180,2
2022-11-01,2022,11,Gulf of Mexico,Aqua,Night,MODIS_Aqua_L3_SST_Thermal_4km_Night_Monthly,modis_sst_images/gulf_of_mexico_aqua_night_2022_11_01.png,0.912458598613739,0.9059948027133942,0.006463795900344849,1.0,99.7518557993436,425962,5
2023-02-01,2023,2,Gulf of Mexico,Aqua,Night,MODIS_Aqua_L3_SST_Thermal_4km_Night_Monthly,modis_sst_images/gulf_of_mexico_aqua_night_2023_02_01.png,0.8431999683380127,0.7817763090133667,0.061423659324645996,1.0,92.68982630272953,423150,3
2023-03-01,2023,3,Gulf of Mexico,Aqua,Night,MODIS_Aqua_L3_SST_Thermal_4km_Night_Monthly,modis_sst_images/gulf_of_mexico_aqua_night_2023_03_01.png,0.9315539598464966,0.8412421601159232,0.09031179973057335,1.0,98.82251775764786,424465,1
2023-04-01,2023,4,Gulf of Mexico,Aqua,Night,MODIS_Aqua_L3_SST_Thermal_4km_Night_Monthly,modis_sst_images/gulf_of_mexico_aqua_night_2023_04_01.png,0.9457455277442932,0.9399418362549373,0.005803691489355889,1.0,99.85853613381153,421309,7
2023-05-01,2023,5,Gulf of Mexico,Aqua,Night,MODIS_Aqua_L3_SST_Thermal_4km_Night_Monthly,modis_sst_images/gulf_of_mexico_aqua_night_2023_05_01.png,0.9047519564628601,0.9296365295137677,-0.024884573050907632,1.0,100.0,422306,14
2023-07-01,2023,7,Gulf of Mexico,Aqua,Night,MODIS_Aqua_L3_SST_Thermal_4km_Night_Monthly,modis_sst_images/gulf_of_mexico_aqua_night_2023_07_01.png,0.6168615221977234,0.7330600704465594,-0.11619854824883602,1.0,100.0,425878,14
2023-08-01,2023,8,Gulf of Mexico,Aqua,Night,MODIS_Aqua_L3_SST_Thermal_4km_Night_Monthly,modis_sst_images/gulf_of_mexico_aqua_night_2023_08_01.png,0.5657851696014404,0.6783206377710614,-0.11253546816962101,1.0,100.0,426958,14
2023-09-01,2023,9,Gulf of Mexico,Aqua,Night,MODIS_Aqua_L3_SST_Thermal_4km_Night_Monthly,modis_sst_images/gulf_of_mexico_aqua_night_2023_09_01.png,0.5972797274589539,0.7276189114366259,-0.13033918397767208,1.0,100.0,423254,14
2023-10-01,2023,10,Gulf of Mexico,Aqua,Night,MODIS_Aqua_L3_SST_Thermal_4km_Night_Monthly,modis_sst_images/gulf_of_mexico_aqua_night_2023_10_01.png,0.7948982119560242,0.8373607907976423,-0.04246257884161808,1.0,99.9971617920445,422802,13
2023-11-01,2023,11,Gulf of Mexico,Aqua,Night,MODIS_Aqua_L3_SST_Thermal_4km_Night_Monthly,modis_sst_images/gulf_of_mexico_aqua_night_2023_11_01.png,0.8918465971946716,0.9059948027133942,-0.014148205518722534,1.0,99.32889740629204,420055,12
2023-12-01,2023,12,Gulf of Mexico,Aqua,Night,MODIS_Aqua_L3_SST_Thermal_4km_Night_Monthly,modis_sst_images/gulf_of_mexico_aqua_night_2023_12_01.png,0.8224948644638062,0.8702603532717779,-0.04776548880797171,1.0,92.59574813372282,419016,13
2010-01-01,2010,1,Gulf of Mexico,Terra,Day,MODIS_Terra_L3_SST_Thermal_4km_Day_Monthly,modis_sst_images/gulf_of_mexico_terra_day_2010_01_01.png,0.7149169445037842,0.7950368477747991,-0.08011990327101493,1.0,86.07738771604569,418025,12
2010-02-01,2010,2,Gulf of Mexico,Terra,Day,MODIS_Terra_L3_SST_Thermal_4km_Day_Monthly,modis_sst_images/gulf_of_mexico_terra_day_2010_02_01.png,0.6486201882362366,0.7871282867022923,-0.13850809846605572,1.0,82.4270185700999,416099,14
2010-03-01,2010,3,Gulf of Mexico,Terra,Day,MODIS_Terra_L3_SST_Thermal_4km_Day_Monthly,modis_sst_images/gulf_of_mexico_terra_day_2010_03_01.png,0.6151435375213623,0.8606052313532148,-0.24546169383185246,1.0,80.93832791173413,417466,14
2010-04-01,2010,4,Gulf of Mexico,Terra,Day,MODIS_Terra_L3_SST_Thermal_4km_Day_Monthly,modis_sst_images/gulf_of_mexico_terra_day_2010_04_01.png,0.890508770942688,0.9429055792944772,-0.05239680835178917,1.0,99.41577152947895,416789,14
2010-05-01,2010,5,Gulf of Mexico,Terra,Day,MODIS_Terra_L3_SST_Thermal_4km_Day_Monthly,modis_sst_images/gulf_of_mexico_terra_day_2010_05_01.png,0.9182936549186707,0.9156254061630794,0.0026682487555912404,1.0,100.0,418667,5
2010-06-01,2010,6,Gulf of Mexico,Terra,Day,MODIS_Terra_L3_SST_Thermal_4km_Day_Monthly,modis_sst_images/gulf_of_mexico_terra_day_2010_06_01.png,0.749485194683075,0.8132962538645818,-0.06381105918150687,1.0,100.0,419824,13
2010-07-01,2010,7,Gulf of Mexico,Terra,Day,MODIS_Terra_L3_SST_Thermal_4km_Day_Monthly,modis_sst_images/gulf_of_mexico_terra_day_2010_07_01.png,0.7697097659111023,0.716905048915318,0.05280471699578426,0.9960784316062927,100.0,420903,1
2010-08-01,2010,8,Gulf of Mexico,Terra,Day,MODIS_Terra_L3_SST_Thermal_4km_Day_Monthly,modis_sst_images/gulf_of_mexico_terra_day_2010_08_01.png,0.6544684171676636,0.6516557080405099,0.002812709127153701,0.9490196108818054,100.0,419997,7
2010-09-01,2010,9,Gulf of Mexico,Terra,Day,MODIS_Terra_L3_SST_Thermal_4km_Day_Monthly,modis_sst_images/gulf_of_mexico_terra_day_2010_09_01.png,0.7161630392074585,0.7016728841341459,0.014490155073312638,1.0,100.0,422443,6
2010-10-01,2010,10,Gulf of Mexico,Terra,Day,MODIS_Terra_L3_SST_Thermal_4km_Day_Monthly,modis_sst_images/gulf_of_mexico_terra_day_2010_10_01.png,0.8894276022911072,0.8221222529044518,0.06730534938665533,1.0,100.0,422358,1
2010-11-01,2010,11,Gulf of Mexico,Terra,Day,MODIS_Terra_L3_SST_Thermal_4km_Day_Monthly,modis_sst_images/gulf_of_mexico_terra_day_2010_11_01.png,0.9409260153770447,0.9013326672407297,0.03959334813631499,1.0,99.3158026070321,420785,1
2010-12-01,2010,12,Gulf of Mexico,Terra,Day,MODIS_Terra_L3_SST_Thermal_4km_Day_Monthly,modis_sst_images/gulf_of_mexico_terra_day_2010_12_01.png,0.841185450553894,0.8661485727016742,-0.02496312214778018,1.0,92.59537725887206,417631,11
2011-01-01,2011,1,Gulf of Mexico,Terra,Day,MODIS_Terra_L3_SST_Thermal_4km_Day_Monthly,modis_sst_images/gulf_of_mexico_terra_day_2011_01_01.png,0.7093589305877686,0.7950368477747991,-0.08567791718703055,1.0,85.01028801672817,418934,13
2011-02-01,2011,2,Gulf of Mexico,Terra,Day,MODIS_Terra_L3_SST_Thermal_4km_Day_Monthly,modis_sst_images/gulf_of_mexico_terra_day_2011_02_01.png,0.6966467499732971,0.7871282867022923,-0.09048153672899517,1.0,85.96031833176586,418934,13
2011-03-01,2011,3,Gulf of Mexico,Terra,Day,MODIS_Terra_L3_SST_Thermal_4km_Day_Monthly,modis_sst_images/gulf_of_mexico_terra_day_2011_03_01.png,0.8565322756767273,0.8606052313532148,-0.004072955676487466,1.0,94.66288374939049,418372,10
2011-04-01,2011,4,Gulf of Mexico,Terra,Day,MODIS_Terra_L3_SST_Thermal_4km_Day_Monthly,modis_sst_images/gulf_of_mexico_terra_day_2011_04_01.png,0.9637119174003601,0.9429055792944772,0.02080633810588295,1.0,99.98802435367436,417514,3
2011-05-01,2011,5,Gulf of Mexico,Terra,Day,MODIS_Terra_L3_SST_Thermal_4km_Day_Monthly,modis_sst_images/gulf_of_mexico_terra_day_2011_05_01.png,0.9277106523513794,0.9156254061630794,0.01208524618829998,1.0,100.0,416921,4
2011-06-01,2011,6,Gulf of Mexico,Terra,Day,MODIS_Terra_L3_SST_Thermal_4km_Day_Monthly,modis_sst_images/gulf_of_mexico_terra_day_2011_06_01.png,0.8208811283111572,0.8132962538645818,0.007584874446575407,1.0,100.0,418562,6
2011-07-01,2011,7,Gulf of Mexico,Terra,Day,MODIS_Terra_L3_SST_Thermal_4km_Day_Monthly,modis_sst_images/gulf_of_mexico_terra_day_2011_07_01.png,0.7391234040260315,0.716905048915318,0.02221835511071346,1.0,100.0,420105,6
2011-08-01,2011,8,Gulf of Mexico,Terra,Day,MODIS_Terra_L3_SST_Thermal_4km_Day_Monthly,modis_sst_images/gulf_of_mexico_terra_day_2011_08_01.png,0.6371884346008301,0.6516557080405099,-0.014467273439679795,0.9843137264251709,100.0,420906,11
2011-09-01,2011,9,Gulf of Mexico,Terra,Day,MODIS_Terra_L3_SST_Thermal_4km_Day_Monthly,modis_sst_images/gulf_of_mexico_terra_day_2011_09_01.png,0.7410281896591187,0.7016728841341459,0.039355305524972795,0.9882352948188782,100.0,421819,4
2011-10-01,2011,10,Gulf of Mexico,Terra,Day,MODIS_Terra_L3_SST_Thermal_4km_Day_Monthly,modis_sst_images/gulf_of_mexico_terra_day_2011_10_01.png,0.8455569744110107,0.8221222529044518,0.023434721506558898,1.0,100.0,421134,3
2011-11-01,2011,11,Gulf of Mexico,Terra,Day,MODIS_Terra_L3_SST_Thermal_4km_Day_Monthly,modis_sst_images/gulf_of_mexico_terra_day_2011_11_01.png,0.9220995903015137,0.9013326672407297,0.02076692306078398,1.0,98.95155107301639,421289,3
2011-12-01,2011,12,Gulf of Mexico,Terra,Day,MODIS_Terra_L3_SST_Thermal_4km_Day_Monthly,modis_sst_images/gulf_of_mexico_terra_day_2011_12_01.png,0.8680696487426758,0.8661485727016742,0.001921076041001557,1.0,93.9905346989548,419638,6
2012-01-01,2012,1,Gulf of Mexico,Terra,Day,MODIS_Terra_L3_SST_Thermal_4km_Day_Monthly,modis_sst_images/gulf_of_mexico_terra_day_2012_01_01.png,0.8115684390068054,0.7950368477747991,0.016531591232006315,1.0,91.04686179519837,420065,5
2012-02-01,2012,2,Gulf of Mexico,Terra,Day,MODIS_Terra_L3_SST_Thermal_4km_Day_Monthly,modis_sst_images/gulf_of_mexico_terra_day_2012_02_01.png,0.816928505897522,0.7871282867022923,0.029800219195229682,1.0,91.56999040071005,414614,5
2012-03-01,2012,3,Gulf of Mexico,Terra,Day,MODIS_Terra_L3_SST_Thermal_4km_Day_Monthly,modis_sst_images/gulf_of_mexico_terra_day_2012_03_01.png,0.9512707591056824,0.8606052313532148,0.09066552775246761,1.0,99.67371427888465,418345,2
2012-04-01,2012,4,Gulf of Mexico,Terra,Day,MODIS_Terra_L3_SST_Thermal_4km_Day_Monthly,modis_sst_images/gulf_of_mexico_terra_day_2012_04_01.png,0.9681811928749084,0.9429055792944772,0.02527561358043129,1.0,99.9980869436294,418179,2
2012-05-01,2012,5,Gulf of Mexico,Terra,Day,MODIS_Terra_L3_SST_Thermal_4km_Day_Monthly,modis_sst_images/gulf_of_mexico_terra_day_2012_05_01.png,0.9149717688560486,0.9156254061630794,-0.0006536373070308299,1.0,100.0,418496,7
2012-06-01,2012,6,Gulf of Mexico,Terra,Day,MODIS_Terra_L3_SST_Thermal_4km_Day_Monthly,modis_sst_images/gulf_of_mexico_terra_day_2012_06_01.png,0.8372286558151245,0.8132962538645818,0.023932401950542692,1.0,100.0,416565,2
2012-07-01,2012,7,Gulf of Mexico,Terra,Day,MODIS_Terra_L3_SST_Thermal_4km_Day_Monthly,modis_sst_images/gulf_of_mexico_terra_day_2012_07_01.png,0.7668288350105286,0.716905048915318,0.04992378609521053,0.95686274766922,100.0,420028,3
2012-08-01,2012,8,Gulf of Mexico,Terra,Day,MODIS_Terra_L3_SST_Thermal_4km_Day_Monthly,modis_sst_images/gulf_of_mexico_terra_day_2012_08_01.png,0.7077913880348206,0.6516557080405099,0.05613567999431068,0.9843137264251709,100.0,420418,2
2012-09-01,2012,9,Gulf of Mexico,Terra,Day,MODIS_Terra_L3_SST_Thermal_4km_Day_Monthly,modis_sst_images/gulf_of_mexico_terra_day_2012_09_01.png,0.7622042894363403,0.7016728841341459,0.060531405302194474,1.0,100.0,421483,2
2012-10-01,2012,10,Gulf of Mexico,Terra,Day,MODIS_Terra_L3_SST_Thermal_4km_Day_Monthly,modis_sst_images/gulf_of_mexico_terra_day_2012_10_01.png,0.8462302684783936,0.8221222529044518,0.02410801557394171,1.0,99.99289787859634,422409,2
2012-11-01,2012,11,Gulf of Mexico,Terra,Day,MODIS_Terra_L3_SST_Thermal_4km_Day_Monthly,modis_sst_images/gulf_of_mexico_terra_day_2012_11_01.png,0.8927544355392456,0.9013326672407297,-0.008578231701484085,1.0,98.0001949405788,420641,8
2012-12-01,2012,12,Gulf of Mexico,Terra,Day,MODIS_Terra_L3_SST_Thermal_4km_Day_Monthly,modis_sst_images/gulf_of_mexico_terra_day_2012_12_01.png,0.8942266702651978,0.8661485727016742,0.02807809756352353,1.0,95.96009381287428,419985,3
2013-01-01,2013,1,Gulf of Mexico,Terra,Day,MODIS_Terra_L3_SST_Thermal_4km_Day_Monthly,modis_sst_images/gulf_of_mexico_terra_day_2013_01_01.png,0.8320192098617554,0.7950368477747991,0.036982362086956266,1.0,91.96248009982358,418338,3
2013-02-01,2013,2,Gulf of Mexico,Terra,Day,MODIS_Terra_L3_SST_Thermal_4km_Day_Monthly,modis_sst_images/gulf_of_mexico_terra_day_2013_02_01.png,0.8273982405662537,0.7871282867022923,0.04026995386396137,1.0,91.84029851459368,418606,4
2013-03-01,2013,3,Gulf of Mexico,Terra,Day,MODIS_Terra_L3_SST_Thermal_4km_Day_Monthly,modis_sst_images/gulf_of_mexico_terra_day_2013_03_01.png,0.7942013740539551,0.8606052313532148,-0.06640385729925968,1.0,90.1645387218927,417774,12
2013-04-01,2013,4,Gulf of Mexico,Terra,Day,MODIS_Terra_L3_SST_Thermal_4km_Day_Monthly,modis_sst_images/gulf_of_mexico_terra_day_2013_04_01.png,0.9174696803092957,0.9429055792944772,-0.025435898985181504,1.0,99.44178800926025,415971,12
2013-05-01,2013,5,Gulf of Mexico,Terra,Day,MODIS_Terra_L3_SST_Thermal_4km_Day_Monthly,modis_sst_images/gulf_of_mexico_terra_day_2013_05_01.png,0.9438717365264893,0.9156254061630794,0.028246330363409844,1.0,100.0,416823,2
2013-06-01,2013,6,Gulf of Mexico,Terra,Day,MODIS_Terra_L3_SST_Thermal_4km_Day_Monthly,modis_sst_images/gulf_of_mexico_terra_day_2013_06_01.png,0.8339390754699707,0.8132962538645818,0.020642821605388884,1.0,100.0,418876,3
2013-07-01,2013,7,Gulf of Mexico,Terra,Day,MODIS_Terra_L3_SST_Thermal_4km_Day_Monthly,modis_sst_images/gulf_of_mexico_terra_day_2013_07_01.png,0.7680764198303223,0.716905048915318,0.05117137091500423,1.0,100.0,418912,2
2013-08-01,2013,8,Gulf of Mexico,Terra,Day,MODIS_Terra_L3_SST_Thermal_4km_Day_Monthly,modis_sst_images/gulf_of_mexico_terra_day_2013_08_01.png,0.7127546668052673,0.6516557080405099,0.06109895876475746,0.95686274766922,100.0,420511,1
2013-09-01,2013,9,Gulf of Mexico,Terra,Day,MODIS_Terra_L3_SST_Thermal_4km_Day_Monthly,modis_sst_images/gulf_of_mexico_terra_day_2013_09_01.png,0.7657303810119629,0.7016728841341459,0.06405749687781703,0.9960784316062927,100.0,422264,1
2013-10-01,2013,10,Gulf of Mexico,Terra,Day,MODIS_Terra_L3_SST_Thermal_4km_Day_Monthly,modis_sst_images/gulf_of_mexico_terra_day_2013_10_01.png,0.8342912793159485,0.8221222529044518,0.012169026411496642,1.0,100.0,423841,6
2013-11-01,2013,11,Gulf of Mexico,Terra,Day,MODIS_Terra_L3_SST_Thermal_4km_Day_Monthly,modis_sst_images/gulf_of_mexico_terra_day_2013_11_01.png,0.904494047164917,0.9013326672407297,0.003161379924187302,1.0,99.46954010979617,421144,6
2013-12-01,2013,12,Gulf of Mexico,Terra,Day,MODIS_Terra_L3_SST_Thermal_4km_Day_Monthly,modis_sst_images/gulf_of_mexico_terra_day_2013_12_01.png,0.867676854133606,0.8661485727016742,0.0015282814319317328,1.0,94.7177541220323,416906,7
2014-01-01,2014,1,Gulf of Mexico,Terra,Day,MODIS_Terra_L3_SST_Thermal_4km_Day_Monthly,modis_sst_images/gulf_of_mexico_terra_day_2014_01_01.png,0.7602531313896179,0.7950368477747991,-0.034783716385181185,1.0,89.23481203278178,416695,11
2014-02-01,2014,2,Gulf of Mexico,Terra,Day,MODIS_Terra_L3_SST_Thermal_4km_Day_Monthly,modis_sst_images/gulf_of_mexico_terra_day_2014_02_01.png,0.74845290184021,0.7871282867022923,-0.03867538486208233,1.0,89.06308485214937,416772,11
2014-03-01,2014,3,Gulf of Mexico,Terra,Day,MODIS_Terra_L3_SST_Thermal_4km_Day_Monthly,modis_sst_images/gulf_of_mexico_terra_day_2014_03_01.png,0.7738587856292725,0.8606052313532148,-0.0867464457239423,1.0,89.76588324778393,418082,13
2014-04-01,2014,4,Gulf of Mexico,Terra,Day,MODIS_Terra_L3_SST_Thermal_4km_Day_Monthly,modis_sst_images/gulf_of_mexico_terra_day_2014_04_01.png,0.9113632440567017,0.9429055792944772,-0.0315423352377755,1.0,99.89021551796462,417181,13
2014-05-01,2014,5,Gulf of Mexico,Terra,Day,MODIS_Terra_L3_SST_Thermal_4km_Day_Monthly,modis_sst_images/gulf_of_mexico_terra_day_2014_05_01.png,0.9505311250686646,0.9156254061630794,0.03490571890558514,1.0,100.0,416657,1
2014-06-01,2014,6,Gulf of Mexico,Terra,Day,MODIS_Terra_L3_SST_Thermal_4km_Day_Monthly,modis_sst_images/gulf_of_mexico_terra_day_2014_06_01.png,0.8629810214042664,0.8132962538645818,0.04968476753968454,1.0,100.0,418296,1
2014-07-01,2014,7,Gulf of Mexico,Terra,Day,MODIS_Terra_L3_SST_Thermal_4km_Day_Monthly,modis_sst_images/gulf_of_mexico_terra_day_2014_07_01.png,0.7248207330703735,0.716905048915318,0.007915684155055502,0.9882352948188782,100.0,420731,7
2014-08-01,2014,8,Gulf of Mexico,Terra,Day,MODIS_Terra_L3_SST_Thermal_4km_Day_Monthly,modis_sst_images/gulf_of_mexico_terra_day_2014_08_01.png,0.6409522891044617,0.6516557080405099,-0.010703418936048203,0.9098039269447327,100.0,421009,10
2014-09-01,2014,9,Gulf of Mexico,Terra,Day,MODIS_Terra_L3_SST_Thermal_4km_Day_Monthly,modis_sst_images/gulf_of_mexico_terra_day_2014_09_01.png,0.7114000916481018,0.7016728841341459,0.009727207513955949,0.9921568632125854,100.0,421465,7
2014-10-01,2014,10,Gulf of Mexico,Terra,Day,MODIS_Terra_L3_SST_Thermal_4km_Day_Monthly,modis_sst_images/gulf_of_mexico_terra_day_2014_10_01.png,0.8288934230804443,0.8221222529044518,0.006771170175992491,1.0,100.0,423760,7
2014-11-01,2014,11,Gulf of Mexico,Terra,Day,MODIS_Terra_L3_SST_Thermal_4km_Day_Monthly,modis_sst_images/gulf_of_mexico_terra_day_2014_11_01.png,0.8893223404884338,0.9013326672407297,-0.012010326752295852,1.0,97.00481939208856,419140,10
2014-12-01,2014,12,Gulf of Mexico,Terra,Day,MODIS_Terra_L3_SST_Thermal_4km_Day_Monthly,modis_sst_images/gulf_of_mexico_terra_day_2014_12_01.png,0.8549838066101074,0.8661485727016742,-0.011164766091566802,1.0,93.51640984923762,420662,9
2015-01-01,2015,1,Gulf of Mexico,Terra,Day,MODIS_Terra_L3_SST_Thermal_4km_Day_Monthly,modis_sst_images/gulf_of_mexico_terra_day_2015_01_01.png,0.7940697073936462,0.7950368477747991,-0.0009671403811528645,1.0,90.15393809011594,418350,7
2015-02-01,2015,2,Gulf of Mexico,Terra,Day,MODIS_Terra_L3_SST_Thermal_4km_Day_Monthly,modis_sst_images/gulf_of_mexico_terra_day_2015_02_01.png,0.7483268976211548,0.7871282867022923,-0.038801389081137505,1.0,87.94895962755095,420138,12
2015-03-01,2015,3,Gulf of Mexico,Terra,Day,MODIS_Terra_L3_SST_Thermal_4km_Day_Monthly,modis_sst_images/gulf_of_mexico_terra_day_2015_03_01.png,0.8825323581695557,0.8606052313532148,0.021927126816340903,1.0,95.51995824724621,417697,6
2015-04-01,2015,4,Gulf of Mexico,Terra,Day,MODIS_Terra_L3_SST_Thermal_4km_Day_Monthly,modis_sst_images/gulf_of_mexico_terra_day_2015_04_01.png,0.947238028049469,0.9429055792944772,0.004332448754991836,1.0,100.0,413414,8
2015-05-01,2015,5,Gulf of Mexico,Terra,Day,MODIS_Terra_L3_SST_Thermal_4km_Day_Monthly,modis_sst_images/gulf_of_mexico_terra_day_2015_05_01.png,0.9177089929580688,0.9156254061630794,0.0020835867949894338,1.0,100.0,416982,6
2015-06-01,2015,6,Gulf of Mexico,Terra,Day,MODIS_Terra_L3_SST_Thermal_4km_Day_Monthly,modis_sst_images/gulf_of_mexico_terra_day_2015_06_01.png,0.8186793327331543,0.8132962538645818,0.005383078868572477,0.9960784316062927,100.0,417625,8
2015-07-01,2015,7,Gulf of Mexico,Terra,Day,MODIS_Terra_L3_SST_Thermal_4km_Day_Monthly,modis_sst_images/gulf_of_mexico_terra_day_2015_07_01.png,0.741034984588623,0.716905048915318,0.024129935673305014,1.0,100.0,419832,5
2015-08-01,2015,8,Gulf of Mexico,Terra,Day,MODIS_Terra_L3_SST_Thermal_4km_Day_Monthly,modis_sst_images/gulf_of_mexico_terra_day_2015_08_01.png,0.642634391784668,0.6516557080405099,-0.009021316255841905,0.9921568632125854,100.0,421020,9
2015-09-01,2015,9,Gulf of Mexico,Terra,Day,MODIS_Terra_L3_SST_Thermal_4km_Day_Monthly,modis_sst_images/gulf_of_mexico_terra_day_2015_09_01.png,0.6918160915374756,0.7016728841341459,-0.009856792596670272,1.0,100.0,421115,8
2015-10-01,2015,10,Gulf of Mexico,Terra,Day,MODIS_Terra_L3_SST_Thermal_4km_Day_Monthly,modis_sst_images/gulf_of_mexico_terra_day_2015_10_01.png,0.8193495273590088,0.8221222529044518,-0.0027727255454430555,1.0,100.0,422692,8
2015-11-01,2015,11,Gulf of Mexico,Terra,Day,MODIS_Terra_L3_SST_Thermal_4km_Day_Monthly,modis_sst_images/gulf_of_mexico_terra_day_2015_11_01.png,0.8934606909751892,0.9013326672407297,-0.007871976265540481,1.0,99.77778303672851,422560,7
2015-12-01,2015,12,Gulf of Mexico,Terra,Day,MODIS_Terra_L3_SST_Thermal_4km_Day_Monthly,modis_sst_images/gulf_of_mexico_terra_day_2015_12_01.png,0.900085985660553,0.8661485727016742,0.033937412958878754,1.0,97.40994089352296,421612,2
2016-01-01,2016,1,Gulf of Mexico,Terra,Day,MODIS_Terra_L3_SST_Thermal_4km_Day_Monthly,modis_sst_images/gulf_of_mexico_terra_day_2016_01_01.png,0.808817982673645,0.7950368477747991,0.013781134898845915,1.0,90.87801106286801,420325,6
2016-02-01,2016,2,Gulf of Mexico,Terra,Day,MODIS_Terra_L3_SST_Thermal_4km_Day_Monthly,modis_sst_images/gulf_of_mexico_terra_day_2016_02_01.png,0.7493903040885925,0.7871282867022923,-0.03773798261369976,1.0,88.33772042764633,419412,10
2016-03-01,2016,3,Gulf of Mexico,Terra,Day,MODIS_Terra_L3_SST_Thermal_4km_Day_Monthly,modis_sst_images/gulf_of_mexico_terra_day_2016_03_01.png,0.8723994493484497,0.8606052313532148,0.011794217995234946,1.0,96.67951407054713,416686,7
2016-04-01,2016,4,Gulf of Mexico,Terra,Day,MODIS_Terra_L3_SST_Thermal_4km_Day_Monthly,modis_sst_images/gulf_of_mexico_terra_day_2016_04_01.png,0.9530895352363586,0.9429055792944772,0.010183955941881484,1.0,99.9937892056394,418626,6
2016-05-01,2016,5,Gulf of Mexico,Terra,Day,MODIS_Terra_L3_SST_Thermal_4km_Day_Monthly,modis_sst_images/gulf_of_mexico_terra_day_2016_05_01.png,0.904341459274292,0.9156254061630794,-0.011283946888787422,1.0,100.0,418216,12
2016-06-01,2016,6,Gulf of Mexico,Terra,Day,MODIS_Terra_L3_SST_Thermal_4km_Day_Monthly,modis_sst_images/gulf_of_mexico_terra_day_2016_06_01.png,0.7783215641975403,0.8132962538645818,-0.034974689667041536,0.9647058844566345,100.0,420378,11
2016-07-01,2016,7,Gulf of Mexico,Terra,Day,MODIS_Terra_L3_SST_Thermal_4km_Day_Monthly,modis_sst_images/gulf_of_mexico_terra_day_2016_07_01.png,0.6602832078933716,0.716905048915318,-0.05662184102194645,0.9960784316062927,100.0,420377,13
2016-08-01,2016,8,Gulf of Mexico,Terra,Day,MODIS_Terra_L3_SST_Thermal_4km_Day_Monthly,modis_sst_images/gulf_of_mexico_terra_day_2016_08_01.png,0.659218430519104,0.6516557080405099,0.0075627224785941305,0.9490196108818054,100.0,421476,6
2016-09-01,2016,9,Gulf of Mexico,Terra,Day,MODIS_Terra_L3_SST_Thermal_4km_Day_Monthly,modis_sst_images/gulf_of_mexico_terra_day_2016_09_01.png,0.6618258953094482,0.7016728841341459,-0.039846988824697616,0.9333333373069763,100.0,423467,12
2016-10-01,2016,10,Gulf of Mexico,Terra,Day,MODIS_Terra_L3_SST_Thermal_4km_Day_Monthly,modis_sst_images/gulf_of_mexico_terra_day_2016_10_01.png,0.770825982093811,0.8221222529044518,-0.05129627081064081,1.0,100.0,422487,13
2016-11-01,2016,11,Gulf of Mexico,Terra,Day,MODIS_Terra_L3_SST_Thermal_4km_Day_Monthly,modis_sst_images/gulf_of_mexico_terra_day_2016_11_01.png,0.9133223295211792,0.9013326672407297,0.011989662280449509,1.0,99.77569224786717,421742,4
2016-12-01,2016,12,Gulf of Mexico,Terra,Day,MODIS_Terra_L3_SST_Thermal_4km_Day_Monthly,modis_sst_images/gulf_of_mexico_terra_day_2016_12_01.png,0.8803623914718628,0.8661485727016742,0.014213818770188569,1.0,95.6368739359315,421143,5
2017-01-01,2017,1,Gulf of Mexico,Terra,Day,MODIS_Terra_L3_SST_Thermal_4km_Day_Monthly,modis_sst_images/gulf_of_mexico_terra_day_2017_01_01.png,0.857395350933075,0.7950368477747991,0.062358503158275846,1.0,93.4836301112858,421078,2
2017-02-01,2017,2,Gulf of Mexico,Terra,Day,MODIS_Terra_L3_SST_Thermal_4km_Day_Monthly,modis_sst_images/gulf_of_mexico_terra_day_2017_02_01.png,0.8842118382453918,0.7871282867022923,0.09708355154309956,1.0,95.74931685873827,420850,1
2017-03-01,2017,3,Gulf of Mexico,Terra,Day,MODIS_Terra_L3_SST_Thermal_4km_Day_Monthly,modis_sst_images/gulf_of_mexico_terra_day_2017_03_01.png,0.9348064064979553,0.8606052313532148,0.07420117514474056,1.0,99.00924166770095,418972,4
2017-04-01,2017,4,Gulf of Mexico,Terra,Day,MODIS_Terra_L3_SST_Thermal_4km_Day_Monthly,modis_sst_images/gulf_of_mexico_terra_day_2017_04_01.png,0.9702479839324951,0.9429055792944772,0.02734240463801796,1.0,100.0,417313,1
2017-05-01,2017,5,Gulf of Mexico,Terra,Day,MODIS_Terra_L3_SST_Thermal_4km_Day_Monthly,modis_sst_images/gulf_of_mexico_terra_day_2017_05_01.png,0.9337355494499207,0.9156254061630794,0.01811014328684124,1.0,100.0,418527,3
2017-06-01,2017,6,Gulf of Mexico,Terra,Day,MODIS_Terra_L3_SST_Thermal_4km_Day_Monthly,modis_sst_images/gulf_of_mexico_terra_day_2017_06_01.png,0.8290492296218872,0.8132962538645818,0.015752975757305387,1.0,100.0,417580,5
2017-07-01,2017,7,Gulf of Mexico,Terra,Day,MODIS_Terra_L3_SST_Thermal_4km_Day_Monthly,modis_sst_images/gulf_of_mexico_terra_day_2017_07_01.png,0.694704532623291,0.716905048915318,-0.022200516292027017,0.9333333373069763,100.0,420652,11
2017-08-01,2017,8,Gulf of Mexico,Terra,Day,MODIS_Terra_L3_SST_Thermal_4km_Day_Monthly,modis_sst_images/gulf_of_mexico_terra_day_2017_08_01.png,0.649179220199585,0.6516557080405099,-0.0024764878409249125,0.95686274766922,100.0,421268,8
2017-09-01,2017,9,Gulf of Mexico,Terra,Day,MODIS_Terra_L3_SST_Thermal_4km_Day_Monthly,modis_sst_images/gulf_of_mexico_terra_day_2017_09_01.png,0.7425064444541931,0.7016728841341459,0.04083356032004726,0.9725490212440491,100.0,422481,3
2017-10-01,2017,10,Gulf of Mexico,Terra,Day,MODIS_Terra_L3_SST_Thermal_4km_Day_Monthly,modis_sst_images/gulf_of_mexico_terra_day_2017_10_01.png,0.8390747904777527,0.8221222529044518,0.01695253757330084,1.0,99.9985832282561,423498,5
2017-11-01,2017,11,Gulf of Mexico,Terra,Day,MODIS_Terra_L3_SST_Thermal_4km_Day_Monthly,modis_sst_images/gulf_of_mexico_terra_day_2017_11_01.png,0.9096828103065491,0.9013326672407297,0.008350143065819382,1.0,99.34609541460964,421927,5
2017-12-01,2017,12,Gulf of Mexico,Terra,Day,MODIS_Terra_L3_SST_Thermal_4km_Day_Monthly,modis_sst_images/gulf_of_mexico_terra_day_2017_12_01.png,0.8812301754951477,0.8661485727016742,0.015081602793473481,1.0,95.17339132829676,421186,4
2018-01-01,2018,1,Gulf of Mexico,Terra,Day,MODIS_Terra_L3_SST_Thermal_4km_Day_Monthly,modis_sst_images/gulf_of_mexico_terra_day_2018_01_01.png,0.7753482460975647,0.7950368477747991,-0.019688601677234407,1.0,88.40769118453146,417777,10
2018-02-01,2018,2,Gulf of Mexico,Terra,Day,MODIS_Terra_L3_SST_Thermal_4km_Day_Monthly,modis_sst_images/gulf_of_mexico_terra_day_2018_02_01.png,0.8834191560745239,0.7871282867022923,0.09629086937223164,1.0,94.81410242608236,417999,2
2018-03-01,2018,3,Gulf of Mexico,Terra,Day,MODIS_Terra_L3_SST_Thermal_4km_Day_Monthly,modis_sst_images/gulf_of_mexico_terra_day_2018_03_01.png,0.9082990288734436,0.8606052313532148,0.04769379752022884,1.0,97.45521765056648,419250,5
2018-04-01,2018,4,Gulf of Mexico,Terra,Day,MODIS_Terra_L3_SST_Thermal_4km_Day_Monthly,modis_sst_images/gulf_of_mexico_terra_day_2018_04_01.png,0.9480929970741272,0.9429055792944772,0.005187417779650039,1.0,99.62983891049093,417656,7
2018-05-01,2018,5,Gulf of Mexico,Terra,Day,MODIS_Terra_L3_SST_Thermal_4km_Day_Monthly,modis_sst_images/gulf_of_mexico_terra_day_2018_05_01.png,0.9069735407829285,0.9156254061630794,-0.008651865380150947,1.0,100.0,416106,10
2018-06-01,2018,6,Gulf of Mexico,Terra,Day,MODIS_Terra_L3_SST_Thermal_4km_Day_Monthly,modis_sst_images/gulf_of_mexico_terra_day_2018_06_01.png,0.8080940246582031,0.8132962538645818,-0.005202229206378695,1.0,100.0,419379,9
2018-07-01,2018,7,Gulf of Mexico,Terra,Day,MODIS_Terra_L3_SST_Thermal_4km_Day_Monthly,modis_sst_images/gulf_of_mexico_terra_day_2018_07_01.png,0.710773766040802,0.716905048915318,-0.006131282874516031,0.9647058844566345,100.0,420683,8
2018-08-01,2018,8,Gulf of Mexico,Terra,Day,MODIS_Terra_L3_SST_Thermal_4km_Day_Monthly,modis_sst_images/gulf_of_mexico_terra_day_2018_08_01.png,0.6882120370864868,0.6516557080405099,0.03655632904597694,0.95686274766922,100.0,420503,3
2018-09-01,2018,9,Gulf of Mexico,Terra,Day,MODIS_Terra_L3_SST_Thermal_4km_Day_Monthly,modis_sst_images/gulf_of_mexico_terra_day_2018_09_01.png,0.6835371851921082,0.7016728841341459,-0.018135698942037703,0.9019607901573181,100.0,422347,9
2018-10-01,2018,10,Gulf of Mexico,Terra,Day,MODIS_Terra_L3_SST_Thermal_4km_Day_Monthly,modis_sst_images/gulf_of_mexico_terra_day_2018_10_01.png,0.8076508045196533,0.8221222529044518,-0.014471448384798524,1.0,100.0,423035,9
2018-11-01,2018,11,Gulf of Mexico,Terra,Day,MODIS_Terra_L3_SST_Thermal_4km_Day_Monthly,modis_sst_images/gulf_of_mexico_terra_day_2018_11_01.png,0.8894637823104858,0.9013326672407297,-0.01186888493024385,1.0,99.24521665561585,420783,9
2018-12-01,2018,12,Gulf of Mexico,Terra,Day,MODIS_Terra_L3_SST_Thermal_4km_Day_Monthly,modis_sst_images/gulf_of_mexico_terra_day_2018_12_01.png,0.8382328152656555,0.8661485727016742,-0.027915757436018707,1.0,93.04167111997815,421035,12
2019-01-01,2019,1,Gulf of Mexico,Terra,Day,MODIS_Terra_L3_SST_Thermal_4km_Day_Monthly,modis_sst_images/gulf_of_mexico_terra_day_2019_01_01.png,0.7900559902191162,0.7950368477747991,-0.004980857555682894,1.0,89.88815550398903,421031,8
2019-02-01,2019,2,Gulf of Mexico,Terra,Day,MODIS_Terra_L3_SST_Thermal_4km_Day_Monthly,modis_sst_images/gulf_of_mexico_terra_day_2019_02_01.png,0.7991814017295837,0.7871282867022923,0.01205311502729145,1.0,90.15937492533034,418510,6
2019-03-01,2019,3,Gulf of Mexico,Terra,Day,MODIS_Terra_L3_SST_Thermal_4km_Day_Monthly,modis_sst_images/gulf_of_mexico_terra_day_2019_03_01.png,0.8625383973121643,0.8606052313532148,0.0019331659589495453,1.0,94.60235580633872,417182,9
2019-04-01,2019,4,Gulf of Mexico,Terra,Day,MODIS_Terra_L3_SST_Thermal_4km_Day_Monthly,modis_sst_images/gulf_of_mexico_terra_day_2019_04_01.png,0.9554668068885803,0.9429055792944772,0.012561227594103164,1.0,99.95835915942938,417859,5
2019-05-01,2019,5,Gulf of Mexico,Terra,Day,MODIS_Terra_L3_SST_Thermal_4km_Day_Monthly,modis_sst_images/gulf_of_mexico_terra_day_2019_05_01.png,0.909119188785553,0.9156254061630794,-0.006506217377526435,1.0,100.0,417816,9
2019-06-01,2019,6,Gulf of Mexico,Terra,Day,MODIS_Terra_L3_SST_Thermal_4km_Day_Monthly,modis_sst_images/gulf_of_mexico_terra_day_2019_06_01.png,0.7750416994094849,0.8132962538645818,-0.038254554455096956,0.9921568632125854,100.0,419218,12
2019-07-01,2019,7,Gulf of Mexico,Terra,Day,MODIS_Terra_L3_SST_Thermal_4km_Day_Monthly,modis_sst_images/gulf_of_mexico_terra_day_2019_07_01.png,0.6950753927230835,0.716905048915318,-0.021829656192234537,0.9333333373069763,100.0,420477,10
2019-08-01,2019,8,Gulf of Mexico,Terra,Day,MODIS_Terra_L3_SST_Thermal_4km_Day_Monthly,modis_sst_images/gulf_of_mexico_terra_day_2019_08_01.png,0.6254367232322693,0.6516557080405099,-0.026218984808240586,0.9254902005195618,100.0,421192,12
2019-09-01,2019,9,Gulf of Mexico,Terra,Day,MODIS_Terra_L3_SST_Thermal_4km_Day_Monthly,modis_sst_images/gulf_of_mexico_terra_day_2019_09_01.png,0.6783824563026428,0.7016728841341459,-0.023290427831503036,0.8941176533699036,100.0,421657,10
2019-10-01,2019,10,Gulf of Mexico,Terra,Day,MODIS_Terra_L3_SST_Thermal_4km_Day_Monthly,modis_sst_images/gulf_of_mexico_terra_day_2019_10_01.png,0.7819283604621887,0.8221222529044518,-0.040193892442263124,1.0,100.0,422891,11
2019-11-01,2019,11,Gulf of Mexico,Terra,Day,MODIS_Terra_L3_SST_Thermal_4km_Day_Monthly,modis_sst_images/gulf_of_mexico_terra_day_2019_11_01.png,0.8656477928161621,0.9013326672407297,-0.03568487442456758,1.0,97.45908699397071,420282,13
2019-12-01,2019,12,Gulf of Mexico,Terra,Day,MODIS_Terra_L3_SST_Thermal_4km_Day_Monthly,modis_sst_images/gulf_of_mexico_terra_day_2019_12_01.png,0.8549625873565674,0.8661485727016742,-0.011185985345106841,1.0,94.55349770246507,420233,10
2020-01-01,2020,1,Gulf of Mexico,Terra,Day,MODIS_Terra_L3_SST_Thermal_4km_Day_Monthly,modis_sst_images/gulf_of_mexico_terra_day_2020_01_01.png,0.8283535838127136,0.7950368477747991,0.03331673603791452,1.0,92.12179267223303,419664,4
2020-02-01,2020,2,Gulf of Mexico,Terra,Day,MODIS_Terra_L3_SST_Thermal_4km_Day_Monthly,modis_sst_images/gulf_of_mexico_terra_day_2020_02_01.png,0.7904195785522461,0.7871282867022923,0.0032912918499538035,1.0,89.97749841487774,419526,8
2020-03-01,2020,3,Gulf of Mexico,Terra,Day,MODIS_Terra_L3_SST_Thermal_4km_Day_Monthly,modis_sst_images/gulf_of_mexico_terra_day_2020_03_01.png,0.951759934425354,0.8606052313532148,0.09115470307213924,1.0,99.27815587898735,416849,1
2020-04-01,2020,4,Gulf of Mexico,Terra,Day,MODIS_Terra_L3_SST_Thermal_4km_Day_Monthly,modis_sst_images/gulf_of_mexico_terra_day_2020_04_01.png,0.9291347861289978,0.9429055792944772,-0.013770793165479356,1.0,99.99186421859409,417907,11
2020-05-01,2020,5,Gulf of Mexico,Terra,Day,MODIS_Terra_L3_SST_Thermal_4km_Day_Monthly,modis_sst_images/gulf_of_mexico_terra_day_2020_05_01.png,0.8942828178405762,0.9156254061630794,-0.021342588322503242,1.0,100.0,418224,13
2020-06-01,2020,6,Gulf of Mexico,Terra,Day,MODIS_Terra_L3_SST_Thermal_4km_Day_Monthly,modis_sst_images/gulf_of_mexico_terra_day_2020_06_01.png,0.8197961449623108,0.8132962538645818,0.0064998910977289714,0.9960784316062927,100.0,419271,7
2020-07-01,2020,7,Gulf of Mexico,Terra,Day,MODIS_Terra_L3_SST_Thermal_4km_Day_Monthly,modis_sst_images/gulf_of_mexico_terra_day_2020_07_01.png,0.6943115592002869,0.716905048915318,-0.022593489715031168,0.95686274766922,100.0,419846,12
2020-08-01,2020,8,Gulf of Mexico,Terra,Day,MODIS_Terra_L3_SST_Thermal_4km_Day_Monthly,modis_sst_images/gulf_of_mexico_terra_day_2020_08_01.png,0.6123794913291931,0.6516557080405099,-0.03927621671131676,0.8784313797950745,100.0,422221,13
2020-09-01,2020,9,Gulf of Mexico,Terra,Day,MODIS_Terra_L3_SST_Thermal_4km_Day_Monthly,modis_sst_images/gulf_of_mexico_terra_day_2020_09_01.png,0.6771566867828369,0.7016728841341459,-0.024516197351308944,1.0,100.0,422537,11
2020-10-01,2020,10,Gulf of Mexico,Terra,Day,MODIS_Terra_L3_SST_Thermal_4km_Day_Monthly,modis_sst_images/gulf_of_mexico_terra_day_2020_10_01.png,0.8440301418304443,0.8221222529044518,0.02190788892599249,1.0,100.0,423107,4
2020-11-01,2020,11,Gulf of Mexico,Terra,Day,MODIS_Terra_L3_SST_Thermal_4km_Day_Monthly,modis_sst_images/gulf_of_mexico_terra_day_2020_11_01.png,0.9259281754493713,0.9013326672407297,0.024595508208641648,1.0,99.99098705931463,421616,2
2020-12-01,2020,12,Gulf of Mexico,Terra,Day,MODIS_Terra_L3_SST_Thermal_4km_Day_Monthly,modis_sst_images/gulf_of_mexico_terra_day_2020_12_01.png,0.859034538269043,0.8661485727016742,-0.0071140344326312555,1.0,93.99939189496541,417691,8
2021-01-01,2021,1,Gulf of Mexico,Terra,Day,MODIS_Terra_L3_SST_Thermal_4km_Day_Monthly,modis_sst_images/gulf_of_mexico_terra_day_2021_01_01.png,0.7871319651603699,0.7950368477747991,-0.007904882614429232,1.0,89.73482220139778,419379,9
2021-02-01,2021,2,Gulf of Mexico,Terra,Day,MODIS_Terra_L3_SST_Thermal_4km_Day_Monthly,modis_sst_images/gulf_of_mexico_terra_day_2021_02_01.png,0.7879292368888855,0.7871282867022923,0.0008009501865932078,1.0,89.76348951619269,418121,9
2021-03-01,2021,3,Gulf of Mexico,Terra,Day,MODIS_Terra_L3_SST_Thermal_4km_Day_Monthly,modis_sst_images/gulf_of_mexico_terra_day_2021_03_01.png,0.8380556106567383,0.8606052313532148,-0.02254962069647648,1.0,92.04424687472262,416843,11
2021-04-01,2021,4,Gulf of Mexico,Terra,Day,MODIS_Terra_L3_SST_Thermal_4km_Day_Monthly,modis_sst_images/gulf_of_mexico_terra_day_2021_04_01.png,0.9421629905700684,0.9429055792944772,-0.0007425887244087992,1.0,99.900011269713,417047,10
2021-05-01,2021,5,Gulf of Mexico,Terra,Day,MODIS_Terra_L3_SST_Thermal_4km_Day_Monthly,modis_sst_images/gulf_of_mexico_terra_day_2021_05_01.png,0.9145172834396362,0.9156254061630794,-0.0011081227234431834,1.0,100.0,418314,8
2021-06-01,2021,6,Gulf of Mexico,Terra,Day,MODIS_Terra_L3_SST_Thermal_4km_Day_Monthly,modis_sst_images/gulf_of_mexico_terra_day_2021_06_01.png,0.8323531150817871,0.8132962538645818,0.01905686121720529,1.0,100.0,416931,4
2021-07-01,2021,7,Gulf of Mexico,Terra,Day,MODIS_Terra_L3_SST_Thermal_4km_Day_Monthly,modis_sst_images/gulf_of_mexico_terra_day_2021_07_01.png,0.7468677759170532,0.716905048915318,0.02996272700173519,0.9254902005195618,100.0,420907,4
2021-08-01,2021,8,Gulf of Mexico,Terra,Day,MODIS_Terra_L3_SST_Thermal_4km_Day_Monthly,modis_sst_images/gulf_of_mexico_terra_day_2021_08_01.png,0.6660938262939453,0.6516557080405099,0.014438118253435439,0.8941176533699036,100.0,421180,5
2021-09-01,2021,9,Gulf of Mexico,Terra,Day,MODIS_Terra_L3_SST_Thermal_4km_Day_Monthly,modis_sst_images/gulf_of_mexico_terra_day_2021_09_01.png,0.7320411205291748,0.7016728841341459,0.030368236395028947,1.0,100.0,422233,5
2021-10-01,2021,10,Gulf of Mexico,Terra,Day,MODIS_Terra_L3_SST_Thermal_4km_Day_Monthly,modis_sst_images/gulf_of_mexico_terra_day_2021_10_01.png,0.7987091541290283,0.8221222529044518,-0.023413098775423524,1.0,100.0,423077,10
2021-11-01,2021,11,Gulf of Mexico,Terra,Day,MODIS_Terra_L3_SST_Thermal_4km_Day_Monthly,modis_sst_images/gulf_of_mexico_terra_day_2021_11_01.png,0.881814181804657,0.9013326672407297,-0.019518485436072708,1.0,98.16988131267611,421612,12
2021-12-01,2021,12,Gulf of Mexico,Terra,Day,MODIS_Terra_L3_SST_Thermal_4km_Day_Monthly,modis_sst_images/gulf_of_mexico_terra_day_2021_12_01.png,0.903073251247406,0.8661485727016742,0.03692467854573178,1.0,97.6584887190779,421907,1
2022-01-01,2022,1,Gulf of Mexico,Terra,Day,MODIS_Terra_L3_SST_Thermal_4km_Day_Monthly,modis_sst_images/gulf_of_mexico_terra_day_2022_01_01.png,0.8661895394325256,0.7950368477747991,0.07115269165772653,1.0,94.19210278535928,419515,1
2022-02-01,2022,2,Gulf of Mexico,Terra,Day,MODIS_Terra_L3_SST_Thermal_4km_Day_Monthly,modis_sst_images/gulf_of_mexico_terra_day_2022_02_01.png,0.7967800498008728,0.7871282867022923,0.009651763098580513,1.0,89.82357196921762,418811,7
2022-03-01,2022,3,Gulf of Mexico,Terra,Day,MODIS_Terra_L3_SST_Thermal_4km_Day_Monthly,modis_sst_images/gulf_of_mexico_terra_day_2022_03_01.png,0.8670080304145813,0.8606052313532148,0.0064027990613665375,1.0,94.91318806628148,419182,8
2022-04-01,2022,4,Gulf of Mexico,Terra,Day,MODIS_Terra_L3_SST_Thermal_4km_Day_Monthly,modis_sst_images/gulf_of_mexico_terra_day_2022_04_01.png,0.9580036401748657,0.9429055792944772,0.015098060880388564,1.0,99.99425459333293,417725,4
2022-05-01,2022,5,Gulf of Mexico,Terra,Day,MODIS_Terra_L3_SST_Thermal_4km_Day_Monthly,modis_sst_images/gulf_of_mexico_terra_day_2022_05_01.png,0.9068257212638855,0.9156254061630794,-0.008799684899193916,1.0,100.0,418702,11
2022-06-01,2022,6,Gulf of Mexico,Terra,Day,MODIS_Terra_L3_SST_Thermal_4km_Day_Monthly,modis_sst_images/gulf_of_mexico_terra_day_2022_06_01.png,0.8070011138916016,0.8132962538645818,-0.006295139972980257,0.9921568632125854,100.0,420600,10
2022-07-01,2022,7,Gulf of Mexico,Terra,Day,MODIS_Terra_L3_SST_Thermal_4km_Day_Monthly,modis_sst_images/gulf_of_mexico_terra_day_2022_07_01.png,0.7027940154075623,0.716905048915318,-0.014111033507755777,0.9803921580314636,100.0,420328,9
2022-08-01,2022,8,Gulf of Mexico,Terra,Day,MODIS_Terra_L3_SST_Thermal_4km_Day_Monthly,modis_sst_images/gulf_of_mexico_terra_day_2022_08_01.png,0.6708592772483826,0.6516557080405099,0.019203569207872695,1.0,100.0,421287,4
2023-02-01,2023,2,Gulf of Mexico,Terra,Day,MODIS_Terra_L3_SST_Thermal_4km_Day_Monthly,modis_sst_images/gulf_of_mexico_terra_day_2023_02_01.png,0.8420909643173218,0.7871282867022923,0.05496267761502949,1.0,92.38039303207923,425665,3
2023-03-01,2023,3,Gulf of Mexico,Terra,Day,MODIS_Terra_L3_SST_Thermal_4km_Day_Monthly,modis_sst_images/gulf_of_mexico_terra_day_2023_03_01.png,0.9400672912597656,0.8606052313532148,0.07946205990655086,1.0,99.28665307686701,425319,3
2023-04-01,2023,4,Gulf of Mexico,Terra,Day,MODIS_Terra_L3_SST_Thermal_4km_Day_Monthly,modis_sst_images/gulf_of_mexico_terra_day_2023_04_01.png,0.9460065364837646,0.9429055792944772,0.00310095718928749,1.0,99.99952599671042,421938,9
2023-05-01,2023,5,Gulf of Mexico,Terra,Day,MODIS_Terra_L3_SST_Thermal_4km_Day_Monthly,modis_sst_images/gulf_of_mexico_terra_day_2023_05_01.png,0.8758721947669983,0.9156254061630794,-0.03975321139608112,1.0,100.0,427517,14
2023-07-01,2023,7,Gulf of Mexico,Terra,Day,MODIS_Terra_L3_SST_Thermal_4km_Day_Monthly,modis_sst_images/gulf_of_mexico_terra_day_2023_07_01.png,0.6222662925720215,0.716905048915318,-0.09463875634329655,0.9411764740943909,100.0,433383,14
2023-08-01,2023,8,Gulf of Mexico,Terra,Day,MODIS_Terra_L3_SST_Thermal_4km_Day_Monthly,modis_sst_images/gulf_of_mexico_terra_day_2023_08_01.png,0.5560113191604614,0.6516557080405099,-0.09564438888004845,0.9176470637321472,100.0,434763,14
2023-09-01,2023,9,Gulf of Mexico,Terra,Day,MODIS_Terra_L3_SST_Thermal_4km_Day_Monthly,modis_sst_images/gulf_of_mexico_terra_day_2023_09_01.png,0.5579556226730347,0.7016728841341459,-0.1437172614611112,1.0,100.0,437810,13
2023-10-01,2023,10,Gulf of Mexico,Terra,Day,MODIS_Terra_L3_SST_Thermal_4km_Day_Monthly,modis_sst_images/gulf_of_mexico_terra_day_2023_10_01.png,0.781620979309082,0.8221222529044518,-0.04050127359536981,1.0,100.0,433452,12
2023-11-01,2023,11,Gulf of Mexico,Terra,Day,MODIS_Terra_L3_SST_Thermal_4km_Day_Monthly,modis_sst_images/gulf_of_mexico_terra_day_2023_11_01.png,0.8884084820747375,0.9013326672407297,-0.012924185165992141,1.0,99.2885889100266,427882,11
2023-12-01,2023,12,Gulf of Mexico,Terra,Day,MODIS_Terra_L3_SST_Thermal_4km_Day_Monthly,modis_sst_images/gulf_of_mexico_terra_day_2023_12_01.png,0.8168072700500488,0.8661485727016742,-0.049341302651625396,1.0,92.39171269949492,431214,13
2010-01-01,2010,1,Gulf of Mexico,Terra,Night,MODIS_Terra_L3_SST_Thermal_4km_Night_Monthly,modis_sst_images/gulf_of_mexico_terra_night_2010_01_01.png,0.7104907035827637,0.7947619878328763,-0.08427128425011265,1.0,85.99293167283743,415940,12
2010-02-01,2010,2,Gulf of Mexico,Terra,Night,MODIS_Terra_L3_SST_Thermal_4km_Night_Monthly,modis_sst_images/gulf_of_mexico_terra_night_2010_02_01.png,0.6426058411598206,0.7848346786839622,-0.14222883752414162,1.0,82.32683806661633,411941,14
2010-03-01,2010,3,Gulf of Mexico,Terra,Night,MODIS_Terra_L3_SST_Thermal_4km_Night_Monthly,modis_sst_images/gulf_of_mexico_terra_night_2010_03_01.png,0.6019243597984314,0.850799845797675,-0.24887548599924358,1.0,80.63077998315948,419227,14
2010-04-01,2010,4,Gulf of Mexico,Terra,Night,MODIS_Terra_L3_SST_Thermal_4km_Night_Monthly,modis_sst_images/gulf_of_mexico_terra_night_2010_04_01.png,0.9027035236358643,0.9413643309048244,-0.03866080726896015,1.0,99.35972171330951,420286,14
2010-05-01,2010,5,Gulf of Mexico,Terra,Night,MODIS_Terra_L3_SST_Thermal_4km_Night_Monthly,modis_sst_images/gulf_of_mexico_terra_night_2010_05_01.png,0.9328299164772034,0.9238116059984479,0.009018310478755454,1.0,100.0,422176,4
2010-06-01,2010,6,Gulf of Mexico,Terra,Night,MODIS_Terra_L3_SST_Thermal_4km_Night_Monthly,modis_sst_images/gulf_of_mexico_terra_night_2010_06_01.png,0.7708039879798889,0.8219392257077354,-0.05113523772784645,1.0,100.0,420998,13
2010-07-01,2010,7,Gulf of Mexico,Terra,Night,MODIS_Terra_L3_SST_Thermal_4km_Night_Monthly,modis_sst_images/gulf_of_mexico_terra_night_2010_07_01.png,0.7854883074760437,0.7291043060166496,0.05638400145939415,1.0,100.0,420125,2
2010-08-01,2010,8,Gulf of Mexico,Terra,Night,MODIS_Terra_L3_SST_Thermal_4km_Night_Monthly,modis_sst_images/gulf_of_mexico_terra_night_2010_08_01.png,0.6722527146339417,0.6660160933222089,0.0062366213117327485,1.0,100.0,419800,5
2010-09-01,2010,9,Gulf of Mexico,Terra,Night,MODIS_Terra_L3_SST_Thermal_4km_Night_Monthly,modis_sst_images/gulf_of_mexico_terra_night_2010_09_01.png,0.7307910323143005,0.7170515741620745,0.013739458152225992,1.0,100.0,420939,6
2010-10-01,2010,10,Gulf of Mexico,Terra,Night,MODIS_Terra_L3_SST_Thermal_4km_Night_Monthly,modis_sst_images/gulf_of_mexico_terra_night_2010_10_01.png,0.8927292823791504,0.8286185127038223,0.06411076967532814,1.0,100.0,421683,1
2010-11-01,2010,11,Gulf of Mexico,Terra,Night,MODIS_Terra_L3_SST_Thermal_4km_Night_Monthly,modis_sst_images/gulf_of_mexico_terra_night_2010_11_01.png,0.9428194165229797,0.9025932229482211,0.04022619357475865,1.0,99.26062671365162,421979,1
2010-12-01,2010,12,Gulf of Mexico,Terra,Night,MODIS_Terra_L3_SST_Thermal_4km_Night_Monthly,modis_sst_images/gulf_of_mexico_terra_night_2010_12_01.png,0.8431001305580139,0.8672302457002493,-0.024130115142235398,1.0,92.58583747561367,417242,11
2011-01-01,2011,1,Gulf of Mexico,Terra,Night,MODIS_Terra_L3_SST_Thermal_4km_Night_Monthly,modis_sst_images/gulf_of_mexico_terra_night_2011_01_01.png,0.7035737037658691,0.7947619878328763,-0.09118828406700719,1.0,84.70722680717995,418276,13
2011-02-01,2011,2,Gulf of Mexico,Terra,Night,MODIS_Terra_L3_SST_Thermal_4km_Night_Monthly,modis_sst_images/gulf_of_mexico_terra_night_2011_02_01.png,0.6947394013404846,0.7848346786839622,-0.09009527734347755,1.0,85.85660276291846,418181,13
2011-03-01,2011,3,Gulf of Mexico,Terra,Night,MODIS_Terra_L3_SST_Thermal_4km_Night_Monthly,modis_sst_images/gulf_of_mexico_terra_night_2011_03_01.png,0.8482077121734619,0.850799845797675,-0.0025921336242130666,1.0,94.24973931549832,421007,10
2011-04-01,2011,4,Gulf of Mexico,Terra,Night,MODIS_Terra_L3_SST_Thermal_4km_Night_Monthly,modis_sst_images/gulf_of_mexico_terra_night_2011_04_01.png,0.962575376033783,0.9413643309048244,0.02121104512895855,1.0,99.98531338164125,422153,3
2011-05-01,2011,5,Gulf of Mexico,Terra,Night,MODIS_Terra_L3_SST_Thermal_4km_Night_Monthly,modis_sst_images/gulf_of_mexico_terra_night_2011_05_01.png,0.9324056506156921,0.9238116059984479,0.008594044617244223,1.0,100.0,421615,5
2011-06-01,2011,6,Gulf of Mexico,Terra,Night,MODIS_Terra_L3_SST_Thermal_4km_Night_Monthly,modis_sst_images/gulf_of_mexico_terra_night_2011_06_01.png,0.8374780416488647,0.8219392257077354,0.01553881594112938,1.0,100.0,421772,6
2011-07-01,2011,7,Gulf of Mexico,Terra,Night,MODIS_Terra_L3_SST_Thermal_4km_Night_Monthly,modis_sst_images/gulf_of_mexico_terra_night_2011_07_01.png,0.7643362283706665,0.7291043060166496,0.035231922354016953,1.0,100.0,420162,4
2011-08-01,2011,8,Gulf of Mexico,Terra,Night,MODIS_Terra_L3_SST_Thermal_4km_Night_Monthly,modis_sst_images/gulf_of_mexico_terra_night_2011_08_01.png,0.6591272354125977,0.6660160933222089,-0.006888857909611246,1.0,100.0,420931,10
2011-09-01,2011,9,Gulf of Mexico,Terra,Night,MODIS_Terra_L3_SST_Thermal_4km_Night_Monthly,modis_sst_images/gulf_of_mexico_terra_night_2011_09_01.png,0.7649245858192444,0.7170515741620745,0.04787301165716984,1.0,100.0,420740,3
2011-10-01,2011,10,Gulf of Mexico,Terra,Night,MODIS_Terra_L3_SST_Thermal_4km_Night_Monthly,modis_sst_images/gulf_of_mexico_terra_night_2011_10_01.png,0.8533389568328857,0.8286185127038223,0.02472044412906349,1.0,99.99429287536829,420527,3
2011-12-01,2011,12,Gulf of Mexico,Terra,Night,MODIS_Terra_L3_SST_Thermal_4km_Night_Monthly,modis_sst_images/gulf_of_mexico_terra_night_2011_12_01.png,0.8640286326408386,0.8672302457002493,-0.0032016130594106906,1.0,93.73920181743554,419052,8
2012-01-01,2012,1,Gulf of Mexico,Terra,Night,MODIS_Terra_L3_SST_Thermal_4km_Night_Monthly,modis_sst_images/gulf_of_mexico_terra_night_2012_01_01.png,0.8131306767463684,0.7947619878328763,0.01836868891349208,1.0,91.12384943429277,419033,5
2012-02-01,2012,2,Gulf of Mexico,Terra,Night,MODIS_Terra_L3_SST_Thermal_4km_Night_Monthly,modis_sst_images/gulf_of_mexico_terra_night_2012_02_01.png,0.8185083866119385,0.7848346786839622,0.033673707927976304,1.0,91.71452944227143,412638,5
2012-03-01,2012,3,Gulf of Mexico,Terra,Night,MODIS_Terra_L3_SST_Thermal_4km_Night_Monthly,modis_sst_images/gulf_of_mexico_terra_night_2012_03_01.png,0.9340006113052368,0.850799845797675,0.08320076550756184,1.0,98.99226077183178,420843,3
2012-04-01,2012,4,Gulf of Mexico,Terra,Night,MODIS_Terra_L3_SST_Thermal_4km_Night_Monthly,modis_sst_images/gulf_of_mexico_terra_night_2012_04_01.png,0.9687612056732178,0.9413643309048244,0.027396874768393364,1.0,99.99525230441274,421257,2
2012-05-01,2012,5,Gulf of Mexico,Terra,Night,MODIS_Terra_L3_SST_Thermal_4km_Night_Monthly,modis_sst_images/gulf_of_mexico_terra_night_2012_05_01.png,0.9248446822166443,0.9238116059984479,0.0010330762181963715,1.0,100.0,420854,6
2012-06-01,2012,6,Gulf of Mexico,Terra,Night,MODIS_Terra_L3_SST_Thermal_4km_Night_Monthly,modis_sst_images/gulf_of_mexico_terra_night_2012_06_01.png,0.8483099937438965,0.8219392257077354,0.02637076803616112,1.0,100.0,420808,2
2012-07-01,2012,7,Gulf of Mexico,Terra,Night,MODIS_Terra_L3_SST_Thermal_4km_Night_Monthly,modis_sst_images/gulf_of_mexico_terra_night_2012_07_01.png,0.782263994216919,0.7291043060166496,0.053159688200269395,1.0,100.0,421022,3
2012-08-01,2012,8,Gulf of Mexico,Terra,Night,MODIS_Terra_L3_SST_Thermal_4km_Night_Monthly,modis_sst_images/gulf_of_mexico_terra_night_2012_08_01.png,0.719806969165802,0.6660160933222089,0.0537908758435931,1.0,100.0,420434,2
2012-09-01,2012,9,Gulf of Mexico,Terra,Night,MODIS_Terra_L3_SST_Thermal_4km_Night_Monthly,modis_sst_images/gulf_of_mexico_terra_night_2012_09_01.png,0.7721133828163147,0.7170515741620745,0.05506180865424015,1.0,100.0,421060,2
2012-10-01,2012,10,Gulf of Mexico,Terra,Night,MODIS_Terra_L3_SST_Thermal_4km_Night_Monthly,modis_sst_images/gulf_of_mexico_terra_night_2012_10_01.png,0.8565207719802856,0.8286185127038223,0.027902259276463393,1.0,100.0,421450,2
2012-11-01,2012,11,Gulf of Mexico,Terra,Night,MODIS_Terra_L3_SST_Thermal_4km_Night_Monthly,modis_sst_images/gulf_of_mexico_terra_night_2012_11_01.png,0.8944969773292542,0.9025932229482211,-0.008096245618966935,1.0,98.0145082581235,417831,8
2012-12-01,2012,12,Gulf of Mexico,Terra,Night,MODIS_Terra_L3_SST_Thermal_4km_Night_Monthly,modis_sst_images/gulf_of_mexico_terra_night_2012_12_01.png,0.8914750218391418,0.8672302457002493,0.024244776138892532,1.0,95.6647735789351,420301,4
2013-01-01,2013,1,Gulf of Mexico,Terra,Night,MODIS_Terra_L3_SST_Thermal_4km_Night_Monthly,modis_sst_images/gulf_of_mexico_terra_night_2013_01_01.png,0.8270425796508789,0.7947619878328763,0.03228059181800258,1.0,91.73926827117207,419527,3
2013-02-01,2013,2,Gulf of Mexico,Terra,Night,MODIS_Terra_L3_SST_Thermal_4km_Night_Monthly,modis_sst_images/gulf_of_mexico_terra_night_2013_02_01.png,0.8188215494155884,0.7848346786839622,0.033986870731626206,1.0,91.50605195288105,419534,4
2013-03-01,2013,3,Gulf of Mexico,Terra,Night,MODIS_Terra_L3_SST_Thermal_4km_Night_Monthly,modis_sst_images/gulf_of_mexico_terra_night_2013_03_01.png,0.7872834205627441,0.850799845797675,-0.06351642523493084,1.0,89.4950603993032,420783,12
2013-04-01,2013,4,Gulf of Mexico,Terra,Night,MODIS_Terra_L3_SST_Thermal_4km_Night_Monthly,modis_sst_images/gulf_of_mexico_terra_night_2013_04_01.png,0.9179387092590332,0.9413643309048244,-0.023425621645791206,1.0,99.24526063539516,421470,12
2013-05-01,2013,5,Gulf of Mexico,Terra,Night,MODIS_Terra_L3_SST_Thermal_4km_Night_Monthly,modis_sst_images/gulf_of_mexico_terra_night_2013_05_01.png,0.9533929228782654,0.9238116059984479,0.029581316879817465,1.0,100.0,421281,2
2013-06-01,2013,6,Gulf of Mexico,Terra,Night,MODIS_Terra_L3_SST_Thermal_4km_Night_Monthly,modis_sst_images/gulf_of_mexico_terra_night_2013_06_01.png,0.8412530422210693,0.8219392257077354,0.01931381651333397,1.0,100.0,420849,4
2013-07-01,2013,7,Gulf of Mexico,Terra,Night,MODIS_Terra_L3_SST_Thermal_4km_Night_Monthly,modis_sst_images/gulf_of_mexico_terra_night_2013_07_01.png,0.7896385192871094,0.7291043060166496,0.060534213270459825,1.0,100.0,420080,1
2013-08-01,2013,8,Gulf of Mexico,Terra,Night,MODIS_Terra_L3_SST_Thermal_4km_Night_Monthly,modis_sst_images/gulf_of_mexico_terra_night_2013_08_01.png,0.7379263639450073,0.6660160933222089,0.07191027062279842,0.9921568632125854,100.0,420333,1
2013-09-01,2013,9,Gulf of Mexico,Terra,Night,MODIS_Terra_L3_SST_Thermal_4km_Night_Monthly,modis_sst_images/gulf_of_mexico_terra_night_2013_09_01.png,0.783501148223877,0.7170515741620745,0.06644957406180241,1.0,100.0,420096,1
2013-10-01,2013,10,Gulf of Mexico,Terra,Night,MODIS_Terra_L3_SST_Thermal_4km_Night_Monthly,modis_sst_images/gulf_of_mexico_terra_night_2013_10_01.png,0.8429863452911377,0.8286185127038223,0.014367832587315443,1.0,100.0,421110,5
2013-11-01,2013,11,Gulf of Mexico,Terra,Night,MODIS_Terra_L3_SST_Thermal_4km_Night_Monthly,modis_sst_images/gulf_of_mexico_terra_night_2013_11_01.png,0.9078671932220459,0.9025932229482211,0.005273970273824813,1.0,99.27899955235111,419972,5
2013-12-01,2013,12,Gulf of Mexico,Terra,Night,MODIS_Terra_L3_SST_Thermal_4km_Night_Monthly,modis_sst_images/gulf_of_mexico_terra_night_2013_12_01.png,0.8754881620407104,0.8672302457002493,0.008257916340461136,1.0,95.17234201679248,413161,6
2014-01-01,2014,1,Gulf of Mexico,Terra,Night,MODIS_Terra_L3_SST_Thermal_4km_Night_Monthly,modis_sst_images/gulf_of_mexico_terra_night_2014_01_01.png,0.7577185034751892,0.7947619878328763,-0.03704348435768712,1.0,89.13652379358264,415217,11
2014-02-01,2014,2,Gulf of Mexico,Terra,Night,MODIS_Terra_L3_SST_Thermal_4km_Night_Monthly,modis_sst_images/gulf_of_mexico_terra_night_2014_02_01.png,0.7486156225204468,0.7848346786839622,-0.036219056163515395,1.0,89.30961878362325,414148,10
2014-03-01,2014,3,Gulf of Mexico,Terra,Night,MODIS_Terra_L3_SST_Thermal_4km_Night_Monthly,modis_sst_images/gulf_of_mexico_terra_night_2014_03_01.png,0.7636054754257202,0.850799845797675,-0.08719437037195477,1.0,89.17159579625043,418769,13
2014-04-01,2014,4,Gulf of Mexico,Terra,Night,MODIS_Terra_L3_SST_Thermal_4km_Night_Monthly,modis_sst_images/gulf_of_mexico_terra_night_2014_04_01.png,0.9136239886283875,0.9413643309048244,-0.027740342276436958,1.0,99.26821915922345,421301,13
2014-05-01,2014,5,Gulf of Mexico,Terra,Night,MODIS_Terra_L3_SST_Thermal_4km_Night_Monthly,modis_sst_images/gulf_of_mexico_terra_night_2014_05_01.png,0.9544437527656555,0.9238116059984479,0.030632146767207602,1.0,100.0,420884,1
2014-06-01,2014,6,Gulf of Mexico,Terra,Night,MODIS_Terra_L3_SST_Thermal_4km_Night_Monthly,modis_sst_images/gulf_of_mexico_terra_night_2014_06_01.png,0.8749859929084778,0.8219392257077354,0.05304676720074242,1.0,100.0,420113,1
2014-07-01,2014,7,Gulf of Mexico,Terra,Night,MODIS_Terra_L3_SST_Thermal_4km_Night_Monthly,modis_sst_images/gulf_of_mexico_terra_night_2014_07_01.png,0.7521407008171082,0.7291043060166496,0.023036394800458604,1.0,100.0,420041,6
2014-08-01,2014,8,Gulf of Mexico,Terra,Night,MODIS_Terra_L3_SST_Thermal_4km_Night_Monthly,modis_sst_images/gulf_of_mexico_terra_night_2014_08_01.png,0.659106969833374,0.6660160933222089,-0.0069091234888348785,0.9647058844566345,100.0,420636,11
2014-09-01,2014,9,Gulf of Mexico,Terra,Night,MODIS_Terra_L3_SST_Thermal_4km_Night_Monthly,modis_sst_images/gulf_of_mexico_terra_night_2014_09_01.png,0.7412343621253967,0.7170515741620745,0.024182787963322183,1.0,100.0,420656,5
2014-10-01,2014,10,Gulf of Mexico,Terra,Night,MODIS_Terra_L3_SST_Thermal_4km_Night_Monthly,modis_sst_images/gulf_of_mexico_terra_night_2014_10_01.png,0.8363130688667297,0.8286185127038223,0.007694556162907484,1.0,100.0,420930,7
2014-11-01,2014,11,Gulf of Mexico,Terra,Night,MODIS_Terra_L3_SST_Thermal_4km_Night_Monthly,modis_sst_images/gulf_of_mexico_terra_night_2014_11_01.png,0.8994801044464111,0.9025932229482211,-0.0031131185018099528,1.0,97.50848077571307,418299,7
2014-12-01,2014,12,Gulf of Mexico,Terra,Night,MODIS_Terra_L3_SST_Thermal_4km_Night_Monthly,modis_sst_images/gulf_of_mexico_terra_night_2014_12_01.png,0.8532703518867493,0.8672302457002493,-0.013959893813500046,1.0,93.53992121971318,419902,10
2015-01-01,2015,1,Gulf of Mexico,Terra,Night,MODIS_Terra_L3_SST_Thermal_4km_Night_Monthly,modis_sst_images/gulf_of_mexico_terra_night_2015_01_01.png,0.8000020980834961,0.7947619878328763,0.005240110250619767,1.0,90.50577158205851,415484,7
2015-02-01,2015,2,Gulf of Mexico,Terra,Night,MODIS_Terra_L3_SST_Thermal_4km_Night_Monthly,modis_sst_images/gulf_of_mexico_terra_night_2015_02_01.png,0.7411414384841919,0.7848346786839622,-0.04369324019977028,1.0,87.55512354105765,419739,12
2015-03-01,2015,3,Gulf of Mexico,Terra,Night,MODIS_Terra_L3_SST_Thermal_4km_Night_Monthly,modis_sst_images/gulf_of_mexico_terra_night_2015_03_01.png,0.8828642964363098,0.850799845797675,0.032064450638634834,1.0,96.1853107559856,420008,6
2015-04-01,2015,4,Gulf of Mexico,Terra,Night,MODIS_Terra_L3_SST_Thermal_4km_Night_Monthly,modis_sst_images/gulf_of_mexico_terra_night_2015_04_01.png,0.9351860284805298,0.9413643309048244,-0.006178302424294624,1.0,99.31206825427483,419373,9
2015-05-01,2015,5,Gulf of Mexico,Terra,Night,MODIS_Terra_L3_SST_Thermal_4km_Night_Monthly,modis_sst_images/gulf_of_mexico_terra_night_2015_05_01.png,0.9236171245574951,0.9238116059984479,-0.0001944814409527984,1.0,100.0,420291,7
2015-06-01,2015,6,Gulf of Mexico,Terra,Night,MODIS_Terra_L3_SST_Thermal_4km_Night_Monthly,modis_sst_images/gulf_of_mexico_terra_night_2015_06_01.png,0.8356959223747253,0.8219392257077354,0.013756696666989976,1.0,100.0,420031,7
2015-07-01,2015,7,Gulf of Mexico,Terra,Night,MODIS_Terra_L3_SST_Thermal_4km_Night_Monthly,modis_sst_images/gulf_of_mexico_terra_night_2015_07_01.png,0.7580417990684509,0.7291043060166496,0.028937493051801377,1.0,100.0,419880,5
2015-08-01,2015,8,Gulf of Mexico,Terra,Night,MODIS_Terra_L3_SST_Thermal_4km_Night_Monthly,modis_sst_images/gulf_of_mexico_terra_night_2015_08_01.png,0.6639871597290039,0.6660160933222089,-0.0020289335932049957,1.0,100.0,420017,8
2015-09-01,2015,9,Gulf of Mexico,Terra,Night,MODIS_Terra_L3_SST_Thermal_4km_Night_Monthly,modis_sst_images/gulf_of_mexico_terra_night_2015_09_01.png,0.712279736995697,0.7170515741620745,-0.004771837166377524,1.0,100.0,420058,8
2015-10-01,2015,10,Gulf of Mexico,Terra,Night,MODIS_Terra_L3_SST_Thermal_4km_Night_Monthly,modis_sst_images/gulf_of_mexico_terra_night_2015_10_01.png,0.8309275507926941,0.8286185127038223,0.00230903808887184,1.0,100.0,420908,8
2015-11-01,2015,11,Gulf of Mexico,Terra,Night,MODIS_Terra_L3_SST_Thermal_4km_Night_Monthly,modis_sst_images/gulf_of_mexico_terra_night_2015_11_01.png,0.8935239315032959,0.9025932229482211,-0.009069291444925187,1.0,99.69585552781986,421839,10
2015-12-01,2015,12,Gulf of Mexico,Terra,Night,MODIS_Terra_L3_SST_Thermal_4km_Night_Monthly,modis_sst_images/gulf_of_mexico_terra_night_2015_12_01.png,0.9022404551506042,0.8672302457002493,0.035010209450354934,1.0,97.34362651279268,420084,1
2016-01-01,2016,1,Gulf of Mexico,Terra,Night,MODIS_Terra_L3_SST_Thermal_4km_Night_Monthly,modis_sst_images/gulf_of_mexico_terra_night_2016_01_01.png,0.8049667477607727,0.7947619878328763,0.010204759927896379,1.0,90.55585031678163,416533,6
2016-02-01,2016,2,Gulf of Mexico,Terra,Night,MODIS_Terra_L3_SST_Thermal_4km_Night_Monthly,modis_sst_images/gulf_of_mexico_terra_night_2016_02_01.png,0.7472760677337646,0.7848346786839622,-0.037558610950197524,1.0,88.10446535957695,419048,11
2016-03-01,2016,3,Gulf of Mexico,Terra,Night,MODIS_Terra_L3_SST_Thermal_4km_Night_Monthly,modis_sst_images/gulf_of_mexico_terra_night_2016_03_01.png,0.850499153137207,0.850799845797675,-0.0003006926604679494,1.0,95.36840507601934,421669,9
2016-04-01,2016,4,Gulf of Mexico,Terra,Night,MODIS_Terra_L3_SST_Thermal_4km_Night_Monthly,modis_sst_images/gulf_of_mexico_terra_night_2016_04_01.png,0.9461380243301392,0.9413643309048244,0.004773693425314751,1.0,99.96151781345166,420974,6
2016-05-01,2016,5,Gulf of Mexico,Terra,Night,MODIS_Terra_L3_SST_Thermal_4km_Night_Monthly,modis_sst_images/gulf_of_mexico_terra_night_2016_05_01.png,0.9164311289787292,0.9238116059984479,-0.0073804770197186675,1.0,100.0,421051,10
2016-06-01,2016,6,Gulf of Mexico,Terra,Night,MODIS_Terra_L3_SST_Thermal_4km_Night_Monthly,modis_sst_images/gulf_of_mexico_terra_night_2016_06_01.png,0.7928225994110107,0.8219392257077354,-0.029116626296724624,1.0,100.0,420619,11
2016-07-01,2016,7,Gulf of Mexico,Terra,Night,MODIS_Terra_L3_SST_Thermal_4km_Night_Monthly,modis_sst_images/gulf_of_mexico_terra_night_2016_07_01.png,0.6742225885391235,0.7291043060166496,-0.054881717477526015,0.9725490212440491,100.0,421228,13
2016-08-01,2016,8,Gulf of Mexico,Terra,Night,MODIS_Terra_L3_SST_Thermal_4km_Night_Monthly,modis_sst_images/gulf_of_mexico_terra_night_2016_08_01.png,0.6661361455917358,0.6660160933222089,0.00012005226952693793,0.9921568632125854,100.0,420933,7
2016-09-01,2016,9,Gulf of Mexico,Terra,Night,MODIS_Terra_L3_SST_Thermal_4km_Night_Monthly,modis_sst_images/gulf_of_mexico_terra_night_2016_09_01.png,0.6859301328659058,0.7170515741620745,-0.031121441296168784,1.0,100.0,420450,13
2016-10-01,2016,10,Gulf of Mexico,Terra,Night,MODIS_Terra_L3_SST_Thermal_4km_Night_Monthly,modis_sst_images/gulf_of_mexico_terra_night_2016_10_01.png,0.7761111259460449,0.8286185127038223,-0.05250738675777733,1.0,100.0,421202,13
2016-11-01,2016,11,Gulf of Mexico,Terra,Night,MODIS_Terra_L3_SST_Thermal_4km_Night_Monthly,modis_sst_images/gulf_of_mexico_terra_night_2016_11_01.png,0.9150419235229492,0.9025932229482211,0.012448700574728133,1.0,99.80027453345936,421078,3
2016-12-01,2016,12,Gulf of Mexico,Terra,Night,MODIS_Terra_L3_SST_Thermal_4km_Night_Monthly,modis_sst_images/gulf_of_mexico_terra_night_2016_12_01.png,0.8931140899658203,0.8672302457002493,0.025883844265571,1.0,96.73713814327114,420643,2
2017-01-01,2017,1,Gulf of Mexico,Terra,Night,MODIS_Terra_L3_SST_Thermal_4km_Night_Monthly,modis_sst_images/gulf_of_mexico_terra_night_2017_01_01.png,0.8579708337783813,0.7947619878328763,0.06320884594550502,1.0,93.49364683529272,421050,2
2017-02-01,2017,2,Gulf of Mexico,Terra,Night,MODIS_Terra_L3_SST_Thermal_4km_Night_Monthly,modis_sst_images/gulf_of_mexico_terra_night_2017_02_01.png,0.8720370531082153,0.7848346786839622,0.08720237442425316,1.0,94.55787948795637,422464,2
2017-03-01,2017,3,Gulf of Mexico,Terra,Night,MODIS_Terra_L3_SST_Thermal_4km_Night_Monthly,modis_sst_images/gulf_of_mexico_terra_night_2017_03_01.png,0.921001136302948,0.850799845797675,0.07020129050527302,1.0,98.53660964643029,421897,4
2017-04-01,2017,4,Gulf of Mexico,Terra,Night,MODIS_Terra_L3_SST_Thermal_4km_Night_Monthly,modis_sst_images/gulf_of_mexico_terra_night_2017_04_01.png,0.9703989624977112,0.9413643309048244,0.029034631592886773,1.0,99.99572644499578,421195,1
2017-05-01,2017,5,Gulf of Mexico,Terra,Night,MODIS_Terra_L3_SST_Thermal_4km_Night_Monthly,modis_sst_images/gulf_of_mexico_terra_night_2017_05_01.png,0.9428762793540955,0.9238116059984479,0.019064673355647543,1.0,100.0,420295,3
2017-06-01,2017,6,Gulf of Mexico,Terra,Night,MODIS_Terra_L3_SST_Thermal_4km_Night_Monthly,modis_sst_images/gulf_of_mexico_terra_night_2017_06_01.png,0.8463538289070129,0.8219392257077354,0.024414603199277574,1.0,100.0,420488,3
2017-07-01,2017,7,Gulf of Mexico,Terra,Night,MODIS_Terra_L3_SST_Thermal_4km_Night_Monthly,modis_sst_images/gulf_of_mexico_terra_night_2017_07_01.png,0.7107899188995361,0.7291043060166496,-0.018314387117113418,1.0,100.0,420262,9
2017-08-01,2017,8,Gulf of Mexico,Terra,Night,MODIS_Terra_L3_SST_Thermal_4km_Night_Monthly,modis_sst_images/gulf_of_mexico_terra_night_2017_08_01.png,0.6615395545959473,0.6660160933222089,-0.004476538726261636,1.0,100.0,420722,9
2017-09-01,2017,9,Gulf of Mexico,Terra,Night,MODIS_Terra_L3_SST_Thermal_4km_Night_Monthly,modis_sst_images/gulf_of_mexico_terra_night_2017_09_01.png,0.7598770260810852,0.7170515741620745,0.04282545191901066,1.0,100.0,421015,4
2017-10-01,2017,10,Gulf of Mexico,Terra,Night,MODIS_Terra_L3_SST_Thermal_4km_Night_Monthly,modis_sst_images/gulf_of_mexico_terra_night_2017_10_01.png,0.839998722076416,0.8286185127038223,0.011380209372593764,1.0,99.9890888993783,421589,6
2017-11-01,2017,11,Gulf of Mexico,Terra,Night,MODIS_Terra_L3_SST_Thermal_4km_Night_Monthly,modis_sst_images/gulf_of_mexico_terra_night_2017_11_01.png,0.9115386605262756,0.9025932229482211,0.00894543757805455,1.0,99.30373847253044,422686,4
2017-12-01,2017,12,Gulf of Mexico,Terra,Night,MODIS_Terra_L3_SST_Thermal_4km_Night_Monthly,modis_sst_images/gulf_of_mexico_terra_night_2017_12_01.png,0.8852280974388123,0.8672302457002493,0.017997851738562942,1.0,95.47050369314593,419561,5
2018-01-01,2018,1,Gulf of Mexico,Terra,Night,MODIS_Terra_L3_SST_Thermal_4km_Night_Monthly,modis_sst_images/gulf_of_mexico_terra_night_2018_01_01.png,0.78070467710495,0.7947619878328763,-0.014057310727926375,1.0,88.56258060790391,415592,10
2018-02-01,2018,2,Gulf of Mexico,Terra,Night,MODIS_Terra_L3_SST_Thermal_4km_Night_Monthly,modis_sst_images/gulf_of_mexico_terra_night_2018_02_01.png,0.891185462474823,0.7848346786839622,0.10635078379086083,1.0,95.50908763721434,416775,1
2018-03-01,2018,3,Gulf of Mexico,Terra,Night,MODIS_Terra_L3_SST_Thermal_4km_Night_Monthly,modis_sst_images/gulf_of_mexico_terra_night_2018_03_01.png,0.9105823636054993,0.850799845797675,0.05978251780782429,1.0,97.52086512243798,421397,5
2018-04-01,2018,4,Gulf of Mexico,Terra,Night,MODIS_Terra_L3_SST_Thermal_4km_Night_Monthly,modis_sst_images/gulf_of_mexico_terra_night_2018_04_01.png,0.9416769742965698,0.9413643309048244,0.0003126433917454152,1.0,99.08797620518278,420932,8
2018-05-01,2018,5,Gulf of Mexico,Terra,Night,MODIS_Terra_L3_SST_Thermal_4km_Night_Monthly,modis_sst_images/gulf_of_mexico_terra_night_2018_05_01.png,0.9217697381973267,0.9238116059984479,-0.0020418678011212554,1.0,100.0,420448,8
2018-06-01,2018,6,Gulf of Mexico,Terra,Night,MODIS_Terra_L3_SST_Thermal_4km_Night_Monthly,modis_sst_images/gulf_of_mexico_terra_night_2018_06_01.png,0.8271791338920593,0.8219392257077354,0.00523990818432396,1.0,100.0,420201,8
2018-07-01,2018,7,Gulf of Mexico,Terra,Night,MODIS_Terra_L3_SST_Thermal_4km_Night_Monthly,modis_sst_images/gulf_of_mexico_terra_night_2018_07_01.png,0.7260341048240662,0.7291043060166496,-0.0030702011925833883,1.0,100.0,420530,8
2018-08-01,2018,8,Gulf of Mexico,Terra,Night,MODIS_Terra_L3_SST_Thermal_4km_Night_Monthly,modis_sst_images/gulf_of_mexico_terra_night_2018_08_01.png,0.696510910987854,0.6660160933222089,0.030494817665645102,1.0,100.0,419533,3
2018-09-01,2018,9,Gulf of Mexico,Terra,Night,MODIS_Terra_L3_SST_Thermal_4km_Night_Monthly,modis_sst_images/gulf_of_mexico_terra_night_2018_09_01.png,0.7016586661338806,0.7170515741620745,-0.01539290802819393,1.0,100.0,420425,9
2018-10-01,2018,10,Gulf of Mexico,Terra,Night,MODIS_Terra_L3_SST_Thermal_4km_Night_Monthly,modis_sst_images/gulf_of_mexico_terra_night_2018_10_01.png,0.8071250319480896,0.8286185127038223,-0.021493480755732652,1.0,100.0,421175,10
2018-11-01,2018,11,Gulf of Mexico,Terra,Night,MODIS_Terra_L3_SST_Thermal_4km_Night_Monthly,modis_sst_images/gulf_of_mexico_terra_night_2018_11_01.png,0.8938641548156738,0.9025932229482211,-0.008729068132547257,1.0,99.20841367723706,419032,9
2018-12-01,2018,12,Gulf of Mexico,Terra,Night,MODIS_Terra_L3_SST_Thermal_4km_Night_Monthly,modis_sst_images/gulf_of_mexico_terra_night_2018_12_01.png,0.8351274728775024,0.8672302457002493,-0.03210277282274687,1.0,92.70736442428318,419286,12
2019-01-01,2019,1,Gulf of Mexico,Terra,Night,MODIS_Terra_L3_SST_Thermal_4km_Night_Monthly,modis_sst_images/gulf_of_mexico_terra_night_2019_01_01.png,0.7943280935287476,0.7947619878328763,-0.00043389430412876795,1.0,90.08745520397858,418843,8
2019-02-01,2019,2,Gulf of Mexico,Terra,Night,MODIS_Terra_L3_SST_Thermal_4km_Night_Monthly,modis_sst_images/gulf_of_mexico_terra_night_2019_02_01.png,0.8007529973983765,0.7848346786839622,0.015918318714414292,1.0,90.74033652750627,416905,6
2019-03-01,2019,3,Gulf of Mexico,Terra,Night,MODIS_Terra_L3_SST_Thermal_4km_Night_Monthly,modis_sst_images/gulf_of_mexico_terra_night_2019_03_01.png,0.8573664426803589,0.850799845797675,0.006566596882683906,1.0,94.31759136996554,419558,7
2019-04-01,2019,4,Gulf of Mexico,Terra,Night,MODIS_Terra_L3_SST_Thermal_4km_Night_Monthly,modis_sst_images/gulf_of_mexico_terra_night_2019_04_01.png,0.9553703665733337,0.9413643309048244,0.014006035668509331,1.0,99.96290757089767,420571,5
2019-05-01,2019,5,Gulf of Mexico,Terra,Night,MODIS_Terra_L3_SST_Thermal_4km_Night_Monthly,modis_sst_images/gulf_of_mexico_terra_night_2019_05_01.png,0.9107818007469177,0.9238116059984479,-0.013029805251530191,1.0,100.0,421171,11
2019-06-01,2019,6,Gulf of Mexico,Terra,Night,MODIS_Terra_L3_SST_Thermal_4km_Night_Monthly,modis_sst_images/gulf_of_mexico_terra_night_2019_06_01.png,0.7866513729095459,0.8219392257077354,-0.03528785279818947,1.0,100.0,420687,12
2019-07-01,2019,7,Gulf of Mexico,Terra,Night,MODIS_Terra_L3_SST_Thermal_4km_Night_Monthly,modis_sst_images/gulf_of_mexico_terra_night_2019_07_01.png,0.7067111134529114,0.7291043060166496,-0.022393192563738173,0.9843137264251709,100.0,420297,10
2019-08-01,2019,8,Gulf of Mexico,Terra,Night,MODIS_Terra_L3_SST_Thermal_4km_Night_Monthly,modis_sst_images/gulf_of_mexico_terra_night_2019_08_01.png,0.6501842141151428,0.6660160933222089,-0.01583187920706608,0.9803921580314636,100.0,420829,12
2019-09-01,2019,9,Gulf of Mexico,Terra,Night,MODIS_Terra_L3_SST_Thermal_4km_Night_Monthly,modis_sst_images/gulf_of_mexico_terra_night_2019_09_01.png,0.6909346580505371,0.7170515741620745,-0.026116916111537436,0.95686274766922,100.0,420711,12
2019-10-01,2019,10,Gulf of Mexico,Terra,Night,MODIS_Terra_L3_SST_Thermal_4km_Night_Monthly,modis_sst_images/gulf_of_mexico_terra_night_2019_10_01.png,0.7872573733329773,0.8286185127038223,-0.04136113937084496,1.0,100.0,420757,12
2019-11-01,2019,11,Gulf of Mexico,Terra,Night,MODIS_Terra_L3_SST_Thermal_4km_Night_Monthly,modis_sst_images/gulf_of_mexico_terra_night_2019_11_01.png,0.8699451088905334,0.9025932229482211,-0.03264811405768764,1.0,97.50074845817616,417525,13
2019-12-01,2019,12,Gulf of Mexico,Terra,Night,MODIS_Terra_L3_SST_Thermal_4km_Night_Monthly,modis_sst_images/gulf_of_mexico_terra_night_2019_12_01.png,0.8565170168876648,0.8672302457002493,-0.010713228812584519,1.0,94.69240596575005,417986,9
2020-01-01,2020,1,Gulf of Mexico,Terra,Night,MODIS_Terra_L3_SST_Thermal_4km_Night_Monthly,modis_sst_images/gulf_of_mexico_terra_night_2020_01_01.png,0.8261615037918091,0.7947619878328763,0.031399515958932755,1.0,91.9312793385279,419670,4
2020-02-01,2020,2,Gulf of Mexico,Terra,Night,MODIS_Terra_L3_SST_Thermal_4km_Night_Monthly,modis_sst_images/gulf_of_mexico_terra_night_2020_02_01.png,0.7947241067886353,0.7848346786839622,0.009889428104673081,1.0,90.16213507677257,419095,7
2020-03-01,2020,3,Gulf of Mexico,Terra,Night,MODIS_Terra_L3_SST_Thermal_4km_Night_Monthly,modis_sst_images/gulf_of_mexico_terra_night_2020_03_01.png,0.9340111017227173,0.850799845797675,0.0832112559250423,1.0,98.75016038816311,420854,2
2020-04-01,2020,4,Gulf of Mexico,Terra,Night,MODIS_Terra_L3_SST_Thermal_4km_Night_Monthly,modis_sst_images/gulf_of_mexico_terra_night_2020_04_01.png,0.93183833360672,0.9413643309048244,-0.009525997298104438,1.0,99.99239041001422,420522,11
2020-05-01,2020,5,Gulf of Mexico,Terra,Night,MODIS_Terra_L3_SST_Thermal_4km_Night_Monthly,modis_sst_images/gulf_of_mexico_terra_night_2020_05_01.png,0.9003200531005859,0.9238116059984479,-0.023491552897861978,1.0,100.0,420630,13
2020-06-01,2020,6,Gulf of Mexico,Terra,Night,MODIS_Terra_L3_SST_Thermal_4km_Night_Monthly,modis_sst_images/gulf_of_mexico_terra_night_2020_06_01.png,0.825615644454956,0.8219392257077354,0.003676418747220689,1.0,100.0,420518,9
2020-07-01,2020,7,Gulf of Mexico,Terra,Night,MODIS_Terra_L3_SST_Thermal_4km_Night_Monthly,modis_sst_images/gulf_of_mexico_terra_night_2020_07_01.png,0.6982461810112,0.7291043060166496,-0.0308581250054496,0.9921568632125854,100.0,420726,11
2020-08-01,2020,8,Gulf of Mexico,Terra,Night,MODIS_Terra_L3_SST_Thermal_4km_Night_Monthly,modis_sst_images/gulf_of_mexico_terra_night_2020_08_01.png,0.6297241449356079,0.6660160933222089,-0.03629194838660099,0.9176470637321472,100.0,420233,13
2020-09-01,2020,9,Gulf of Mexico,Terra,Night,MODIS_Terra_L3_SST_Thermal_4km_Night_Monthly,modis_sst_images/gulf_of_mexico_terra_night_2020_09_01.png,0.6947869658470154,0.7170515741620745,-0.022264608315059164,1.0,100.0,420015,10
2020-10-01,2020,10,Gulf of Mexico,Terra,Night,MODIS_Terra_L3_SST_Thermal_4km_Night_Monthly,modis_sst_images/gulf_of_mexico_terra_night_2020_10_01.png,0.847636342048645,0.8286185127038223,0.019017829344822768,1.0,100.0,421037,4
2020-11-01,2020,11,Gulf of Mexico,Terra,Night,MODIS_Terra_L3_SST_Thermal_4km_Night_Monthly,modis_sst_images/gulf_of_mexico_terra_night_2020_11_01.png,0.9283948540687561,0.9025932229482211,0.025801631120535018,1.0,99.95056975486875,420795,2
2020-12-01,2020,12,Gulf of Mexico,Terra,Night,MODIS_Terra_L3_SST_Thermal_4km_Night_Monthly,modis_sst_images/gulf_of_mexico_terra_night_2020_12_01.png,0.8655193448066711,0.8672302457002493,-0.001710900893578171,1.0,94.36457817302096,415834,7
2021-01-01,2021,1,Gulf of Mexico,Terra,Night,MODIS_Terra_L3_SST_Thermal_4km_Night_Monthly,modis_sst_images/gulf_of_mexico_terra_night_2021_01_01.png,0.7903098464012146,0.7947619878328763,-0.004452141431661727,1.0,89.93855993704852,416829,9
2021-02-01,2021,2,Gulf of Mexico,Terra,Night,MODIS_Terra_L3_SST_Thermal_4km_Night_Monthly,modis_sst_images/gulf_of_mexico_terra_night_2021_02_01.png,0.7800168991088867,0.7848346786839622,-0.004817779575075454,1.0,89.42281783172177,419365,9
2021-03-01,2021,3,Gulf of Mexico,Terra,Night,MODIS_Terra_L3_SST_Thermal_4km_Night_Monthly,modis_sst_images/gulf_of_mexico_terra_night_2021_03_01.png,0.8270956873893738,0.850799845797675,-0.0237041584083012,1.0,91.98219537852711,419217,11
2021-04-01,2021,4,Gulf of Mexico,Terra,Night,MODIS_Terra_L3_SST_Thermal_4km_Night_Monthly,modis_sst_images/gulf_of_mexico_terra_night_2021_04_01.png,0.9334844350814819,0.9413643309048244,-0.007879895823342475,1.0,99.41423650647698,419794,10
2021-05-01,2021,5,Gulf of Mexico,Terra,Night,MODIS_Terra_L3_SST_Thermal_4km_Night_Monthly,modis_sst_images/gulf_of_mexico_terra_night_2021_05_01.png,0.9180354475975037,0.9238116059984479,-0.0057761584009442535,1.0,100.0,420730,9
2021-06-01,2021,6,Gulf of Mexico,Terra,Night,MODIS_Terra_L3_SST_Thermal_4km_Night_Monthly,modis_sst_images/gulf_of_mexico_terra_night_2021_06_01.png,0.8388882279396057,0.8219392257077354,0.016949002231870347,1.0,100.0,420030,5
2021-07-01,2021,7,Gulf of Mexico,Terra,Night,MODIS_Terra_L3_SST_Thermal_4km_Night_Monthly,modis_sst_images/gulf_of_mexico_terra_night_2021_07_01.png,0.748278796672821,0.7291043060166496,0.019174490656171495,0.9882352948188782,100.0,419713,7
2021-08-01,2021,8,Gulf of Mexico,Terra,Night,MODIS_Terra_L3_SST_Thermal_4km_Night_Monthly,modis_sst_images/gulf_of_mexico_terra_night_2021_08_01.png,0.6709731817245483,0.6660160933222089,0.004957088402339438,0.9803921580314636,100.0,419648,6
2021-09-01,2021,9,Gulf of Mexico,Terra,Night,MODIS_Terra_L3_SST_Thermal_4km_Night_Monthly,modis_sst_images/gulf_of_mexico_terra_night_2021_09_01.png,0.7307150363922119,0.7170515741620745,0.013663462230137369,1.0,100.0,418847,7
2021-10-01,2021,10,Gulf of Mexico,Terra,Night,MODIS_Terra_L3_SST_Thermal_4km_Night_Monthly,modis_sst_images/gulf_of_mexico_terra_night_2021_10_01.png,0.8099368810653687,0.8286185127038223,-0.0186816316384536,1.0,100.0,419934,9
2021-11-01,2021,11,Gulf of Mexico,Terra,Night,MODIS_Terra_L3_SST_Thermal_4km_Night_Monthly,modis_sst_images/gulf_of_mexico_terra_night_2021_11_01.png,0.8888584971427917,0.9025932229482211,-0.013734725805429338,1.0,98.74286370575258,417934,11
2021-12-01,2021,12,Gulf of Mexico,Terra,Night,MODIS_Terra_L3_SST_Thermal_4km_Night_Monthly,modis_sst_images/gulf_of_mexico_terra_night_2021_12_01.png,0.8924791216850281,0.8672302457002493,0.025248875984778762,1.0,96.89486917595426,421979,3
2022-01-01,2022,1,Gulf of Mexico,Terra,Night,MODIS_Terra_L3_SST_Thermal_4km_Night_Monthly,modis_sst_images/gulf_of_mexico_terra_night_2022_01_01.png,0.8655058741569519,0.7947619878328763,0.07074388632407558,1.0,94.00868023191897,418422,1
2022-02-01,2022,2,Gulf of Mexico,Terra,Night,MODIS_Terra_L3_SST_Thermal_4km_Night_Monthly,modis_sst_images/gulf_of_mexico_terra_night_2022_02_01.png,0.7887911200523376,0.7848346786839622,0.003956441368375474,1.0,89.34450820257625,419990,8
2022-03-01,2022,3,Gulf of Mexico,Terra,Night,MODIS_Terra_L3_SST_Thermal_4km_Night_Monthly,modis_sst_images/gulf_of_mexico_terra_night_2022_03_01.png,0.8572189211845398,0.850799845797675,0.006419075386864814,1.0,94.29147094533108,420879,8
2022-04-01,2022,4,Gulf of Mexico,Terra,Night,MODIS_Terra_L3_SST_Thermal_4km_Night_Monthly,modis_sst_images/gulf_of_mexico_terra_night_2022_04_01.png,0.9563833475112915,0.9413643309048244,0.015019016606467095,1.0,99.97958044946755,421165,4
2022-05-01,2022,5,Gulf of Mexico,Terra,Night,MODIS_Terra_L3_SST_Thermal_4km_Night_Monthly,modis_sst_images/gulf_of_mexico_terra_night_2022_05_01.png,0.9076429605484009,0.9238116059984479,-0.016168645450047037,1.0,100.0,421091,12
2022-06-01,2022,6,Gulf of Mexico,Terra,Night,MODIS_Terra_L3_SST_Thermal_4km_Night_Monthly,modis_sst_images/gulf_of_mexico_terra_night_2022_06_01.png,0.816038966178894,0.8219392257077354,-0.005900259528841323,1.0,100.0,420444,10
2022-07-01,2022,7,Gulf of Mexico,Terra,Night,MODIS_Terra_L3_SST_Thermal_4km_Night_Monthly,modis_sst_images/gulf_of_mexico_terra_night_2022_07_01.png,0.6899411678314209,0.7291043060166496,-0.03916313818522865,1.0,100.0,420205,12
2022-08-01,2022,8,Gulf of Mexico,Terra,Night,MODIS_Terra_L3_SST_Thermal_4km_Night_Monthly,modis_sst_images/gulf_of_mexico_terra_night_2022_08_01.png,0.6798343062400818,0.6660160933222089,0.013818212917872885,1.0,100.0,419834,4
2022-09-01,2022,9,Gulf of Mexico,Terra,Night,MODIS_Terra_L3_SST_Thermal_4km_Night_Monthly,modis_sst_images/gulf_of_mexico_terra_night_2022_09_01.png,0.6931094527244568,0.7170515741620745,-0.023942121437617758,1.0,100.0,418836,11
2022-11-01,2022,11,Gulf of Mexico,Terra,Night,MODIS_Terra_L3_SST_Thermal_4km_Night_Monthly,modis_sst_images/gulf_of_mexico_terra_night_2022_11_01.png,0.903020977973938,0.9025932229482211,0.0004277550257169027,1.0,99.50019098014738,429364,6
2023-02-01,2023,2,Gulf of Mexico,Terra,Night,MODIS_Terra_L3_SST_Thermal_4km_Night_Monthly,modis_sst_images/gulf_of_mexico_terra_night_2023_02_01.png,0.8484695553779602,0.7848346786839622,0.06363487669399803,1.0,93.17605419215714,426630,3
2023-03-01,2023,3,Gulf of Mexico,Terra,Night,MODIS_Terra_L3_SST_Thermal_4km_Night_Monthly,modis_sst_images/gulf_of_mexico_terra_night_2023_03_01.png,0.9355371594429016,0.850799845797675,0.08473731364522663,1.0,99.1084429268565,429922,1
2023-04-01,2023,4,Gulf of Mexico,Terra,Night,MODIS_Terra_L3_SST_Thermal_4km_Night_Monthly,modis_sst_images/gulf_of_mexico_terra_night_2023_04_01.png,0.9430213570594788,0.9413643309048244,0.0016570261546543508,1.0,99.87053224849365,426361,7
2023-05-01,2023,5,Gulf of Mexico,Terra,Night,MODIS_Terra_L3_SST_Thermal_4km_Night_Monthly,modis_sst_images/gulf_of_mexico_terra_night_2023_05_01.png,0.8939710259437561,0.9238116059984479,-0.029840580054691812,1.0,99.99718009996545,425547,14
2023-06-01,2023,6,Gulf of Mexico,Terra,Night,MODIS_Terra_L3_SST_Thermal_4km_Night_Monthly,modis_sst_images/gulf_of_mexico_terra_night_2023_06_01.png,0.7650724053382874,0.8219392257077354,-0.05686682036944801,1.0,100.0,430714,14
2023-07-01,2023,7,Gulf of Mexico,Terra,Night,MODIS_Terra_L3_SST_Thermal_4km_Night_Monthly,modis_sst_images/gulf_of_mexico_terra_night_2023_07_01.png,0.6213268637657166,0.7291043060166496,-0.107777442250933,0.9921568632125854,100.0,430045,14
2023-08-01,2023,8,Gulf of Mexico,Terra,Night,MODIS_Terra_L3_SST_Thermal_4km_Night_Monthly,modis_sst_images/gulf_of_mexico_terra_night_2023_08_01.png,0.5571154356002808,0.6660160933222089,-0.10890065772192814,0.9843137264251709,100.0,432262,14
2023-09-01,2023,9,Gulf of Mexico,Terra,Night,MODIS_Terra_L3_SST_Thermal_4km_Night_Monthly,modis_sst_images/gulf_of_mexico_terra_night_2023_09_01.png,0.5768658518791199,0.7170515741620745,-0.14018572228295467,1.0,100.0,426781,14
2023-10-01,2023,10,Gulf of Mexico,Terra,Night,MODIS_Terra_L3_SST_Thermal_4km_Night_Monthly,modis_sst_images/gulf_of_mexico_terra_night_2023_10_01.png,0.7911592125892639,0.8286185127038223,-0.037459300114558336,1.0,100.0,429556,11
2023-11-01,2023,11,Gulf of Mexico,Terra,Night,MODIS_Terra_L3_SST_Thermal_4km_Night_Monthly,modis_sst_images/gulf_of_mexico_terra_night_2023_11_01.png,0.884860098361969,0.9025932229482211,-0.01773312458625209,1.0,98.94222483167454,422396,12
2023-12-01,2023,12,Gulf of Mexico,Terra,Night,MODIS_Terra_L3_SST_Thermal_4km_Night_Monthly,modis_sst_images/gulf_of_mexico_terra_night_2023_12_01.png,0.8164052963256836,0.8672302457002493,-0.05082494937456572,1.0,92.45070756113446,422225,13
2010-01-01,2010,1,East Coast,Aqua,Day,MODIS_Aqua_L3_SST_Thermal_4km_Day_Monthly,modis_sst_images/east_coast_aqua_day_2010_01_01.png,0.46492475271224976,0.5480698538678033,-0.08314510115555351,1.0,65.74855069023542,379146,13
2010-02-01,2010,2,East Coast,Aqua,Day,MODIS_Aqua_L3_SST_Thermal_4km_Day_Monthly,modis_sst_images/east_coast_aqua_day_2010_02_01.png,0.3998728394508362,0.5149934057678495,-0.11512056631701328,1.0,60.18346213043455,372938,13
2010-03-01,2010,3,East Coast,Aqua,Day,MODIS_Aqua_L3_SST_Thermal_4km_Day_Monthly,modis_sst_images/east_coast_aqua_day_2010_03_01.png,0.3211807310581207,0.5161899072783334,-0.19500917622021263,1.0,56.88408979990239,409800,14
2010-04-01,2010,4,East Coast,Aqua,Day,MODIS_Aqua_L3_SST_Thermal_4km_Day_Monthly,modis_sst_images/east_coast_aqua_day_2010_04_01.png,0.4969293773174286,0.5936003561530795,-0.0966709788356509,1.0,70.50807298663867,409390,14
2010-05-01,2010,5,East Coast,Aqua,Day,MODIS_Aqua_L3_SST_Thermal_4km_Day_Monthly,modis_sst_images/east_coast_aqua_day_2010_05_01.png,0.6069667935371399,0.6668138802051544,-0.059847086668014526,1.0,76.35462692102188,409873,13
2010-06-01,2010,6,East Coast,Aqua,Day,MODIS_Aqua_L3_SST_Thermal_4km_Day_Monthly,modis_sst_images/east_coast_aqua_day_2010_06_01.png,0.6992053389549255,0.7086095076340896,-0.009404168679164049,1.0,88.50678578735594,410564,8
2010-07-01,2010,7,East Coast,Aqua,Day,MODIS_Aqua_L3_SST_Thermal_4km_Day_Monthly,modis_sst_images/east_coast_aqua_day_2010_07_01.png,0.7764534950256348,0.7532834155218942,0.023170079503740615,1.0,94.79440080612852,411845,3
2010-08-01,2010,8,East Coast,Aqua,Day,MODIS_Aqua_L3_SST_Thermal_4km_Day_Monthly,modis_sst_images/east_coast_aqua_day_2010_08_01.png,0.728759229183197,0.7303002561841693,-0.0015410270009722504,1.0,95.5526174321124,412962,9
2010-09-01,2010,9,East Coast,Aqua,Day,MODIS_Aqua_L3_SST_Thermal_4km_Day_Monthly,modis_sst_images/east_coast_aqua_day_2010_09_01.png,0.7254875898361206,0.7175907875810351,0.007896802255085489,1.0,91.33071199564455,413275,5
2010-10-01,2010,10,East Coast,Aqua,Day,MODIS_Aqua_L3_SST_Thermal_4km_Day_Monthly,modis_sst_images/east_coast_aqua_day_2010_10_01.png,0.6816912889480591,0.6955930728178757,-0.013901783869816664,1.0,83.60775827793026,414989,12
2010-11-01,2010,11,East Coast,Aqua,Day,MODIS_Aqua_L3_SST_Thermal_4km_Day_Monthly,modis_sst_images/east_coast_aqua_day_2010_11_01.png,0.6410698890686035,0.6457763772744399,-0.004706488205836412,1.0,77.4814025055126,412690,9
2010-12-01,2010,12,East Coast,Aqua,Day,MODIS_Aqua_L3_SST_Thermal_4km_Day_Monthly,modis_sst_images/east_coast_aqua_day_2010_12_01.png,0.5357314944267273,0.625066353724553,-0.0893348592978257,1.0,72.97220317235582,361624,13
2011-01-01,2011,1,East Coast,Aqua,Day,MODIS_Aqua_L3_SST_Thermal_4km_Day_Monthly,modis_sst_images/east_coast_aqua_day_2011_01_01.png,0.38351401686668396,0.5480698538678033,-0.1645558370011193,1.0,63.708673216339704,379052,14
2011-02-01,2011,2,East Coast,Aqua,Day,MODIS_Aqua_L3_SST_Thermal_4km_Day_Monthly,modis_sst_images/east_coast_aqua_day_2011_02_01.png,0.37530553340911865,0.5149934057678495,-0.1396878723587308,1.0,58.048734756511244,405337,14
2011-03-01,2011,3,East Coast,Aqua,Day,MODIS_Aqua_L3_SST_Thermal_4km_Day_Monthly,modis_sst_images/east_coast_aqua_day_2011_03_01.png,0.42470893263816833,0.5161899072783334,-0.09148097464016502,1.0,61.584306238832994,408570,12
2011-04-01,2011,4,East Coast,Aqua,Day,MODIS_Aqua_L3_SST_Thermal_4km_Day_Monthly,modis_sst_images/east_coast_aqua_day_2011_04_01.png,0.5743921399116516,0.5936003561530795,-0.019208216241427878,1.0,73.86360835465378,405714,10
2011-05-01,2011,5,East Coast,Aqua,Day,MODIS_Aqua_L3_SST_Thermal_4km_Day_Monthly,modis_sst_images/east_coast_aqua_day_2011_05_01.png,0.7101847529411316,0.6668138802051544,0.04337087273597717,1.0,81.72080996609604,407622,2
2011-06-01,2011,6,East Coast,Aqua,Day,MODIS_Aqua_L3_SST_Thermal_4km_Day_Monthly,modis_sst_images/east_coast_aqua_day_2011_06_01.png,0.7202550172805786,0.7086095076340896,0.011645509646489027,1.0,86.30727552480974,410101,5
2011-07-01,2011,7,East Coast,Aqua,Day,MODIS_Aqua_L3_SST_Thermal_4km_Day_Monthly,modis_sst_images/east_coast_aqua_day_2011_07_01.png,0.7553139328956604,0.7532834155218942,0.0020305173737662496,1.0,93.45072169763131,411114,7
2011-08-01,2011,8,East Coast,Aqua,Day,MODIS_Aqua_L3_SST_Thermal_4km_Day_Monthly,modis_sst_images/east_coast_aqua_day_2011_08_01.png,0.7424653172492981,0.7303002561841693,0.012165061065128824,1.0,94.66352865896222,412576,5
2011-09-01,2011,9,East Coast,Aqua,Day,MODIS_Aqua_L3_SST_Thermal_4km_Day_Monthly,modis_sst_images/east_coast_aqua_day_2011_09_01.png,0.7355079650878906,0.7175907875810351,0.01791717750685551,1.0,92.2340446103124,413716,2
2011-10-01,2011,10,East Coast,Aqua,Day,MODIS_Aqua_L3_SST_Thermal_4km_Day_Monthly,modis_sst_images/east_coast_aqua_day_2011_10_01.png,0.6980913281440735,0.6955930728178757,0.0024982553261977403,1.0,85.33656978231181,414446,5
2011-11-01,2011,11,East Coast,Aqua,Day,MODIS_Aqua_L3_SST_Thermal_4km_Day_Monthly,modis_sst_images/east_coast_aqua_day_2011_11_01.png,0.6489951610565186,0.6457763772744399,0.003218783782078627,1.0,77.75308927907976,414498,7
2011-12-01,2011,12,East Coast,Aqua,Day,MODIS_Aqua_L3_SST_Thermal_4km_Day_Monthly,modis_sst_images/east_coast_aqua_day_2011_12_01.png,0.6391288042068481,0.625066353724553,0.014062450482295152,1.0,75.98722408667196,407329,5
2012-01-01,2012,1,East Coast,Aqua,Day,MODIS_Aqua_L3_SST_Thermal_4km_Day_Monthly,modis_sst_images/east_coast_aqua_day_2012_01_01.png,0.5265257954597473,0.5480698538678033,-0.021544058408055955,1.0,72.02094081121042,406479,12
2012-02-01,2012,2,East Coast,Aqua,Day,MODIS_Aqua_L3_SST_Thermal_4km_Day_Monthly,modis_sst_images/east_coast_aqua_day_2012_02_01.png,0.4794667065143585,0.5149934057678495,-0.035526699253490945,1.0,70.67848813314252,403898,11
2012-03-01,2012,3,East Coast,Aqua,Day,MODIS_Aqua_L3_SST_Thermal_4km_Day_Monthly,modis_sst_images/east_coast_aqua_day_2012_03_01.png,0.5388075709342957,0.5161899072783334,0.022617663655962295,1.0,74.7708520943364,410870,9
2012-04-01,2012,4,East Coast,Aqua,Day,MODIS_Aqua_L3_SST_Thermal_4km_Day_Monthly,modis_sst_images/east_coast_aqua_day_2012_04_01.png,0.5767057538032532,0.5936003561530795,-0.016894602349826315,1.0,75.59399652606312,407031,9
2012-05-01,2012,5,East Coast,Aqua,Day,MODIS_Aqua_L3_SST_Thermal_4km_Day_Monthly,modis_sst_images/east_coast_aqua_day_2012_05_01.png,0.6625092625617981,0.6668138802051544,-0.004304617643356323,1.0,80.53651288690126,407856,7
2012-06-01,2012,6,East Coast,Aqua,Day,MODIS_Aqua_L3_SST_Thermal_4km_Day_Monthly,modis_sst_images/east_coast_aqua_day_2012_06_01.png,0.7585104703903198,0.7086095076340896,0.04990096275623024,1.0,88.74986551383496,408964,2
2012-07-01,2012,7,East Coast,Aqua,Day,MODIS_Aqua_L3_SST_Thermal_4km_Day_Monthly,modis_sst_images/east_coast_aqua_day_2012_07_01.png,0.8117665648460388,0.7532834155218942,0.05848314932414467,1.0,95.29156252274989,412090,1
2012-08-01,2012,8,East Coast,Aqua,Day,MODIS_Aqua_L3_SST_Thermal_4km_Day_Monthly,modis_sst_images/east_coast_aqua_day_2012_08_01.png,0.7828332781791687,0.7303002561841693,0.05253302199499943,1.0,97.52766042073912,412322,1
2012-09-01,2012,9,East Coast,Aqua,Day,MODIS_Aqua_L3_SST_Thermal_4km_Day_Monthly,modis_sst_images/east_coast_aqua_day_2012_09_01.png,0.7512650489807129,0.7175907875810351,0.033674261399677774,1.0,94.30084740643372,413851,1
2012-10-01,2012,10,East Coast,Aqua,Day,MODIS_Aqua_L3_SST_Thermal_4km_Day_Monthly,modis_sst_images/east_coast_aqua_day_2012_10_01.png,0.6877783536911011,0.6955930728178757,-0.007814719126774672,1.0,86.19423877052583,414356,9
2012-11-01,2012,11,East Coast,Aqua,Day,MODIS_Aqua_L3_SST_Thermal_4km_Day_Monthly,modis_sst_images/east_coast_aqua_day_2012_11_01.png,0.6359432935714722,0.6457763772744399,-0.00983308370296776,1.0,77.11885926359996,409560,11
2012-12-01,2012,12,East Coast,Aqua,Day,MODIS_Aqua_L3_SST_Thermal_4km_Day_Monthly,modis_sst_images/east_coast_aqua_day_2012_12_01.png,0.6175507307052612,0.625066353724553,-0.007515623019291762,1.0,74.75468551285425,406519,9
2013-01-01,2013,1,East Coast,Aqua,Day,MODIS_Aqua_L3_SST_Thermal_4km_Day_Monthly,modis_sst_images/east_coast_aqua_day_2013_01_01.png,0.5474058389663696,0.5480698538678033,-0.0006640149014336405,1.0,72.66912011690258,407861,9
2013-02-01,2013,2,East Coast,Aqua,Day,MODIS_Aqua_L3_SST_Thermal_4km_Day_Monthly,modis_sst_images/east_coast_aqua_day_2013_02_01.png,0.47379225492477417,0.5149934057678495,-0.041201150843075296,1.0,70.10521946243664,395079,12
2013-03-01,2013,3,East Coast,Aqua,Day,MODIS_Aqua_L3_SST_Thermal_4km_Day_Monthly,modis_sst_images/east_coast_aqua_day_2013_03_01.png,0.4127925932407379,0.5161899072783334,-0.10339731403759544,1.0,61.85821926154597,393904,13
2013-04-01,2013,4,East Coast,Aqua,Day,MODIS_Aqua_L3_SST_Thermal_4km_Day_Monthly,modis_sst_images/east_coast_aqua_day_2013_04_01.png,0.524167001247406,0.5936003561530795,-0.06943335490567348,1.0,70.52128107467713,408532,13
2013-05-01,2013,5,East Coast,Aqua,Day,MODIS_Aqua_L3_SST_Thermal_4km_Day_Monthly,modis_sst_images/east_coast_aqua_day_2013_05_01.png,0.6543022990226746,0.6668138802051544,-0.012511581182479858,1.0,79.22259994460798,408001,10
2013-06-01,2013,6,East Coast,Aqua,Day,MODIS_Aqua_L3_SST_Thermal_4km_Day_Monthly,modis_sst_images/east_coast_aqua_day_2013_06_01.png,0.7051464915275574,0.7086095076340896,-0.003463016106532213,1.0,85.09997996980815,409382,7
2013-07-01,2013,7,East Coast,Aqua,Day,MODIS_Aqua_L3_SST_Thermal_4km_Day_Monthly,modis_sst_images/east_coast_aqua_day_2013_07_01.png,0.8056555986404419,0.7532834155218942,0.052372183118547744,1.0,95.2941918977374,411959,2
2013-08-01,2013,8,East Coast,Aqua,Day,MODIS_Aqua_L3_SST_Thermal_4km_Day_Monthly,modis_sst_images/east_coast_aqua_day_2013_08_01.png,0.7326247692108154,0.7303002561841693,0.0023245130266461578,1.0,94.78690447910253,412538,7
2013-09-01,2013,9,East Coast,Aqua,Day,MODIS_Aqua_L3_SST_Thermal_4km_Day_Monthly,modis_sst_images/east_coast_aqua_day_2013_09_01.png,0.6953890323638916,0.7175907875810351,-0.022201755217143515,1.0,91.51229207672417,414576,13
2013-10-01,2013,10,East Coast,Aqua,Day,MODIS_Aqua_L3_SST_Thermal_4km_Day_Monthly,modis_sst_images/east_coast_aqua_day_2013_10_01.png,0.6839513182640076,0.6955930728178757,-0.011641754553868178,1.0,86.10267171986094,415051,11
2013-11-01,2013,11,East Coast,Aqua,Day,MODIS_Aqua_L3_SST_Thermal_4km_Day_Monthly,modis_sst_images/east_coast_aqua_day_2013_11_01.png,0.620733380317688,0.6457763772744399,-0.02504299695675194,1.0,76.12995570252828,405215,13
2013-12-01,2013,12,East Coast,Aqua,Day,MODIS_Aqua_L3_SST_Thermal_4km_Day_Monthly,modis_sst_images/east_coast_aqua_day_2013_12_01.png,0.6515632271766663,0.625066353724553,0.026496873452113268,1.0,75.83955458046118,398366,3
2014-01-01,2014,1,East Coast,Aqua,Day,MODIS_Aqua_L3_SST_Thermal_4km_Day_Monthly,modis_sst_images/east_coast_aqua_day_2014_01_01.png,0.5772412419319153,0.5480698538678033,0.029171388064112014,1.0,74.20485132272604,376722,5
2014-02-01,2014,2,East Coast,Aqua,Day,MODIS_Aqua_L3_SST_Thermal_4km_Day_Monthly,modis_sst_images/east_coast_aqua_day_2014_02_01.png,0.5491170287132263,0.5149934057678495,0.03412362294537685,1.0,73.23384398214675,393878,7
2014-03-01,2014,3,East Coast,Aqua,Day,MODIS_Aqua_L3_SST_Thermal_4km_Day_Monthly,modis_sst_images/east_coast_aqua_day_2014_03_01.png,0.5656260251998901,0.5161899072783334,0.04943611792155678,1.0,73.31815680192125,399740,3
2014-04-01,2014,4,East Coast,Aqua,Day,MODIS_Aqua_L3_SST_Thermal_4km_Day_Monthly,modis_sst_images/east_coast_aqua_day_2014_04_01.png,0.61402827501297,0.5936003561530795,0.02042791885989048,1.0,76.31142187937324,407306,7
2014-05-01,2014,5,East Coast,Aqua,Day,MODIS_Aqua_L3_SST_Thermal_4km_Day_Monthly,modis_sst_images/east_coast_aqua_day_2014_05_01.png,0.7026426792144775,0.6668138802051544,0.03582879900932312,1.0,81.87600847796882,407173,4
2014-06-01,2014,6,East Coast,Aqua,Day,MODIS_Aqua_L3_SST_Thermal_4km_Day_Monthly,modis_sst_images/east_coast_aqua_day_2014_06_01.png,0.734643280506134,0.7086095076340896,0.026033772872044447,1.0,87.96983679481801,410036,3
2014-07-01,2014,7,East Coast,Aqua,Day,MODIS_Aqua_L3_SST_Thermal_4km_Day_Monthly,modis_sst_images/east_coast_aqua_day_2014_07_01.png,0.7358838319778442,0.7532834155218942,-0.017399583544049912,1.0,92.8800499081281,410354,10
2014-08-01,2014,8,East Coast,Aqua,Day,MODIS_Aqua_L3_SST_Thermal_4km_Day_Monthly,modis_sst_images/east_coast_aqua_day_2014_08_01.png,0.74735426902771,0.7303002561841693,0.01705401284354069,1.0,95.00530268911714,412998,4
2014-09-01,2014,9,East Coast,Aqua,Day,MODIS_Aqua_L3_SST_Thermal_4km_Day_Monthly,modis_sst_images/east_coast_aqua_day_2014_09_01.png,0.7155339121818542,0.7175907875810351,-0.0020568753991808686,1.0,92.28656266019286,413564,9
2014-10-01,2014,10,East Coast,Aqua,Day,MODIS_Aqua_L3_SST_Thermal_4km_Day_Monthly,modis_sst_images/east_coast_aqua_day_2014_10_01.png,0.6935091614723206,0.6955930728178757,-0.0020839113455551894,1.0,86.42058866034009,415180,6
2014-11-01,2014,11,East Coast,Aqua,Day,MODIS_Aqua_L3_SST_Thermal_4km_Day_Monthly,modis_sst_images/east_coast_aqua_day_2014_11_01.png,0.6498705744743347,0.6457763772744399,0.004094197199894789,1.0,79.47486248869517,404694,6
2014-12-01,2014,12,East Coast,Aqua,Day,MODIS_Aqua_L3_SST_Thermal_4km_Day_Monthly,modis_sst_images/east_coast_aqua_day_2014_12_01.png,0.6492069959640503,0.625066353724553,0.0241406422394973,1.0,75.58043221180473,400822,4
2015-01-01,2015,1,East Coast,Aqua,Day,MODIS_Aqua_L3_SST_Thermal_4km_Day_Monthly,modis_sst_images/east_coast_aqua_day_2015_01_01.png,0.6280667781829834,0.5480698538678033,0.07999692431518013,1.0,75.32412020768867,381340,1
2015-02-01,2015,2,East Coast,Aqua,Day,MODIS_Aqua_L3_SST_Thermal_4km_Day_Monthly,modis_sst_images/east_coast_aqua_day_2015_02_01.png,0.553245484828949,0.5149934057678495,0.03825207906109951,1.0,74.36146247491791,349353,5
2015-03-01,2015,3,East Coast,Aqua,Day,MODIS_Aqua_L3_SST_Thermal_4km_Day_Monthly,modis_sst_images/east_coast_aqua_day_2015_03_01.png,0.5549090504646301,0.5161899072783334,0.03871914318629677,1.0,72.69348685193202,395001,7
2015-04-01,2015,4,East Coast,Aqua,Day,MODIS_Aqua_L3_SST_Thermal_4km_Day_Monthly,modis_sst_images/east_coast_aqua_day_2015_04_01.png,0.6432691812515259,0.5936003561530795,0.04966882509844639,1.0,76.99247639339261,406454,3
2015-05-01,2015,5,East Coast,Aqua,Day,MODIS_Aqua_L3_SST_Thermal_4km_Day_Monthly,modis_sst_images/east_coast_aqua_day_2015_05_01.png,0.7289403080940247,0.6668138802051544,0.06212642788887024,1.0,82.70973824393604,409427,1
2015-06-01,2015,6,East Coast,Aqua,Day,MODIS_Aqua_L3_SST_Thermal_4km_Day_Monthly,modis_sst_images/east_coast_aqua_day_2015_06_01.png,0.71241295337677,0.7086095076340896,0.0038034457426804336,1.0,87.85615247915324,409656,6
2015-07-01,2015,7,East Coast,Aqua,Day,MODIS_Aqua_L3_SST_Thermal_4km_Day_Monthly,modis_sst_images/east_coast_aqua_day_2015_07_01.png,0.7384399175643921,0.7532834155218942,-0.014843497957502061,1.0,93.27341836139519,411472,9
2015-08-01,2015,8,East Coast,Aqua,Day,MODIS_Aqua_L3_SST_Thermal_4km_Day_Monthly,modis_sst_images/east_coast_aqua_day_2015_08_01.png,0.7332088351249695,0.7303002561841693,0.0029085789408002105,1.0,96.3572749101676,412713,6
2015-09-01,2015,9,East Coast,Aqua,Day,MODIS_Aqua_L3_SST_Thermal_4km_Day_Monthly,modis_sst_images/east_coast_aqua_day_2015_09_01.png,0.7056550979614258,0.7175907875810351,-0.011935689619609335,1.0,94.22891371059205,413527,12
2015-10-01,2015,10,East Coast,Aqua,Day,MODIS_Aqua_L3_SST_Thermal_4km_Day_Monthly,modis_sst_images/east_coast_aqua_day_2015_10_01.png,0.6916836500167847,0.6955930728178757,-0.003909422801091078,1.0,85.66939471975711,414337,8
2015-11-01,2015,11,East Coast,Aqua,Day,MODIS_Aqua_L3_SST_Thermal_4km_Day_Monthly,modis_sst_images/east_coast_aqua_day_2015_11_01.png,0.6589016318321228,0.6457763772744399,0.013125254557682875,1.0,81.86215032018875,415380,2
2015-12-01,2015,12,East Coast,Aqua,Day,MODIS_Aqua_L3_SST_Thermal_4km_Day_Monthly,modis_sst_images/east_coast_aqua_day_2015_12_01.png,0.6617131233215332,0.625066353724553,0.03664676959698021,1.0,77.31233350150747,410289,2
2016-01-01,2016,1,East Coast,Aqua,Day,MODIS_Aqua_L3_SST_Thermal_4km_Day_Monthly,modis_sst_images/east_coast_aqua_day_2016_01_01.png,0.5713891983032227,0.5480698538678033,0.023319344435419387,1.0,71.48848080133557,374375,6
2016-02-01,2016,2,East Coast,Aqua,Day,MODIS_Aqua_L3_SST_Thermal_4km_Day_Monthly,modis_sst_images/east_coast_aqua_day_2016_02_01.png,0.5029683113098145,0.5149934057678495,-0.012025094458035013,1.0,70.67519787808384,404163,9
2016-03-01,2016,3,East Coast,Aqua,Day,MODIS_Aqua_L3_SST_Thermal_4km_Day_Monthly,modis_sst_images/east_coast_aqua_day_2016_03_01.png,0.5481293797492981,0.5161899072783334,0.031939472470964736,1.0,73.91882803590748,410388,8
2016-04-01,2016,4,East Coast,Aqua,Day,MODIS_Aqua_L3_SST_Thermal_4km_Day_Monthly,modis_sst_images/east_coast_aqua_day_2016_04_01.png,0.6285710334777832,0.5936003561530795,0.034970677324703714,1.0,76.99752342194853,407417,5
2016-05-01,2016,5,East Coast,Aqua,Day,MODIS_Aqua_L3_SST_Thermal_4km_Day_Monthly,modis_sst_images/east_coast_aqua_day_2016_05_01.png,0.7007144689559937,0.6668138802051544,0.03390058875083923,1.0,81.12638652503081,408936,5
2016-06-01,2016,6,East Coast,Aqua,Day,MODIS_Aqua_L3_SST_Thermal_4km_Day_Monthly,modis_sst_images/east_coast_aqua_day_2016_06_01.png,0.6794092059135437,0.7086095076340896,-0.029200301720545885,1.0,85.62135929426037,410463,11
2016-07-01,2016,7,East Coast,Aqua,Day,MODIS_Aqua_L3_SST_Thermal_4km_Day_Monthly,modis_sst_images/east_coast_aqua_day_2016_07_01.png,0.708655059337616,0.7532834155218942,-0.044628356184278184,1.0,94.62362720060592,411932,13
2016-08-01,2016,8,East Coast,Aqua,Day,MODIS_Aqua_L3_SST_Thermal_4km_Day_Monthly,modis_sst_images/east_coast_aqua_day_2016_08_01.png,0.691467821598053,0.7303002561841693,-0.03883243458611629,1.0,95.92674730531964,413036,13
2016-09-01,2016,9,East Coast,Aqua,Day,MODIS_Aqua_L3_SST_Thermal_4km_Day_Monthly,modis_sst_images/east_coast_aqua_day_2016_09_01.png,0.713264524936676,0.7175907875810351,-0.004326262644359091,1.0,94.78468610866445,414395,10
2016-10-01,2016,10,East Coast,Aqua,Day,MODIS_Aqua_L3_SST_Thermal_4km_Day_Monthly,modis_sst_images/east_coast_aqua_day_2016_10_01.png,0.7158017158508301,0.6955930728178757,0.020208643032954332,1.0,87.47152400171458,415262,2
2016-11-01,2016,11,East Coast,Aqua,Day,MODIS_Aqua_L3_SST_Thermal_4km_Day_Monthly,modis_sst_images/east_coast_aqua_day_2016_11_01.png,0.6664344072341919,0.6457763772744399,0.020658029959751967,1.0,80.56530681958587,412767,1
2016-12-01,2016,12,East Coast,Aqua,Day,MODIS_Aqua_L3_SST_Thermal_4km_Day_Monthly,modis_sst_images/east_coast_aqua_day_2016_12_01.png,0.6164039969444275,0.625066353724553,-0.008662356780125502,1.0,75.10148637705389,382810,10
2017-01-01,2017,1,East Coast,Aqua,Day,MODIS_Aqua_L3_SST_Thermal_4km_Day_Monthly,modis_sst_images/east_coast_aqua_day_2017_01_01.png,0.5850036144256592,0.5480698538678033,0.03693376055785591,1.0,72.69213831225039,395106,3
2017-02-01,2017,2,East Coast,Aqua,Day,MODIS_Aqua_L3_SST_Thermal_4km_Day_Monthly,modis_sst_images/east_coast_aqua_day_2017_02_01.png,0.5605536103248596,0.5149934057678495,0.04556020455701015,1.0,73.47075047899999,401357,3
2017-03-01,2017,3,East Coast,Aqua,Day,MODIS_Aqua_L3_SST_Thermal_4km_Day_Monthly,modis_sst_images/east_coast_aqua_day_2017_03_01.png,0.5570370554924011,0.5161899072783334,0.04084714821406776,1.0,73.2973886373737,409518,5
2017-04-01,2017,4,East Coast,Aqua,Day,MODIS_Aqua_L3_SST_Thermal_4km_Day_Monthly,modis_sst_images/east_coast_aqua_day_2017_04_01.png,0.6455854177474976,0.5936003561530795,0.05198506159441807,1.0,75.75232273838631,409000,2
2017-05-01,2017,5,East Coast,Aqua,Day,MODIS_Aqua_L3_SST_Thermal_4km_Day_Monthly,modis_sst_images/east_coast_aqua_day_2017_05_01.png,0.6622583866119385,0.6668138802051544,-0.004555493593215942,1.0,77.54363134013097,405729,8
2017-06-01,2017,6,East Coast,Aqua,Day,MODIS_Aqua_L3_SST_Thermal_4km_Day_Monthly,modis_sst_images/east_coast_aqua_day_2017_06_01.png,0.6638585329055786,0.7086095076340896,-0.04475097472851097,1.0,84.61323809826868,408533,13
2017-07-01,2017,7,East Coast,Aqua,Day,MODIS_Aqua_L3_SST_Thermal_4km_Day_Monthly,modis_sst_images/east_coast_aqua_day_2017_07_01.png,0.7219736576080322,0.7532834155218942,-0.031309757913861924,1.0,93.09866130570879,409877,12
2017-08-01,2017,8,East Coast,Aqua,Day,MODIS_Aqua_L3_SST_Thermal_4km_Day_Monthly,modis_sst_images/east_coast_aqua_day_2017_08_01.png,0.7124962210655212,0.7303002561841693,-0.01780403511864803,1.0,94.84633055253295,413550,11
2017-09-01,2017,9,East Coast,Aqua,Day,MODIS_Aqua_L3_SST_Thermal_4km_Day_Monthly,modis_sst_images/east_coast_aqua_day_2017_09_01.png,0.7217300534248352,0.7175907875810351,0.0041392658438000884,1.0,92.38106276833621,414126,7
2017-10-01,2017,10,East Coast,Aqua,Day,MODIS_Aqua_L3_SST_Thermal_4km_Day_Monthly,modis_sst_images/east_coast_aqua_day_2017_10_01.png,0.7097127437591553,0.6955930728178757,0.014119670941279527,1.0,86.96900749919429,415778,3
2017-11-01,2017,11,East Coast,Aqua,Day,MODIS_Aqua_L3_SST_Thermal_4km_Day_Monthly,modis_sst_images/east_coast_aqua_day_2017_11_01.png,0.6546854972839355,0.6457763772744399,0.008909120009495619,1.0,79.09607534484138,412291,4
2017-12-01,2017,12,East Coast,Aqua,Day,MODIS_Aqua_L3_SST_Thermal_4km_Day_Monthly,modis_sst_images/east_coast_aqua_day_2017_12_01.png,0.6653680205345154,0.625066353724553,0.04030166680996239,1.0,77.4791907229753,365462,1
2018-01-01,2018,1,East Coast,Aqua,Day,MODIS_Aqua_L3_SST_Thermal_4km_Day_Monthly,modis_sst_images/east_coast_aqua_day_2018_01_01.png,0.5358068943023682,0.5480698538678033,-0.012262959565435105,1.0,71.19731050018979,405726,11
2018-02-01,2018,2,East Coast,Aqua,Day,MODIS_Aqua_L3_SST_Thermal_4km_Day_Monthly,modis_sst_images/east_coast_aqua_day_2018_02_01.png,0.5882166624069214,0.5149934057678495,0.07322325663907192,1.0,73.47510751780133,408537,1
2018-03-01,2018,3,East Coast,Aqua,Day,MODIS_Aqua_L3_SST_Thermal_4km_Day_Monthly,modis_sst_images/east_coast_aqua_day_2018_03_01.png,0.5161349177360535,0.5161899072783334,-5.4989542279892945e-05,1.0,71.67850519612303,400106,10
2018-04-01,2018,4,East Coast,Aqua,Day,MODIS_Aqua_L3_SST_Thermal_4km_Day_Monthly,modis_sst_images/east_coast_aqua_day_2018_04_01.png,0.5677595138549805,0.5936003561530795,-0.02584084229809902,1.0,73.84436815032927,409235,11
2018-05-01,2018,5,East Coast,Aqua,Day,MODIS_Aqua_L3_SST_Thermal_4km_Day_Monthly,modis_sst_images/east_coast_aqua_day_2018_05_01.png,0.6595792174339294,0.6668138802051544,-0.007234662771224976,1.0,77.66598308126122,405704,9
2018-06-01,2018,6,East Coast,Aqua,Day,MODIS_Aqua_L3_SST_Thermal_4km_Day_Monthly,modis_sst_images/east_coast_aqua_day_2018_06_01.png,0.6808120608329773,0.7086095076340896,-0.02779744680111229,1.0,85.51362744668526,410862,10
2018-07-01,2018,7,East Coast,Aqua,Day,MODIS_Aqua_L3_SST_Thermal_4km_Day_Monthly,modis_sst_images/east_coast_aqua_day_2018_07_01.png,0.7706348299980164,0.7532834155218942,0.017351414476122207,1.0,94.42469684122035,411583,5
2018-08-01,2018,8,East Coast,Aqua,Day,MODIS_Aqua_L3_SST_Thermal_4km_Day_Monthly,modis_sst_images/east_coast_aqua_day_2018_08_01.png,0.7606210112571716,0.7303002561841693,0.03032075507300236,1.0,97.33725666410588,413934,3
2018-09-01,2018,9,East Coast,Aqua,Day,MODIS_Aqua_L3_SST_Thermal_4km_Day_Monthly,modis_sst_images/east_coast_aqua_day_2018_09_01.png,0.731508731842041,0.7175907875810351,0.013917944261005899,1.0,94.6816914162408,415226,4
2018-10-01,2018,10,East Coast,Aqua,Day,MODIS_Aqua_L3_SST_Thermal_4km_Day_Monthly,modis_sst_images/east_coast_aqua_day_2018_10_01.png,0.693382978439331,0.6955930728178757,-0.0022100943785446914,1.0,86.9404280767413,414692,7
2018-11-01,2018,11,East Coast,Aqua,Day,MODIS_Aqua_L3_SST_Thermal_4km_Day_Monthly,modis_sst_images/east_coast_aqua_day_2018_11_01.png,0.6256338953971863,0.6457763772744399,-0.02014248187725365,1.0,77.79637600961334,400277,12
2018-12-01,2018,12,East Coast,Aqua,Day,MODIS_Aqua_L3_SST_Thermal_4km_Day_Monthly,modis_sst_images/east_coast_aqua_day_2018_12_01.png,0.6270565390586853,0.625066353724553,0.0019901853341323106,1.0,74.01953177257525,373750,7
2019-01-01,2019,1,East Coast,Aqua,Day,MODIS_Aqua_L3_SST_Thermal_4km_Day_Monthly,modis_sst_images/east_coast_aqua_day_2019_01_01.png,0.5606760382652283,0.5480698538678033,0.012606184397425002,1.0,70.87203138387534,393323,8
2019-02-01,2019,2,East Coast,Aqua,Day,MODIS_Aqua_L3_SST_Thermal_4km_Day_Monthly,modis_sst_images/east_coast_aqua_day_2019_02_01.png,0.5770138502120972,0.5149934057678495,0.0620204444442477,1.0,73.59230930031659,397051,2
2019-03-01,2019,3,East Coast,Aqua,Day,MODIS_Aqua_L3_SST_Thermal_4km_Day_Monthly,modis_sst_images/east_coast_aqua_day_2019_03_01.png,0.55581134557724,0.5161899072783334,0.03962143829890663,1.0,72.58803894434381,406837,6
2019-04-01,2019,4,East Coast,Aqua,Day,MODIS_Aqua_L3_SST_Thermal_4km_Day_Monthly,modis_sst_images/east_coast_aqua_day_2019_04_01.png,0.6357421875,0.5936003561530795,0.04214183134692051,1.0,76.2300466721575,407952,4
2019-05-01,2019,5,East Coast,Aqua,Day,MODIS_Aqua_L3_SST_Thermal_4km_Day_Monthly,modis_sst_images/east_coast_aqua_day_2019_05_01.png,0.6825197339057922,0.6668138802051544,0.015705853700637817,1.0,79.48573050145067,408774,6
2019-06-01,2019,6,East Coast,Aqua,Day,MODIS_Aqua_L3_SST_Thermal_4km_Day_Monthly,modis_sst_images/east_coast_aqua_day_2019_06_01.png,0.6787145137786865,0.7086095076340896,-0.029894993855403063,1.0,86.04597729244834,409115,12
2019-07-01,2019,7,East Coast,Aqua,Day,MODIS_Aqua_L3_SST_Thermal_4km_Day_Monthly,modis_sst_images/east_coast_aqua_day_2019_07_01.png,0.6996248364448547,0.7532834155218942,-0.053658579077039414,1.0,94.21275646743979,412528,14
2019-08-01,2019,8,East Coast,Aqua,Day,MODIS_Aqua_L3_SST_Thermal_4km_Day_Monthly,modis_sst_images/east_coast_aqua_day_2019_08_01.png,0.7165395617485046,0.7303002561841693,-0.013760694435664633,1.0,95.66508716338653,412788,10
2019-09-01,2019,9,East Coast,Aqua,Day,MODIS_Aqua_L3_SST_Thermal_4km_Day_Monthly,modis_sst_images/east_coast_aqua_day_2019_09_01.png,0.7238630056381226,0.7175907875810351,0.006272218057087442,1.0,91.62017112935223,413839,6
2019-10-01,2019,10,East Coast,Aqua,Day,MODIS_Aqua_L3_SST_Thermal_4km_Day_Monthly,modis_sst_images/east_coast_aqua_day_2019_10_01.png,0.7084659337997437,0.6955930728178757,0.012872860981867906,1.0,86.28227830670703,413939,4
2019-11-01,2019,11,East Coast,Aqua,Day,MODIS_Aqua_L3_SST_Thermal_4km_Day_Monthly,modis_sst_images/east_coast_aqua_day_2019_11_01.png,0.6572144627571106,0.6457763772744399,0.011438085482670668,1.0,79.65956362602957,408182,3
2019-12-01,2019,12,East Coast,Aqua,Day,MODIS_Aqua_L3_SST_Thermal_4km_Day_Monthly,modis_sst_images/east_coast_aqua_day_2019_12_01.png,0.6183031797409058,0.625066353724553,-0.0067631739836472304,1.0,74.15464637228007,406812,8
2020-01-01,2020,1,East Coast,Aqua,Day,MODIS_Aqua_L3_SST_Thermal_4km_Day_Monthly,modis_sst_images/east_coast_aqua_day_2020_01_01.png,0.5626489520072937,0.5480698538678033,0.014579098139490432,1.0,72.09723045460547,355979,7
2020-02-01,2020,2,East Coast,Aqua,Day,MODIS_Aqua_L3_SST_Thermal_4km_Day_Monthly,modis_sst_images/east_coast_aqua_day_2020_02_01.png,0.5431272387504578,0.5149934057678495,0.028133832982608298,1.0,72.16528640441683,405720,8
2020-03-01,2020,3,East Coast,Aqua,Day,MODIS_Aqua_L3_SST_Thermal_4km_Day_Monthly,modis_sst_images/east_coast_aqua_day_2020_03_01.png,0.5853164196014404,0.5161899072783334,0.06912651232310707,1.0,74.15957392153169,408751,2
2020-04-01,2020,4,East Coast,Aqua,Day,MODIS_Aqua_L3_SST_Thermal_4km_Day_Monthly,modis_sst_images/east_coast_aqua_day_2020_04_01.png,0.5942556262016296,0.5936003561530795,0.0006552700485501495,1.0,74.91776175207153,409481,8
2020-05-01,2020,5,East Coast,Aqua,Day,MODIS_Aqua_L3_SST_Thermal_4km_Day_Monthly,modis_sst_images/east_coast_aqua_day_2020_05_01.png,0.6217061281204224,0.6668138802051544,-0.045107752084732056,1.0,76.29624732817699,408429,12
2020-06-01,2020,6,East Coast,Aqua,Day,MODIS_Aqua_L3_SST_Thermal_4km_Day_Monthly,modis_sst_images/east_coast_aqua_day_2020_06_01.png,0.6891289949417114,0.7086095076340896,-0.01948051269237816,1.0,85.57494477212846,408761,9
2020-07-01,2020,7,East Coast,Aqua,Day,MODIS_Aqua_L3_SST_Thermal_4km_Day_Monthly,modis_sst_images/east_coast_aqua_day_2020_07_01.png,0.7530615329742432,0.7532834155218942,-0.0002218825476509867,1.0,95.38817395863167,412006,8
2020-08-01,2020,8,East Coast,Aqua,Day,MODIS_Aqua_L3_SST_Thermal_4km_Day_Monthly,modis_sst_images/east_coast_aqua_day_2020_08_01.png,0.7001234292984009,0.7303002561841693,-0.030176826885768393,1.0,96.94764701705762,408439,12
2020-09-01,2020,9,East Coast,Aqua,Day,MODIS_Aqua_L3_SST_Thermal_4km_Day_Monthly,modis_sst_images/east_coast_aqua_day_2020_09_01.png,0.6680106520652771,0.7175907875810351,-0.04958013551575802,1.0,91.43904772026784,413996,14
2020-10-01,2020,10,East Coast,Aqua,Day,MODIS_Aqua_L3_SST_Thermal_4km_Day_Monthly,modis_sst_images/east_coast_aqua_day_2020_10_01.png,0.6875041723251343,0.6955930728178757,-0.008088900492741469,1.0,86.85911193205658,414698,10
2020-11-01,2020,11,East Coast,Aqua,Day,MODIS_Aqua_L3_SST_Thermal_4km_Day_Monthly,modis_sst_images/east_coast_aqua_day_2020_11_01.png,0.6483760476112366,0.6457763772744399,0.0025996703367966445,1.0,79.26796919084985,414682,8
2020-12-01,2020,12,East Coast,Aqua,Day,MODIS_Aqua_L3_SST_Thermal_4km_Day_Monthly,modis_sst_images/east_coast_aqua_day_2020_12_01.png,0.599510669708252,0.625066353724553,-0.02555568401630104,1.0,73.68810496665236,398679,12
2021-01-01,2021,1,East Coast,Aqua,Day,MODIS_Aqua_L3_SST_Thermal_4km_Day_Monthly,modis_sst_images/east_coast_aqua_day_2021_01_01.png,0.5374338626861572,0.5480698538678033,-0.010635991181646043,1.0,71.88103845717812,396935,10
2021-02-01,2021,2,East Coast,Aqua,Day,MODIS_Aqua_L3_SST_Thermal_4km_Day_Monthly,modis_sst_images/east_coast_aqua_day_2021_02_01.png,0.49862009286880493,0.5149934057678495,-0.016373312899044534,1.0,71.58047818959861,394697,10
2021-03-01,2021,3,East Coast,Aqua,Day,MODIS_Aqua_L3_SST_Thermal_4km_Day_Monthly,modis_sst_images/east_coast_aqua_day_2021_03_01.png,0.4975223243236542,0.5161899072783334,-0.018667582954679185,1.0,71.1746567514068,411218,11
2021-04-01,2021,4,East Coast,Aqua,Day,MODIS_Aqua_L3_SST_Thermal_4km_Day_Monthly,modis_sst_images/east_coast_aqua_day_2021_04_01.png,0.541617751121521,0.5936003561530795,-0.05198260503155849,1.0,72.9565058983398,406216,12
2021-05-01,2021,5,East Coast,Aqua,Day,MODIS_Aqua_L3_SST_Thermal_4km_Day_Monthly,modis_sst_images/east_coast_aqua_day_2021_05_01.png,0.6350902318954468,0.6668138802051544,-0.03172364830970764,1.0,77.49864343643218,409122,11
2021-06-01,2021,6,East Coast,Aqua,Day,MODIS_Aqua_L3_SST_Thermal_4km_Day_Monthly,modis_sst_images/east_coast_aqua_day_2021_06_01.png,0.7597431540489197,0.7086095076340896,0.05113364641483009,1.0,88.82214856087606,409381,1
2021-07-01,2021,7,East Coast,Aqua,Day,MODIS_Aqua_L3_SST_Thermal_4km_Day_Monthly,modis_sst_images/east_coast_aqua_day_2021_07_01.png,0.7741329073905945,0.7532834155218942,0.02084949186870033,1.0,94.25290987291326,411530,4
2021-08-01,2021,8,East Coast,Aqua,Day,MODIS_Aqua_L3_SST_Thermal_4km_Day_Monthly,modis_sst_images/east_coast_aqua_day_2021_08_01.png,0.767252504825592,0.7303002561841693,0.03695224864142277,1.0,97.20461304127076,413610,2
2021-09-01,2021,9,East Coast,Aqua,Day,MODIS_Aqua_L3_SST_Thermal_4km_Day_Monthly,modis_sst_images/east_coast_aqua_day_2021_09_01.png,0.7320063710212708,0.7175907875810351,0.014415583440235635,1.0,93.97823114157475,414629,3
2021-10-01,2021,10,East Coast,Aqua,Day,MODIS_Aqua_L3_SST_Thermal_4km_Day_Monthly,modis_sst_images/east_coast_aqua_day_2021_10_01.png,0.7212352156639099,0.6955930728178757,0.025642142846034166,1.0,89.02894153905422,415320,1
2021-11-01,2021,11,East Coast,Aqua,Day,MODIS_Aqua_L3_SST_Thermal_4km_Day_Monthly,modis_sst_images/east_coast_aqua_day_2021_11_01.png,0.6499661207199097,0.6457763772744399,0.00418974344546974,1.0,80.43473525489446,413171,5
2021-12-01,2021,12,East Coast,Aqua,Day,MODIS_Aqua_L3_SST_Thermal_4km_Day_Monthly,modis_sst_images/east_coast_aqua_day_2021_12_01.png,0.6368435025215149,0.625066353724553,0.0117771487969619,1.0,75.97126428401309,411474,6
2022-01-01,2022,1,East Coast,Aqua,Day,MODIS_Aqua_L3_SST_Thermal_4km_Day_Monthly,modis_sst_images/east_coast_aqua_day_2022_01_01.png,0.6102954745292664,0.5480698538678033,0.06222562066146309,1.0,74.16805046449338,389026,2
2022-02-01,2022,2,East Coast,Aqua,Day,MODIS_Aqua_L3_SST_Thermal_4km_Day_Monthly,modis_sst_images/east_coast_aqua_day_2022_02_01.png,0.5532248020172119,0.5149934057678495,0.03823139624936245,1.0,72.57582912743622,406572,6
2022-03-01,2022,3,East Coast,Aqua,Day,MODIS_Aqua_L3_SST_Thermal_4km_Day_Monthly,modis_sst_images/east_coast_aqua_day_2022_03_01.png,0.5898900628089905,0.5161899072783334,0.07370015553065712,1.0,74.89647704936424,410054,1
2022-04-01,2022,4,East Coast,Aqua,Day,MODIS_Aqua_L3_SST_Thermal_4km_Day_Monthly,modis_sst_images/east_coast_aqua_day_2022_04_01.png,0.6521283388137817,0.5936003561530795,0.05852798266070225,1.0,77.30638123453203,385474,1
2022-05-01,2022,5,East Coast,Aqua,Day,MODIS_Aqua_L3_SST_Thermal_4km_Day_Monthly,modis_sst_images/east_coast_aqua_day_2022_05_01.png,0.7055533528327942,0.6668138802051544,0.03873947262763977,1.0,82.19979422860223,408220,3
2022-06-01,2022,6,East Coast,Aqua,Day,MODIS_Aqua_L3_SST_Thermal_4km_Day_Monthly,modis_sst_images/east_coast_aqua_day_2022_06_01.png,0.7300835847854614,0.7086095076340896,0.02147407715137184,1.0,88.35519613147902,410286,4
2022-07-01,2022,7,East Coast,Aqua,Day,MODIS_Aqua_L3_SST_Thermal_4km_Day_Monthly,modis_sst_images/east_coast_aqua_day_2022_07_01.png,0.7646676898002625,0.7532834155218942,0.0113842742783683,1.0,94.60757426164966,410205,6
2022-08-01,2022,8,East Coast,Aqua,Day,MODIS_Aqua_L3_SST_Thermal_4km_Day_Monthly,modis_sst_images/east_coast_aqua_day_2022_08_01.png,0.7294912338256836,0.7303002561841693,-0.0008090223584856782,1.0,97.69941319206119,413764,8
2022-09-01,2022,9,East Coast,Aqua,Day,MODIS_Aqua_L3_SST_Thermal_4km_Day_Monthly,modis_sst_images/east_coast_aqua_day_2022_09_01.png,0.7173256278038025,0.7175907875810351,-0.0002651597772326264,1.0,94.54260424957191,414630,8
2022-10-01,2022,10,East Coast,Aqua,Day,MODIS_Aqua_L3_SST_Thermal_4km_Day_Monthly,modis_sst_images/east_coast_aqua_day_2022_10_01.png,0.6699020862579346,0.6955930728178757,-0.025690986559941176,1.0,84.16859592530939,415099,13
2023-01-01,2023,1,East Coast,Aqua,Day,MODIS_Aqua_L3_SST_Thermal_4km_Day_Monthly,modis_sst_images/east_coast_aqua_day_2023_01_01.png,0.5820454955101013,0.5480698538678033,0.03397564164229805,1.0,73.52952739460117,406978,4
2023-02-01,2023,2,East Coast,Aqua,Day,MODIS_Aqua_L3_SST_Thermal_4km_Day_Monthly,modis_sst_images/east_coast_aqua_day_2023_02_01.png,0.5553832650184631,0.5149934057678495,0.04038985925061367,1.0,74.05612917720839,409484,4
2023-03-01,2023,3,East Coast,Aqua,Day,MODIS_Aqua_L3_SST_Thermal_4km_Day_Monthly,modis_sst_images/east_coast_aqua_day_2023_03_01.png,0.5587922930717468,0.5161899072783334,0.042602385793413466,1.0,73.7887956750965,410645,4
2023-04-01,2023,4,East Coast,Aqua,Day,MODIS_Aqua_L3_SST_Thermal_4km_Day_Monthly,modis_sst_images/east_coast_aqua_day_2023_04_01.png,0.6152533888816833,0.5936003561530795,0.02165303272860386,1.0,76.22612614370159,410072,6
2023-05-01,2023,5,East Coast,Aqua,Day,MODIS_Aqua_L3_SST_Thermal_4km_Day_Monthly,modis_sst_images/east_coast_aqua_day_2023_05_01.png,0.6024267077445984,0.6668138802051544,-0.06438717246055603,1.0,77.43884716370519,409425,14
2023-07-01,2023,7,East Coast,Aqua,Day,MODIS_Aqua_L3_SST_Thermal_4km_Day_Monthly,modis_sst_images/east_coast_aqua_day_2023_07_01.png,0.729703962802887,0.7532834155218942,-0.023579452719007188,1.0,96.20420756290672,418437,11
2023-08-01,2023,8,East Coast,Aqua,Day,MODIS_Aqua_L3_SST_Thermal_4km_Day_Monthly,modis_sst_images/east_coast_aqua_day_2023_08_01.png,0.6789661049842834,0.7303002561841693,-0.051334151199885825,1.0,95.37079823220654,421995,14
2023-09-01,2023,9,East Coast,Aqua,Day,MODIS_Aqua_L3_SST_Thermal_4km_Day_Monthly,modis_sst_images/east_coast_aqua_day_2023_09_01.png,0.7097234129905701,0.7175907875810351,-0.007867374590465048,1.0,92.5421942163764,426895,11
2023-11-01,2023,11,East Coast,Aqua,Day,MODIS_Aqua_L3_SST_Thermal_4km_Day_Monthly,modis_sst_images/east_coast_aqua_day_2023_11_01.png,0.6372685432434082,0.6457763772744399,-0.008507834031031725,1.0,78.128040101788,417338,10
2023-12-01,2023,12,East Coast,Aqua,Day,MODIS_Aqua_L3_SST_Thermal_4km_Day_Monthly,modis_sst_images/east_coast_aqua_day_2023_12_01.png,0.6074823141098022,0.625066353724553,-0.017584039614750746,1.0,74.04348015721092,412694,11
2010-01-01,2010,1,East Coast,Aqua,Night,MODIS_Aqua_L3_SST_Thermal_4km_Night_Monthly,modis_sst_images/east_coast_aqua_night_2010_01_01.png,0.45159822702407837,0.5386568262026861,-0.0870585991786077,1.0,65.26523935729666,386368,12
2010-02-01,2010,2,East Coast,Aqua,Night,MODIS_Aqua_L3_SST_Thermal_4km_Night_Monthly,modis_sst_images/east_coast_aqua_night_2010_02_01.png,0.3843962848186493,0.4991865945713861,-0.1147903097527368,1.0,58.445740315328585,356517,13
2010-03-01,2010,3,East Coast,Aqua,Night,MODIS_Aqua_L3_SST_Thermal_4km_Night_Monthly,modis_sst_images/east_coast_aqua_night_2010_03_01.png,0.2740069627761841,0.4850733918803079,-0.21106642910412382,1.0,51.856063742225814,410654,14
2010-04-01,2010,4,East Coast,Aqua,Night,MODIS_Aqua_L3_SST_Thermal_4km_Night_Monthly,modis_sst_images/east_coast_aqua_night_2010_04_01.png,0.43931204080581665,0.560937130025455,-0.12162508921963833,1.0,69.1594469822729,412645,14
2010-05-01,2010,5,East Coast,Aqua,Night,MODIS_Aqua_L3_SST_Thermal_4km_Night_Monthly,modis_sst_images/east_coast_aqua_night_2010_05_01.png,0.5968502759933472,0.6601552665233612,-0.06330499053001404,1.0,75.74308785014183,413511,13
2010-06-01,2010,6,East Coast,Aqua,Night,MODIS_Aqua_L3_SST_Thermal_4km_Night_Monthly,modis_sst_images/east_coast_aqua_night_2010_06_01.png,0.7200814485549927,0.7112020941881033,0.008879354366889358,1.0,87.38856125649377,412895,7
2010-07-01,2010,7,East Coast,Aqua,Night,MODIS_Aqua_L3_SST_Thermal_4km_Night_Monthly,modis_sst_images/east_coast_aqua_night_2010_07_01.png,0.789655864238739,0.7703594437667302,0.019296420472008857,1.0,94.17180666959342,412289,3
2010-08-01,2010,8,East Coast,Aqua,Night,MODIS_Aqua_L3_SST_Thermal_4km_Night_Monthly,modis_sst_images/east_coast_aqua_night_2010_08_01.png,0.7511768341064453,0.754906918321337,-0.003730084214891738,1.0,94.56890238283466,412366,10
2010-09-01,2010,9,East Coast,Aqua,Night,MODIS_Aqua_L3_SST_Thermal_4km_Night_Monthly,modis_sst_images/east_coast_aqua_night_2010_09_01.png,0.7406407594680786,0.7381757157189506,0.0024650437491280375,1.0,90.92961031169258,413356,8
2010-10-01,2010,10,East Coast,Aqua,Night,MODIS_Aqua_L3_SST_Thermal_4km_Night_Monthly,modis_sst_images/east_coast_aqua_night_2010_10_01.png,0.6921230554580688,0.6966086838926587,-0.004485628434589883,1.0,83.69959823805605,413180,12
2010-11-01,2010,11,East Coast,Aqua,Night,MODIS_Aqua_L3_SST_Thermal_4km_Night_Monthly,modis_sst_images/east_coast_aqua_night_2010_11_01.png,0.6455285549163818,0.6528635493346623,-0.007334994418280449,1.0,77.8636135865667,407108,12
2010-12-01,2010,12,East Coast,Aqua,Night,MODIS_Aqua_L3_SST_Thermal_4km_Night_Monthly,modis_sst_images/east_coast_aqua_night_2010_12_01.png,0.5200977325439453,0.6190474721101614,-0.09894973956621611,1.0,71.12604541611948,376166,13
2011-01-01,2011,1,East Coast,Aqua,Night,MODIS_Aqua_L3_SST_Thermal_4km_Night_Monthly,modis_sst_images/east_coast_aqua_night_2011_01_01.png,0.3550291657447815,0.5386568262026861,-0.18362766045790457,1.0,61.069204398056186,380077,13
2011-02-01,2011,2,East Coast,Aqua,Night,MODIS_Aqua_L3_SST_Thermal_4km_Night_Monthly,modis_sst_images/east_coast_aqua_night_2011_02_01.png,0.34054040908813477,0.4991865945713861,-0.15864618548325132,1.0,54.764928823272406,393668,14
2011-03-01,2011,3,East Coast,Aqua,Night,MODIS_Aqua_L3_SST_Thermal_4km_Night_Monthly,modis_sst_images/east_coast_aqua_night_2011_03_01.png,0.3781225383281708,0.4850733918803079,-0.10695085355213713,1.0,56.902770825358495,407532,12
2011-04-01,2011,4,East Coast,Aqua,Night,MODIS_Aqua_L3_SST_Thermal_4km_Night_Monthly,modis_sst_images/east_coast_aqua_night_2011_04_01.png,0.5444663763046265,0.560937130025455,-0.016470753720828513,1.0,71.76916573884358,410459,10
2011-05-01,2011,5,East Coast,Aqua,Night,MODIS_Aqua_L3_SST_Thermal_4km_Night_Monthly,modis_sst_images/east_coast_aqua_night_2011_05_01.png,0.699767529964447,0.6601552665233612,0.039612263441085815,1.0,79.6961803215617,408071,4
2011-06-01,2011,6,East Coast,Aqua,Night,MODIS_Aqua_L3_SST_Thermal_4km_Night_Monthly,modis_sst_images/east_coast_aqua_night_2011_06_01.png,0.7305054068565369,0.7112020941881033,0.019303312668433548,1.0,85.52987149328305,411496,5
2011-07-01,2011,7,East Coast,Aqua,Night,MODIS_Aqua_L3_SST_Thermal_4km_Night_Monthly,modis_sst_images/east_coast_aqua_night_2011_07_01.png,0.7730086445808411,0.7703594437667302,0.002649200814110908,1.0,92.12618508019558,411681,7
2011-08-01,2011,8,East Coast,Aqua,Night,MODIS_Aqua_L3_SST_Thermal_4km_Night_Monthly,modis_sst_images/east_coast_aqua_night_2011_08_01.png,0.7515218257904053,0.754906918321337,-0.003385092530931777,1.0,93.65105536898513,412415,9
2011-09-01,2011,9,East Coast,Aqua,Night,MODIS_Aqua_L3_SST_Thermal_4km_Night_Monthly,modis_sst_images/east_coast_aqua_night_2011_09_01.png,0.7515389919281006,0.7381757157189506,0.01336327620915001,1.0,91.7251561062975,413180,4
2011-10-01,2011,10,East Coast,Aqua,Night,MODIS_Aqua_L3_SST_Thermal_4km_Night_Monthly,modis_sst_images/east_coast_aqua_night_2011_10_01.png,0.6968497037887573,0.6966086838926587,0.0002410198960985932,1.0,84.71956440014067,412305,10
2011-11-01,2011,11,East Coast,Aqua,Night,MODIS_Aqua_L3_SST_Thermal_4km_Night_Monthly,modis_sst_images/east_coast_aqua_night_2011_11_01.png,0.6544983386993408,0.6528635493346623,0.001634789364678535,1.0,78.00966282244868,411267,7
2011-12-01,2011,12,East Coast,Aqua,Night,MODIS_Aqua_L3_SST_Thermal_4km_Night_Monthly,modis_sst_images/east_coast_aqua_night_2011_12_01.png,0.6118326187133789,0.6190474721101614,-0.007214853396782517,1.0,74.79564822021881,396987,8
2012-01-01,2012,1,East Coast,Aqua,Night,MODIS_Aqua_L3_SST_Thermal_4km_Night_Monthly,modis_sst_images/east_coast_aqua_night_2012_01_01.png,0.5035775303840637,0.5386568262026861,-0.03507929581862235,1.0,71.86260347728269,403591,11
2012-02-01,2012,2,East Coast,Aqua,Night,MODIS_Aqua_L3_SST_Thermal_4km_Night_Monthly,modis_sst_images/east_coast_aqua_night_2012_02_01.png,0.46154293417930603,0.4991865945713861,-0.03764366039208006,1.0,70.76373331729589,399066,12
2012-03-01,2012,3,East Coast,Aqua,Night,MODIS_Aqua_L3_SST_Thermal_4km_Night_Monthly,modis_sst_images/east_coast_aqua_night_2012_03_01.png,0.5047167539596558,0.4850733918803079,0.01964336207934786,1.0,73.33680073690428,411451,8
2012-04-01,2012,4,East Coast,Aqua,Night,MODIS_Aqua_L3_SST_Thermal_4km_Night_Monthly,modis_sst_images/east_coast_aqua_night_2012_04_01.png,0.5382261872291565,0.560937130025455,-0.022710942796298483,1.0,74.81089460235187,412865,11
2012-05-01,2012,5,East Coast,Aqua,Night,MODIS_Aqua_L3_SST_Thermal_4km_Night_Monthly,modis_sst_images/east_coast_aqua_night_2012_05_01.png,0.6438890695571899,0.6601552665233612,-0.016266196966171265,1.0,78.8987398576124,412255,9
2012-06-01,2012,6,East Coast,Aqua,Night,MODIS_Aqua_L3_SST_Thermal_4km_Night_Monthly,modis_sst_images/east_coast_aqua_night_2012_06_01.png,0.7489785552024841,0.7112020941881033,0.03777646101438081,1.0,86.98248609844647,413443,2
2012-07-01,2012,7,East Coast,Aqua,Night,MODIS_Aqua_L3_SST_Thermal_4km_Night_Monthly,modis_sst_images/east_coast_aqua_night_2012_07_01.png,0.8141413927078247,0.7703594437667302,0.04378194894109455,1.0,94.46360580136994,412868,2
2012-08-01,2012,8,East Coast,Aqua,Night,MODIS_Aqua_L3_SST_Thermal_4km_Night_Monthly,modis_sst_images/east_coast_aqua_night_2012_08_01.png,0.79790198802948,0.754906918321337,0.04299506970814293,1.0,96.66372201162005,412046,1
2012-09-01,2012,9,East Coast,Aqua,Night,MODIS_Aqua_L3_SST_Thermal_4km_Night_Monthly,modis_sst_images/east_coast_aqua_night_2012_09_01.png,0.7756746411323547,0.7381757157189506,0.03749892541340416,1.0,93.43206103166806,412245,1
2012-10-01,2012,10,East Coast,Aqua,Night,MODIS_Aqua_L3_SST_Thermal_4km_Night_Monthly,modis_sst_images/east_coast_aqua_night_2012_10_01.png,0.7004398107528687,0.6966086838926587,0.0038311268602099213,1.0,86.14142364757846,412279,6
2012-11-01,2012,11,East Coast,Aqua,Night,MODIS_Aqua_L3_SST_Thermal_4km_Night_Monthly,modis_sst_images/east_coast_aqua_night_2012_11_01.png,0.6316965818405151,0.6528635493346623,-0.02116696749414715,1.0,76.72875689502769,405002,14
2012-12-01,2012,12,East Coast,Aqua,Night,MODIS_Aqua_L3_SST_Thermal_4km_Night_Monthly,modis_sst_images/east_coast_aqua_night_2012_12_01.png,0.6214093565940857,0.6190474721101614,0.0023618844839242703,1.0,74.7541156182952,398968,7
2013-01-01,2013,1,East Coast,Aqua,Night,MODIS_Aqua_L3_SST_Thermal_4km_Night_Monthly,modis_sst_images/east_coast_aqua_night_2013_01_01.png,0.526511013507843,0.5386568262026861,-0.01214581269484305,1.0,72.68955722223606,401330,10
2013-02-01,2013,2,East Coast,Aqua,Night,MODIS_Aqua_L3_SST_Thermal_4km_Night_Monthly,modis_sst_images/east_coast_aqua_night_2013_02_01.png,0.4856879413127899,0.4991865945713861,-0.013498653258596172,1.0,70.45302855629899,362582,9
2013-03-01,2013,3,East Coast,Aqua,Night,MODIS_Aqua_L3_SST_Thermal_4km_Night_Monthly,modis_sst_images/east_coast_aqua_night_2013_03_01.png,0.37137240171432495,0.4850733918803079,-0.11370099016598295,1.0,59.010818465593964,397561,13
2013-04-01,2013,4,East Coast,Aqua,Night,MODIS_Aqua_L3_SST_Thermal_4km_Night_Monthly,modis_sst_images/east_coast_aqua_night_2013_04_01.png,0.47914204001426697,0.560937130025455,-0.08179509001118801,1.0,67.38357534476592,410931,13
2013-05-01,2013,5,East Coast,Aqua,Night,MODIS_Aqua_L3_SST_Thermal_4km_Night_Monthly,modis_sst_images/east_coast_aqua_night_2013_05_01.png,0.6360944509506226,0.6601552665233612,-0.024060815572738647,1.0,78.28558959376402,412445,10
2013-06-01,2013,6,East Coast,Aqua,Night,MODIS_Aqua_L3_SST_Thermal_4km_Night_Monthly,modis_sst_images/east_coast_aqua_night_2013_06_01.png,0.6983727216720581,0.7112020941881033,-0.012829372516045212,1.0,83.73873688441822,412963,8
2013-07-01,2013,7,East Coast,Aqua,Night,MODIS_Aqua_L3_SST_Thermal_4km_Night_Monthly,modis_sst_images/east_coast_aqua_night_2013_07_01.png,0.8298835754394531,0.7703594437667302,0.05952413167272297,1.0,95.46563618876542,408613,1
2013-08-01,2013,8,East Coast,Aqua,Night,MODIS_Aqua_L3_SST_Thermal_4km_Night_Monthly,modis_sst_images/east_coast_aqua_night_2013_08_01.png,0.759499192237854,0.754906918321337,0.0045922739165169535,1.0,93.73895762393515,412615,5
2013-09-01,2013,9,East Coast,Aqua,Night,MODIS_Aqua_L3_SST_Thermal_4km_Night_Monthly,modis_sst_images/east_coast_aqua_night_2013_09_01.png,0.7178388833999634,0.7381757157189506,-0.020336832318987197,1.0,90.59324351468891,413203,13
2013-10-01,2013,10,East Coast,Aqua,Night,MODIS_Aqua_L3_SST_Thermal_4km_Night_Monthly,modis_sst_images/east_coast_aqua_night_2013_10_01.png,0.7012654542922974,0.6966086838926587,0.004656770399638632,1.0,86.20990765693107,412267,5
2013-11-01,2013,11,East Coast,Aqua,Night,MODIS_Aqua_L3_SST_Thermal_4km_Night_Monthly,modis_sst_images/east_coast_aqua_night_2013_11_01.png,0.637275755405426,0.6528635493346623,-0.01558779392923626,1.0,77.2819677544151,405823,13
2013-12-01,2013,12,East Coast,Aqua,Night,MODIS_Aqua_L3_SST_Thermal_4km_Night_Monthly,modis_sst_images/east_coast_aqua_night_2013_12_01.png,0.6378728151321411,0.6190474721101614,0.01882534302197969,1.0,75.43201892825432,389682,3
2014-01-01,2014,1,East Coast,Aqua,Night,MODIS_Aqua_L3_SST_Thermal_4km_Night_Monthly,modis_sst_images/east_coast_aqua_night_2014_01_01.png,0.5538338422775269,0.5386568262026861,0.015177016074840788,1.0,72.31088607333466,387293,7
2014-02-01,2014,2,East Coast,Aqua,Night,MODIS_Aqua_L3_SST_Thermal_4km_Night_Monthly,modis_sst_images/east_coast_aqua_night_2014_02_01.png,0.5428300499916077,0.4991865945713861,0.04364345542022158,1.0,73.29136738318005,377290,5
2014-03-01,2014,3,East Coast,Aqua,Night,MODIS_Aqua_L3_SST_Thermal_4km_Night_Monthly,modis_sst_images/east_coast_aqua_night_2014_03_01.png,0.5379387140274048,0.4850733918803079,0.05286532214709688,1.0,74.07816223143308,399528,5
2014-04-01,2014,4,East Coast,Aqua,Night,MODIS_Aqua_L3_SST_Thermal_4km_Night_Monthly,modis_sst_images/east_coast_aqua_night_2014_04_01.png,0.5814040303230286,0.560937130025455,0.020466900297573587,1.0,75.06851250520695,410509,7
2014-05-01,2014,5,East Coast,Aqua,Night,MODIS_Aqua_L3_SST_Thermal_4km_Night_Monthly,modis_sst_images/east_coast_aqua_night_2014_05_01.png,0.6993904709815979,0.6601552665233612,0.039235204458236694,1.0,80.8994200819423,411265,5
2014-06-01,2014,6,East Coast,Aqua,Night,MODIS_Aqua_L3_SST_Thermal_4km_Night_Monthly,modis_sst_images/east_coast_aqua_night_2014_06_01.png,0.7433977127075195,0.7112020941881033,0.032195618519416214,1.0,86.33682527456993,410278,4
2014-07-01,2014,7,East Coast,Aqua,Night,MODIS_Aqua_L3_SST_Thermal_4km_Night_Monthly,modis_sst_images/east_coast_aqua_night_2014_07_01.png,0.7629356384277344,0.7703594437667302,-0.007423805338995781,1.0,92.11224858249813,409876,8
2014-08-01,2014,8,East Coast,Aqua,Night,MODIS_Aqua_L3_SST_Thermal_4km_Night_Monthly,modis_sst_images/east_coast_aqua_night_2014_08_01.png,0.7543696761131287,0.754906918321337,-0.0005372422082083883,1.0,93.30438175371931,412643,8
2014-09-01,2014,9,East Coast,Aqua,Night,MODIS_Aqua_L3_SST_Thermal_4km_Night_Monthly,modis_sst_images/east_coast_aqua_night_2014_09_01.png,0.7339237332344055,0.7381757157189506,-0.004251982484545058,1.0,91.35350179666237,412988,10
2014-10-01,2014,10,East Coast,Aqua,Night,MODIS_Aqua_L3_SST_Thermal_4km_Night_Monthly,modis_sst_images/east_coast_aqua_night_2014_10_01.png,0.6990966796875,0.6966086838926587,0.002487995794841269,1.0,86.21915653173595,413175,7
2014-11-01,2014,11,East Coast,Aqua,Night,MODIS_Aqua_L3_SST_Thermal_4km_Night_Monthly,modis_sst_images/east_coast_aqua_night_2014_11_01.png,0.661129891872406,0.6528635493346623,0.00826634253774372,1.0,79.78828986085482,401020,4
2014-12-01,2014,12,East Coast,Aqua,Night,MODIS_Aqua_L3_SST_Thermal_4km_Night_Monthly,modis_sst_images/east_coast_aqua_night_2014_12_01.png,0.6370757222175598,0.6190474721101614,0.01802825010739839,1.0,74.79000303244719,395720,4
2015-01-01,2015,1,East Coast,Aqua,Night,MODIS_Aqua_L3_SST_Thermal_4km_Night_Monthly,modis_sst_images/east_coast_aqua_night_2015_01_01.png,0.6264008283615112,0.5386568262026861,0.08774400215882516,1.0,75.6897263922255,367972,1
2015-02-01,2015,2,East Coast,Aqua,Night,MODIS_Aqua_L3_SST_Thermal_4km_Night_Monthly,modis_sst_images/east_coast_aqua_night_2015_02_01.png,0.5653707981109619,0.4991865945713861,0.06618420353957583,1.0,75.20214988835049,334529,2
2015-03-01,2015,3,East Coast,Aqua,Night,MODIS_Aqua_L3_SST_Thermal_4km_Night_Monthly,modis_sst_images/east_coast_aqua_night_2015_03_01.png,0.555774986743927,0.4850733918803079,0.0707015948636191,1.0,73.36811083635378,383773,2
2015-04-01,2015,4,East Coast,Aqua,Night,MODIS_Aqua_L3_SST_Thermal_4km_Night_Monthly,modis_sst_images/east_coast_aqua_night_2015_04_01.png,0.5977533459663391,0.560937130025455,0.036816215940884134,1.0,75.23953298676633,410695,4
2015-05-01,2015,5,East Coast,Aqua,Night,MODIS_Aqua_L3_SST_Thermal_4km_Night_Monthly,modis_sst_images/east_coast_aqua_night_2015_05_01.png,0.7218942046165466,0.6601552665233612,0.061738938093185425,1.0,81.84987914701182,410416,1
2015-06-01,2015,6,East Coast,Aqua,Night,MODIS_Aqua_L3_SST_Thermal_4km_Night_Monthly,modis_sst_images/east_coast_aqua_night_2015_06_01.png,0.7438685894012451,0.7112020941881033,0.0326664952131418,1.0,87.72464097803675,408819,3
2015-07-01,2015,7,East Coast,Aqua,Night,MODIS_Aqua_L3_SST_Thermal_4km_Night_Monthly,modis_sst_images/east_coast_aqua_night_2015_07_01.png,0.7479681372642517,0.7703594437667302,-0.022391306502478447,1.0,91.8516252315776,411849,11
2015-08-01,2015,8,East Coast,Aqua,Night,MODIS_Aqua_L3_SST_Thermal_4km_Night_Monthly,modis_sst_images/east_coast_aqua_night_2015_08_01.png,0.7646524310112,0.754906918321337,0.0097455126898629,1.0,95.51751172990987,411981,4
2015-09-01,2015,9,East Coast,Aqua,Night,MODIS_Aqua_L3_SST_Thermal_4km_Night_Monthly,modis_sst_images/east_coast_aqua_night_2015_09_01.png,0.7423251867294312,0.7381757157189506,0.0041494710104805765,1.0,93.57772403893404,413109,7
2015-10-01,2015,10,East Coast,Aqua,Night,MODIS_Aqua_L3_SST_Thermal_4km_Night_Monthly,modis_sst_images/east_coast_aqua_night_2015_10_01.png,0.6976007223129272,0.6966086838926587,0.000992038420268515,1.0,85.40234758276502,412765,8
2015-11-01,2015,11,East Coast,Aqua,Night,MODIS_Aqua_L3_SST_Thermal_4km_Night_Monthly,modis_sst_images/east_coast_aqua_night_2015_11_01.png,0.6663239598274231,0.6528635493346623,0.01346041049276081,1.0,82.15691737429289,412765,2
2015-12-01,2015,12,East Coast,Aqua,Night,MODIS_Aqua_L3_SST_Thermal_4km_Night_Monthly,modis_sst_images/east_coast_aqua_night_2015_12_01.png,0.6659693717956543,0.6190474721101614,0.046921899685492874,1.0,77.63054362480015,399062,2
2016-01-01,2016,1,East Coast,Aqua,Night,MODIS_Aqua_L3_SST_Thermal_4km_Night_Monthly,modis_sst_images/east_coast_aqua_night_2016_01_01.png,0.5871230959892273,0.5386568262026861,0.04846626978654123,1.0,72.03642952930875,360916,3
2016-02-01,2016,2,East Coast,Aqua,Night,MODIS_Aqua_L3_SST_Thermal_4km_Night_Monthly,modis_sst_images/east_coast_aqua_night_2016_02_01.png,0.47641268372535706,0.4991865945713861,-0.022773910846029033,1.0,69.98425244541352,396252,10
2016-03-01,2016,3,East Coast,Aqua,Night,MODIS_Aqua_L3_SST_Thermal_4km_Night_Monthly,modis_sst_images/east_coast_aqua_night_2016_03_01.png,0.5014700889587402,0.4850733918803079,0.016396697078432332,1.0,71.96589087022011,411620,9
2016-04-01,2016,4,East Coast,Aqua,Night,MODIS_Aqua_L3_SST_Thermal_4km_Night_Monthly,modis_sst_images/east_coast_aqua_night_2016_04_01.png,0.5939765572547913,0.560937130025455,0.03303942722933628,1.0,76.07357045522448,411687,5
2016-05-01,2016,5,East Coast,Aqua,Night,MODIS_Aqua_L3_SST_Thermal_4km_Night_Monthly,modis_sst_images/east_coast_aqua_night_2016_05_01.png,0.7019991278648376,0.6601552665233612,0.04184386134147644,1.0,79.9078600521382,411982,3
2016-06-01,2016,6,East Coast,Aqua,Night,MODIS_Aqua_L3_SST_Thermal_4km_Night_Monthly,modis_sst_images/east_coast_aqua_night_2016_06_01.png,0.6755757331848145,0.7112020941881033,-0.035626361003288864,1.0,82.95944477124894,413091,10
2016-07-01,2016,7,East Coast,Aqua,Night,MODIS_Aqua_L3_SST_Thermal_4km_Night_Monthly,modis_sst_images/east_coast_aqua_night_2016_07_01.png,0.7284203767776489,0.7703594437667302,-0.04193906698908123,1.0,92.71651594363884,414115,14
2016-08-01,2016,8,East Coast,Aqua,Night,MODIS_Aqua_L3_SST_Thermal_4km_Night_Monthly,modis_sst_images/east_coast_aqua_night_2016_08_01.png,0.7338435649871826,0.754906918321337,-0.021063353334154433,1.0,95.44279742462084,413609,12
2016-09-01,2016,9,East Coast,Aqua,Night,MODIS_Aqua_L3_SST_Thermal_4km_Night_Monthly,modis_sst_images/east_coast_aqua_night_2016_09_01.png,0.7466514110565186,0.7381757157189506,0.008475695337567979,1.0,94.19594231523301,413142,5
2016-10-01,2016,10,East Coast,Aqua,Night,MODIS_Aqua_L3_SST_Thermal_4km_Night_Monthly,modis_sst_images/east_coast_aqua_night_2016_10_01.png,0.7041888236999512,0.6966086838926587,0.007580139807292441,1.0,86.28437841127544,414068,4
2016-11-01,2016,11,East Coast,Aqua,Night,MODIS_Aqua_L3_SST_Thermal_4km_Night_Monthly,modis_sst_images/east_coast_aqua_night_2016_11_01.png,0.6612647771835327,0.6528635493346623,0.00840122784887043,1.0,79.84300656678856,406896,3
2016-12-01,2016,12,East Coast,Aqua,Night,MODIS_Aqua_L3_SST_Thermal_4km_Night_Monthly,modis_sst_images/east_coast_aqua_night_2016_12_01.png,0.6086286306381226,0.6190474721101614,-0.010418841472038864,1.0,74.55111654721178,390803,10
2017-01-01,2017,1,East Coast,Aqua,Night,MODIS_Aqua_L3_SST_Thermal_4km_Night_Monthly,modis_sst_images/east_coast_aqua_night_2017_01_01.png,0.5719698071479797,0.5386568262026861,0.03331298094529367,1.0,73.31736022026443,388987,5
2017-02-01,2017,2,East Coast,Aqua,Night,MODIS_Aqua_L3_SST_Thermal_4km_Night_Monthly,modis_sst_images/east_coast_aqua_night_2017_02_01.png,0.5328166484832764,0.4991865945713861,0.03363005391189028,1.0,72.48265828504466,402786,8
2017-03-01,2017,3,East Coast,Aqua,Night,MODIS_Aqua_L3_SST_Thermal_4km_Night_Monthly,modis_sst_images/east_coast_aqua_night_2017_03_01.png,0.5166221857070923,0.4850733918803079,0.03154879382678438,1.0,71.49744690570866,407153,7
2017-04-01,2017,4,East Coast,Aqua,Night,MODIS_Aqua_L3_SST_Thermal_4km_Night_Monthly,modis_sst_images/east_coast_aqua_night_2017_04_01.png,0.6127269268035889,0.560937130025455,0.05178979677813389,1.0,75.29544462232572,412260,3
2017-05-01,2017,5,East Coast,Aqua,Night,MODIS_Aqua_L3_SST_Thermal_4km_Night_Monthly,modis_sst_images/east_coast_aqua_night_2017_05_01.png,0.6614338159561157,0.6601552665233612,0.0012785494327545166,1.0,76.68852077433371,412432,8
2017-06-01,2017,6,East Coast,Aqua,Night,MODIS_Aqua_L3_SST_Thermal_4km_Night_Monthly,modis_sst_images/east_coast_aqua_night_2017_06_01.png,0.6740189790725708,0.7112020941881033,-0.03718311511553252,1.0,82.93201424652493,413013,11
2017-07-01,2017,7,East Coast,Aqua,Night,MODIS_Aqua_L3_SST_Thermal_4km_Night_Monthly,modis_sst_images/east_coast_aqua_night_2017_07_01.png,0.7416594624519348,0.7703594437667302,-0.028699981314795342,1.0,92.4590674356548,411103,12
2017-08-01,2017,8,East Coast,Aqua,Night,MODIS_Aqua_L3_SST_Thermal_4km_Night_Monthly,modis_sst_images/east_coast_aqua_night_2017_08_01.png,0.7332474589347839,0.754906918321337,-0.021659459386553115,1.0,93.779583579359,413236,13
2017-09-01,2017,9,East Coast,Aqua,Night,MODIS_Aqua_L3_SST_Thermal_4km_Night_Monthly,modis_sst_images/east_coast_aqua_night_2017_09_01.png,0.7316252589225769,0.7381757157189506,-0.0065504567963736715,1.0,91.63551537280131,414108,11
2017-10-01,2017,10,East Coast,Aqua,Night,MODIS_Aqua_L3_SST_Thermal_4km_Night_Monthly,modis_sst_images/east_coast_aqua_night_2017_10_01.png,0.7152208685874939,0.6966086838926587,0.018612184694835165,1.0,86.7351630216475,413258,2
2017-11-01,2017,11,East Coast,Aqua,Night,MODIS_Aqua_L3_SST_Thermal_4km_Night_Monthly,modis_sst_images/east_coast_aqua_night_2017_11_01.png,0.6456528902053833,0.6528635493346623,-0.0072106591292789846,1.0,78.69095983798069,411309,11
2017-12-01,2017,12,East Coast,Aqua,Night,MODIS_Aqua_L3_SST_Thermal_4km_Night_Monthly,modis_sst_images/east_coast_aqua_night_2017_12_01.png,0.6668811440467834,0.6190474721101614,0.047833671936622024,1.0,77.69631927026361,377561,1
2018-01-01,2018,1,East Coast,Aqua,Night,MODIS_Aqua_L3_SST_Thermal_4km_Night_Monthly,modis_sst_images/east_coast_aqua_night_2018_01_01.png,0.5392442941665649,0.5386568262026861,0.0005874679638788738,1.0,72.10473493215929,391579,8
2018-02-01,2018,2,East Coast,Aqua,Night,MODIS_Aqua_L3_SST_Thermal_4km_Night_Monthly,modis_sst_images/east_coast_aqua_night_2018_02_01.png,0.5677886605262756,0.4991865945713861,0.06860206595488955,1.0,73.31827333889899,407260,1
2018-03-01,2018,3,East Coast,Aqua,Night,MODIS_Aqua_L3_SST_Thermal_4km_Night_Monthly,modis_sst_images/east_coast_aqua_night_2018_03_01.png,0.4866516888141632,0.4850733918803079,0.0015782969338553055,1.0,68.13549854567779,397436,10
2018-04-01,2018,4,East Coast,Aqua,Night,MODIS_Aqua_L3_SST_Thermal_4km_Night_Monthly,modis_sst_images/east_coast_aqua_night_2018_04_01.png,0.5456125140190125,0.560937130025455,-0.015324616006442526,1.0,72.65772797790132,411246,9
2018-05-01,2018,5,East Coast,Aqua,Night,MODIS_Aqua_L3_SST_Thermal_4km_Night_Monthly,modis_sst_images/east_coast_aqua_night_2018_05_01.png,0.6673055291175842,0.6601552665233612,0.0071502625942230225,1.0,77.90645550602203,406010,7
2018-06-01,2018,6,East Coast,Aqua,Night,MODIS_Aqua_L3_SST_Thermal_4km_Night_Monthly,modis_sst_images/east_coast_aqua_night_2018_06_01.png,0.672153115272522,0.7112020941881033,-0.039048978915581345,1.0,83.1248784755979,411440,13
2018-07-01,2018,7,East Coast,Aqua,Night,MODIS_Aqua_L3_SST_Thermal_4km_Night_Monthly,modis_sst_images/east_coast_aqua_night_2018_07_01.png,0.7748098373413086,0.7703594437667302,0.004450393574578437,1.0,93.82498004575527,412193,6
2018-08-01,2018,8,East Coast,Aqua,Night,MODIS_Aqua_L3_SST_Thermal_4km_Night_Monthly,modis_sst_images/east_coast_aqua_night_2018_08_01.png,0.7934620380401611,0.754906918321337,0.03855511971882408,1.0,96.5472811292057,412892,2
2018-09-01,2018,9,East Coast,Aqua,Night,MODIS_Aqua_L3_SST_Thermal_4km_Night_Monthly,modis_sst_images/east_coast_aqua_night_2018_09_01.png,0.7539691925048828,0.7381757157189506,0.015793476785932237,1.0,93.78972467223748,413943,3
2018-10-01,2018,10,East Coast,Aqua,Night,MODIS_Aqua_L3_SST_Thermal_4km_Night_Monthly,modis_sst_images/east_coast_aqua_night_2018_10_01.png,0.6974852681159973,0.6966086838926587,0.0008765842233385834,1.0,86.55415951681547,412596,9
2018-11-01,2018,11,East Coast,Aqua,Night,MODIS_Aqua_L3_SST_Thermal_4km_Night_Monthly,modis_sst_images/east_coast_aqua_night_2018_11_01.png,0.6477919816970825,0.6528635493346623,-0.005071567637579766,1.0,79.02159767020278,391107,10
2018-12-01,2018,12,East Coast,Aqua,Night,MODIS_Aqua_L3_SST_Thermal_4km_Night_Monthly,modis_sst_images/east_coast_aqua_night_2018_12_01.png,0.6082987785339355,0.6190474721101614,-0.010748693576225876,1.0,73.51551930733254,388065,11
2019-01-01,2019,1,East Coast,Aqua,Night,MODIS_Aqua_L3_SST_Thermal_4km_Night_Monthly,modis_sst_images/east_coast_aqua_night_2019_01_01.png,0.5763627290725708,0.5386568262026861,0.03770590286988473,1.0,72.46567237372338,375208,4
2019-02-01,2019,2,East Coast,Aqua,Night,MODIS_Aqua_L3_SST_Thermal_4km_Night_Monthly,modis_sst_images/east_coast_aqua_night_2019_02_01.png,0.5499775409698486,0.4991865945713861,0.050790946398462544,1.0,72.96951937658285,389723,3
2019-03-01,2019,3,East Coast,Aqua,Night,MODIS_Aqua_L3_SST_Thermal_4km_Night_Monthly,modis_sst_images/east_coast_aqua_night_2019_03_01.png,0.5300948023796082,0.4850733918803079,0.04502141049930025,1.0,71.35735401054018,400183,6
2019-04-01,2019,4,East Coast,Aqua,Night,MODIS_Aqua_L3_SST_Thermal_4km_Night_Monthly,modis_sst_images/east_coast_aqua_night_2019_04_01.png,0.6205849647521973,0.560937130025455,0.05964783472674229,1.0,75.82328027654725,411069,2
2019-05-01,2019,5,East Coast,Aqua,Night,MODIS_Aqua_L3_SST_Thermal_4km_Night_Monthly,modis_sst_images/east_coast_aqua_night_2019_05_01.png,0.6821085810661316,0.6601552665233612,0.021953314542770386,1.0,78.58178942721446,412266,6
2019-06-01,2019,6,East Coast,Aqua,Night,MODIS_Aqua_L3_SST_Thermal_4km_Night_Monthly,modis_sst_images/east_coast_aqua_night_2019_06_01.png,0.6872801184654236,0.7112020941881033,-0.023921975722679734,1.0,84.14964783187031,412729,9
2019-07-01,2019,7,East Coast,Aqua,Night,MODIS_Aqua_L3_SST_Thermal_4km_Night_Monthly,modis_sst_images/east_coast_aqua_night_2019_07_01.png,0.739730715751648,0.7703594437667302,-0.030628728015082207,1.0,93.93050596619076,409474,13
2019-08-01,2019,8,East Coast,Aqua,Night,MODIS_Aqua_L3_SST_Thermal_4km_Night_Monthly,modis_sst_images/east_coast_aqua_night_2019_08_01.png,0.7384989261627197,0.754906918321337,-0.016407992158617324,1.0,94.87884941517275,412173,11
2019-09-01,2019,9,East Coast,Aqua,Night,MODIS_Aqua_L3_SST_Thermal_4km_Night_Monthly,modis_sst_images/east_coast_aqua_night_2019_09_01.png,0.7389814257621765,0.7381757157189506,0.0008057100432259379,1.0,90.90203924809522,413829,9
2019-10-01,2019,10,East Coast,Aqua,Night,MODIS_Aqua_L3_SST_Thermal_4km_Night_Monthly,modis_sst_images/east_coast_aqua_night_2019_10_01.png,0.7107710242271423,0.6966086838926587,0.014162340334483603,1.0,85.90528018469612,412353,3
2019-11-01,2019,11,East Coast,Aqua,Night,MODIS_Aqua_L3_SST_Thermal_4km_Night_Monthly,modis_sst_images/east_coast_aqua_night_2019_11_01.png,0.6580546498298645,0.6528635493346623,0.005191100495202217,1.0,79.44287563968186,405475,5
2019-12-01,2019,12,East Coast,Aqua,Night,MODIS_Aqua_L3_SST_Thermal_4km_Night_Monthly,modis_sst_images/east_coast_aqua_night_2019_12_01.png,0.6231729388237,0.6190474721101614,0.004125466713538528,1.0,74.49638750583863,402492,6
2020-01-01,2020,1,East Coast,Aqua,Night,MODIS_Aqua_L3_SST_Thermal_4km_Night_Monthly,modis_sst_images/east_coast_aqua_night_2020_01_01.png,0.5718113780021667,0.5386568262026861,0.03315455179948068,1.0,72.82054279622142,393481,6
2020-02-01,2020,2,East Coast,Aqua,Night,MODIS_Aqua_L3_SST_Thermal_4km_Night_Monthly,modis_sst_images/east_coast_aqua_night_2020_02_01.png,0.5352915525436401,0.4991865945713861,0.03610495797225405,1.0,72.08198614029507,399287,7
2020-03-01,2020,3,East Coast,Aqua,Night,MODIS_Aqua_L3_SST_Thermal_4km_Night_Monthly,modis_sst_images/east_coast_aqua_night_2020_03_01.png,0.5503278970718384,0.4850733918803079,0.06525450519153048,1.0,73.06753992987923,410720,4
2020-04-01,2020,4,East Coast,Aqua,Night,MODIS_Aqua_L3_SST_Thermal_4km_Night_Monthly,modis_sst_images/east_coast_aqua_night_2020_04_01.png,0.5692207217216492,0.560937130025455,0.008283591696194192,1.0,73.68615099130774,409560,8
2020-05-01,2020,5,East Coast,Aqua,Night,MODIS_Aqua_L3_SST_Thermal_4km_Night_Monthly,modis_sst_images/east_coast_aqua_night_2020_05_01.png,0.6237999796867371,0.6601552665233612,-0.036355286836624146,1.0,75.66732575383095,412692,11
2020-06-01,2020,6,East Coast,Aqua,Night,MODIS_Aqua_L3_SST_Thermal_4km_Night_Monthly,modis_sst_images/east_coast_aqua_night_2020_06_01.png,0.6723344326019287,0.7112020941881033,-0.03886766158617461,1.0,82.03079453777956,413385,12
2020-07-01,2020,7,East Coast,Aqua,Night,MODIS_Aqua_L3_SST_Thermal_4km_Night_Monthly,modis_sst_images/east_coast_aqua_night_2020_07_01.png,0.78496253490448,0.7703594437667302,0.014603091137749824,1.0,95.58032732538015,410234,4
2020-08-01,2020,8,East Coast,Aqua,Night,MODIS_Aqua_L3_SST_Thermal_4km_Night_Monthly,modis_sst_images/east_coast_aqua_night_2020_08_01.png,0.7560195326805115,0.754906918321337,0.0011126143591744242,1.0,96.90902240555074,408738,7
2020-09-01,2020,9,East Coast,Aqua,Night,MODIS_Aqua_L3_SST_Thermal_4km_Night_Monthly,modis_sst_images/east_coast_aqua_night_2020_09_01.png,0.6816169619560242,0.7381757157189506,-0.056558753762926406,1.0,90.79424919198918,412742,14
2020-10-01,2020,10,East Coast,Aqua,Night,MODIS_Aqua_L3_SST_Thermal_4km_Night_Monthly,modis_sst_images/east_coast_aqua_night_2020_10_01.png,0.6933878660202026,0.6966086838926587,-0.0032208178724560943,1.0,86.96795808878254,412491,11
2020-11-01,2020,11,East Coast,Aqua,Night,MODIS_Aqua_L3_SST_Thermal_4km_Night_Monthly,modis_sst_images/east_coast_aqua_night_2020_11_01.png,0.653631865978241,0.6528635493346623,0.0007683166435786815,1.0,79.0356785821743,412124,8
2020-12-01,2020,12,East Coast,Aqua,Night,MODIS_Aqua_L3_SST_Thermal_4km_Night_Monthly,modis_sst_images/east_coast_aqua_night_2020_12_01.png,0.605210542678833,0.6190474721101614,-0.013836929431328415,1.0,73.38380128695869,386648,12
2021-01-01,2021,1,East Coast,Aqua,Night,MODIS_Aqua_L3_SST_Thermal_4km_Night_Monthly,modis_sst_images/east_coast_aqua_night_2021_01_01.png,0.5352584719657898,0.5386568262026861,-0.0033983542368962727,1.0,72.61188455713011,385576,9
2021-02-01,2021,2,East Coast,Aqua,Night,MODIS_Aqua_L3_SST_Thermal_4km_Night_Monthly,modis_sst_images/east_coast_aqua_night_2021_02_01.png,0.46272459626197815,0.4991865945713861,-0.03646199830940794,1.0,70.09898209194024,398759,11
2021-03-01,2021,3,East Coast,Aqua,Night,MODIS_Aqua_L3_SST_Thermal_4km_Night_Monthly,modis_sst_images/east_coast_aqua_night_2021_03_01.png,0.4636029601097107,0.4850733918803079,-0.02147043177059721,1.0,67.29864035790793,411726,11
2021-04-01,2021,4,East Coast,Aqua,Night,MODIS_Aqua_L3_SST_Thermal_4km_Night_Monthly,modis_sst_images/east_coast_aqua_night_2021_04_01.png,0.507347822189331,0.560937130025455,-0.05358930783612392,1.0,70.39347279966994,409609,12
2021-05-01,2021,5,East Coast,Aqua,Night,MODIS_Aqua_L3_SST_Thermal_4km_Night_Monthly,modis_sst_images/east_coast_aqua_night_2021_05_01.png,0.6208029985427856,0.6601552665233612,-0.03935226798057556,1.0,76.57738369080423,412994,12
2021-06-01,2021,6,East Coast,Aqua,Night,MODIS_Aqua_L3_SST_Thermal_4km_Night_Monthly,modis_sst_images/east_coast_aqua_night_2021_06_01.png,0.7560260891914368,0.7112020941881033,0.04482399500333345,1.0,87.43230331982826,413425,1
2021-07-01,2021,7,East Coast,Aqua,Night,MODIS_Aqua_L3_SST_Thermal_4km_Night_Monthly,modis_sst_images/east_coast_aqua_night_2021_07_01.png,0.781895637512207,0.7703594437667302,0.011536193745476875,1.0,93.04088344841107,413199,5
2021-08-01,2021,8,East Coast,Aqua,Night,MODIS_Aqua_L3_SST_Thermal_4km_Night_Monthly,modis_sst_images/east_coast_aqua_night_2021_08_01.png,0.7901594042778015,0.754906918321337,0.03525248595646446,1.0,96.55122280995501,412697,3
2021-09-01,2021,9,East Coast,Aqua,Night,MODIS_Aqua_L3_SST_Thermal_4km_Night_Monthly,modis_sst_images/east_coast_aqua_night_2021_09_01.png,0.7552356123924255,0.7381757157189506,0.01705989667347496,1.0,93.0748493267585,412482,2
2021-10-01,2021,10,East Coast,Aqua,Night,MODIS_Aqua_L3_SST_Thermal_4km_Night_Monthly,modis_sst_images/east_coast_aqua_night_2021_10_01.png,0.7195419073104858,0.6966086838926587,0.02293322341782711,1.0,88.69462146131228,412547,1
2021-11-01,2021,11,East Coast,Aqua,Night,MODIS_Aqua_L3_SST_Thermal_4km_Night_Monthly,modis_sst_images/east_coast_aqua_night_2021_11_01.png,0.6508773565292358,0.6528635493346623,-0.0019861928054264455,1.0,80.32880855682802,409965,9
2021-12-01,2021,12,East Coast,Aqua,Night,MODIS_Aqua_L3_SST_Thermal_4km_Night_Monthly,modis_sst_images/east_coast_aqua_night_2021_12_01.png,0.6309462785720825,0.6190474721101614,0.011898806461921096,1.0,75.44194618503501,406950,5
2022-01-01,2022,1,East Coast,Aqua,Night,MODIS_Aqua_L3_SST_Thermal_4km_Night_Monthly,modis_sst_images/east_coast_aqua_night_2022_01_01.png,0.6038183569908142,0.5386568262026861,0.06516153078812814,1.0,75.22138221891443,382935,2
2022-02-01,2022,2,East Coast,Aqua,Night,MODIS_Aqua_L3_SST_Thermal_4km_Night_Monthly,modis_sst_images/east_coast_aqua_night_2022_02_01.png,0.5456788539886475,0.4991865945713861,0.04649225941726137,1.0,73.63982892328848,395612,4
2022-03-01,2022,3,East Coast,Aqua,Night,MODIS_Aqua_L3_SST_Thermal_4km_Night_Monthly,modis_sst_images/east_coast_aqua_night_2022_03_01.png,0.5696864724159241,0.4850733918803079,0.08461308053561617,1.0,74.3755461073226,409718,1
2022-04-01,2022,4,East Coast,Aqua,Night,MODIS_Aqua_L3_SST_Thermal_4km_Night_Monthly,modis_sst_images/east_coast_aqua_night_2022_04_01.png,0.6300691366195679,0.560937130025455,0.0691320065941129,1.0,76.85407676727012,397435,1
2022-05-01,2022,5,East Coast,Aqua,Night,MODIS_Aqua_L3_SST_Thermal_4km_Night_Monthly,modis_sst_images/east_coast_aqua_night_2022_05_01.png,0.7031011581420898,0.6601552665233612,0.04294589161872864,1.0,79.88373927500881,412005,2
2022-06-01,2022,6,East Coast,Aqua,Night,MODIS_Aqua_L3_SST_Thermal_4km_Night_Monthly,modis_sst_images/east_coast_aqua_night_2022_06_01.png,0.7230343222618103,0.7112020941881033,0.011832228073706985,1.0,86.53442957927204,413046,6
2022-07-01,2022,7,East Coast,Aqua,Night,MODIS_Aqua_L3_SST_Thermal_4km_Night_Monthly,modis_sst_images/east_coast_aqua_night_2022_07_01.png,0.7612826228141785,0.7703594437667302,-0.00907682095255169,1.0,93.25732016051349,413174,9
2022-08-01,2022,8,East Coast,Aqua,Night,MODIS_Aqua_L3_SST_Thermal_4km_Night_Monthly,modis_sst_images/east_coast_aqua_night_2022_08_01.png,0.7561763525009155,0.754906918321337,0.001269434179578477,1.0,96.68637159386836,412418,6
2022-09-01,2022,9,East Coast,Aqua,Night,MODIS_Aqua_L3_SST_Thermal_4km_Night_Monthly,modis_sst_images/east_coast_aqua_night_2022_09_01.png,0.742502748966217,0.7381757157189506,0.004327033247266465,1.0,94.1375091635555,411958,6
2022-10-01,2022,10,East Coast,Aqua,Night,MODIS_Aqua_L3_SST_Thermal_4km_Night_Monthly,modis_sst_images/east_coast_aqua_night_2022_10_01.png,0.6698451042175293,0.6966086838926587,-0.026763579675129434,1.0,83.72348873977253,411759,13
2022-11-01,2022,11,East Coast,Aqua,Night,MODIS_Aqua_L3_SST_Thermal_4km_Night_Monthly,modis_sst_images/east_coast_aqua_night_2022_11_01.png,0.6711681485176086,0.6528635493346623,0.018304599182946357,1.0,81.77411710637809,417774,1
2023-02-01,2023,2,East Coast,Aqua,Night,MODIS_Aqua_L3_SST_Thermal_4km_Night_Monthly,modis_sst_images/east_coast_aqua_night_2023_02_01.png,0.5375533699989319,0.4991865945713861,0.038366775427545796,1.0,73.61390595864226,406502,6
2023-03-01,2023,3,East Coast,Aqua,Night,MODIS_Aqua_L3_SST_Thermal_4km_Night_Monthly,modis_sst_images/east_coast_aqua_night_2023_03_01.png,0.5506390333175659,0.4850733918803079,0.06556564143725802,1.0,73.64313697970482,413251,3
2023-04-01,2023,4,East Coast,Aqua,Night,MODIS_Aqua_L3_SST_Thermal_4km_Night_Monthly,modis_sst_images/east_coast_aqua_night_2023_04_01.png,0.5932771563529968,0.560937130025455,0.03234002632754185,1.0,75.47268780608076,413698,6
2023-05-01,2023,5,East Coast,Aqua,Night,MODIS_Aqua_L3_SST_Thermal_4km_Night_Monthly,modis_sst_images/east_coast_aqua_night_2023_05_01.png,0.5837365388870239,0.6601552665233612,-0.07641872763633728,1.0,76.55934274686317,413235,14
2023-07-01,2023,7,East Coast,Aqua,Night,MODIS_Aqua_L3_SST_Thermal_4km_Night_Monthly,modis_sst_images/east_coast_aqua_night_2023_07_01.png,0.7546777725219727,0.7703594437667302,-0.0156816712447575,1.0,95.60393795731781,413006,10
2023-08-01,2023,8,East Coast,Aqua,Night,MODIS_Aqua_L3_SST_Thermal_4km_Night_Monthly,modis_sst_images/east_coast_aqua_night_2023_08_01.png,0.6881676316261292,0.754906918321337,-0.0667392866952079,1.0,94.04069627039402,414092,14
2023-09-01,2023,9,East Coast,Aqua,Night,MODIS_Aqua_L3_SST_Thermal_4km_Night_Monthly,modis_sst_images/east_coast_aqua_night_2023_09_01.png,0.7219352126121521,0.7381757157189506,-0.016240503106798476,1.0,90.73734440334029,414935,12
2023-10-01,2023,10,East Coast,Aqua,Night,MODIS_Aqua_L3_SST_Thermal_4km_Night_Monthly,modis_sst_images/east_coast_aqua_night_2023_10_01.png,0.654705286026001,0.6966086838926587,-0.041903397866657754,1.0,82.71285651156558,414117,14
2023-11-01,2023,11,East Coast,Aqua,Night,MODIS_Aqua_L3_SST_Thermal_4km_Night_Monthly,modis_sst_images/east_coast_aqua_night_2023_11_01.png,0.6551949381828308,0.6528635493346623,0.002331388848168525,1.0,79.0509663505338,409427,6
2023-12-01,2023,12,East Coast,Aqua,Night,MODIS_Aqua_L3_SST_Thermal_4km_Night_Monthly,modis_sst_images/east_coast_aqua_night_2023_12_01.png,0.6102212071418762,0.6190474721101614,-0.008826264968285202,1.0,74.73401098554203,395975,9
2010-01-01,2010,1,East Coast,Terra,Day,MODIS_Terra_L3_SST_Thermal_4km_Day_Monthly,modis_sst_images/east_coast_terra_day_2010_01_01.png,0.4505842924118042,0.5363478866907266,-0.08576359427892244,1.0,64.62278819541623,385884,12
2010-02-01,2010,2,East Coast,Terra,Day,MODIS_Terra_L3_SST_Thermal_4km_Day_Monthly,modis_sst_images/east_coast_terra_day_2010_02_01.png,0.3586832284927368,0.5036674439907074,-0.14498421549797058,1.0,57.02007437254638,386164,13
2010-03-01,2010,3,East Coast,Terra,Day,MODIS_Terra_L3_SST_Thermal_4km_Day_Monthly,modis_sst_images/east_coast_terra_day_2010_03_01.png,0.3108532428741455,0.4987744667700359,-0.1879212238958904,1.0,54.9728232402104,410461,14
2010-04-01,2010,4,East Coast,Terra,Day,MODIS_Terra_L3_SST_Thermal_4km_Day_Monthly,modis_sst_images/east_coast_terra_day_2010_04_01.png,0.47921088337898254,0.5799197959048408,-0.10070891252585823,1.0,70.88559687261167,409543,14
2010-05-01,2010,5,East Coast,Terra,Day,MODIS_Terra_L3_SST_Thermal_4km_Day_Monthly,modis_sst_images/east_coast_terra_day_2010_05_01.png,0.6031457781791687,0.6643857657909393,-0.06123998761177063,1.0,76.4899605632705,410531,13
2010-06-01,2010,6,East Coast,Terra,Day,MODIS_Terra_L3_SST_Thermal_4km_Day_Monthly,modis_sst_images/east_coast_terra_day_2010_06_01.png,0.7113631367683411,0.7140243649482727,-0.0026612281799316406,1.0,87.90599598680406,411642,7
2010-07-01,2010,7,East Coast,Terra,Day,MODIS_Terra_L3_SST_Thermal_4km_Day_Monthly,modis_sst_images/east_coast_terra_day_2010_07_01.png,0.7782069444656372,0.7661114718232837,0.012095472642353555,1.0,94.02022450164506,413360,4
2010-08-01,2010,8,East Coast,Terra,Day,MODIS_Terra_L3_SST_Thermal_4km_Day_Monthly,modis_sst_images/east_coast_terra_day_2010_08_01.png,0.7472599148750305,0.7499607886586871,-0.0027008737836565766,1.0,95.11878153985626,414753,9
2010-09-01,2010,9,East Coast,Terra,Day,MODIS_Terra_L3_SST_Thermal_4km_Day_Monthly,modis_sst_images/east_coast_terra_day_2010_09_01.png,0.737939715385437,0.7336369982132545,0.0043027171721825574,1.0,91.28007950444801,414568,6
2010-10-01,2010,10,East Coast,Terra,Day,MODIS_Terra_L3_SST_Thermal_4km_Day_Monthly,modis_sst_images/east_coast_terra_day_2010_10_01.png,0.6895323991775513,0.6954898238182068,-0.005957424640655518,1.0,83.78251056946524,416057,9
2010-11-01,2010,11,East Coast,Terra,Day,MODIS_Terra_L3_SST_Thermal_4km_Day_Monthly,modis_sst_images/east_coast_terra_day_2010_11_01.png,0.6438061594963074,0.6461042211605952,-0.0022980616642878093,1.0,77.69472894118786,413010,9
2010-12-01,2010,12,East Coast,Terra,Day,MODIS_Terra_L3_SST_Thermal_4km_Day_Monthly,modis_sst_images/east_coast_terra_day_2010_12_01.png,0.5429832935333252,0.6213630392001226,-0.0783797456667974,1.0,72.5123475123475,363636,13
2011-01-01,2011,1,East Coast,Terra,Day,MODIS_Terra_L3_SST_Thermal_4km_Day_Monthly,modis_sst_images/east_coast_terra_day_2011_01_01.png,0.34763017296791077,0.5363478866907266,-0.18871771372281587,1.0,62.69142473015994,394215,13
2011-02-01,2011,2,East Coast,Terra,Day,MODIS_Terra_L3_SST_Thermal_4km_Day_Monthly,modis_sst_images/east_coast_terra_day_2011_02_01.png,0.3583100140094757,0.5036674439907074,-0.1453574299812317,1.0,56.808138602749615,399184,14
2011-03-01,2011,3,East Coast,Terra,Day,MODIS_Terra_L3_SST_Thermal_4km_Day_Monthly,modis_sst_images/east_coast_terra_day_2011_03_01.png,0.39110592007637024,0.4987744667700359,-0.10766854669366566,1.0,58.37612307812569,409366,12
2011-04-01,2011,4,East Coast,Terra,Day,MODIS_Terra_L3_SST_Thermal_4km_Day_Monthly,modis_sst_images/east_coast_terra_day_2011_04_01.png,0.5765636563301086,0.5799197959048408,-0.003356139574732131,1.0,74.00607050903595,408203,9
2011-05-01,2011,5,East Coast,Terra,Day,MODIS_Terra_L3_SST_Thermal_4km_Day_Monthly,modis_sst_images/east_coast_terra_day_2011_05_01.png,0.6954588890075684,0.6643857657909393,0.03107312321662903,1.0,79.93407478848995,409555,5
2011-06-01,2011,6,East Coast,Terra,Day,MODIS_Terra_L3_SST_Thermal_4km_Day_Monthly,modis_sst_images/east_coast_terra_day_2011_06_01.png,0.7337669730186462,0.7140243649482727,0.019742608070373535,1.0,86.41964762934452,409739,5
2011-07-01,2011,7,East Coast,Terra,Day,MODIS_Terra_L3_SST_Thermal_4km_Day_Monthly,modis_sst_images/east_coast_terra_day_2011_07_01.png,0.7691454887390137,0.7661114718232837,0.00303401691573002,1.0,93.24741393929116,412790,8
2011-08-01,2011,8,East Coast,Terra,Day,MODIS_Terra_L3_SST_Thermal_4km_Day_Monthly,modis_sst_images/east_coast_terra_day_2011_08_01.png,0.7536279559135437,0.7499607886586871,0.003667167254856607,1.0,93.816584214675,413574,7
2011-09-01,2011,9,East Coast,Terra,Day,MODIS_Terra_L3_SST_Thermal_4km_Day_Monthly,modis_sst_images/east_coast_terra_day_2011_09_01.png,0.7459627389907837,0.7336369982132545,0.012325740777529237,1.0,91.94885854429465,415084,4
2011-10-01,2011,10,East Coast,Terra,Day,MODIS_Terra_L3_SST_Thermal_4km_Day_Monthly,modis_sst_images/east_coast_terra_day_2011_10_01.png,0.698534369468689,0.6954898238182068,0.0030445456504821777,1.0,84.82348749993982,415438,5
2011-11-01,2011,11,East Coast,Terra,Day,MODIS_Terra_L3_SST_Thermal_4km_Day_Monthly,modis_sst_images/east_coast_terra_day_2011_11_01.png,0.6468623280525208,0.6461042211605952,0.0007581068919255696,1.0,77.53217292465371,415256,6
2011-12-01,2011,12,East Coast,Terra,Day,MODIS_Terra_L3_SST_Thermal_4km_Day_Monthly,modis_sst_images/east_coast_terra_day_2011_12_01.png,0.6318830251693726,0.6213630392001226,0.010519985969249968,1.0,75.8115422621418,406818,6
2012-01-01,2012,1,East Coast,Terra,Day,MODIS_Terra_L3_SST_Thermal_4km_Day_Monthly,modis_sst_images/east_coast_terra_day_2012_01_01.png,0.5185802578926086,0.5363478866907266,-0.017767628798117996,1.0,72.02745393372716,408976,11
2012-02-01,2012,2,East Coast,Terra,Day,MODIS_Terra_L3_SST_Thermal_4km_Day_Monthly,modis_sst_images/east_coast_terra_day_2012_02_01.png,0.47226691246032715,0.5036674439907074,-0.03140053153038025,1.0,70.47720745268428,407370,11
2012-03-01,2012,3,East Coast,Terra,Day,MODIS_Terra_L3_SST_Thermal_4km_Day_Monthly,modis_sst_images/east_coast_terra_day_2012_03_01.png,0.5291649103164673,0.4987744667700359,0.03039044354643139,1.0,74.71936985389993,411841,8
2012-04-01,2012,4,East Coast,Terra,Day,MODIS_Terra_L3_SST_Thermal_4km_Day_Monthly,modis_sst_images/east_coast_terra_day_2012_04_01.png,0.5505770444869995,0.5799197959048408,-0.029342751417841262,1.0,75.13712843795365,410564,11
2012-05-01,2012,5,East Coast,Terra,Day,MODIS_Terra_L3_SST_Thermal_4km_Day_Monthly,modis_sst_images/east_coast_terra_day_2012_05_01.png,0.660732090473175,0.6643857657909393,-0.0036536753177642822,1.0,79.72854266020363,408683,8
2012-06-01,2012,6,East Coast,Terra,Day,MODIS_Terra_L3_SST_Thermal_4km_Day_Monthly,modis_sst_images/east_coast_terra_day_2012_06_01.png,0.7554020285606384,0.7140243649482727,0.04137766361236572,1.0,88.20389160093902,407236,2
2012-07-01,2012,7,East Coast,Terra,Day,MODIS_Terra_L3_SST_Thermal_4km_Day_Monthly,modis_sst_images/east_coast_terra_day_2012_07_01.png,0.822937548160553,0.7661114718232837,0.05682607633726933,1.0,95.16684591460047,412836,1
2012-08-01,2012,8,East Coast,Terra,Day,MODIS_Terra_L3_SST_Thermal_4km_Day_Monthly,modis_sst_images/east_coast_terra_day_2012_08_01.png,0.7978317141532898,0.7499607886586871,0.0478709254946027,1.0,97.10875529997176,414389,1
2012-09-01,2012,9,East Coast,Terra,Day,MODIS_Terra_L3_SST_Thermal_4km_Day_Monthly,modis_sst_images/east_coast_terra_day_2012_09_01.png,0.7715225219726562,0.7336369982132545,0.037885523759401796,1.0,94.065044760096,415437,1
2012-10-01,2012,10,East Coast,Terra,Day,MODIS_Terra_L3_SST_Thermal_4km_Day_Monthly,modis_sst_images/east_coast_terra_day_2012_10_01.png,0.6843129396438599,0.6954898238182068,-0.011176884174346924,1.0,85.63982102370402,415921,12
2012-11-01,2012,11,East Coast,Terra,Day,MODIS_Terra_L3_SST_Thermal_4km_Day_Monthly,modis_sst_images/east_coast_terra_day_2012_11_01.png,0.6344640254974365,0.6461042211605952,-0.011640195663158659,1.0,77.08402209214135,411368,12
2012-12-01,2012,12,East Coast,Terra,Day,MODIS_Terra_L3_SST_Thermal_4km_Day_Monthly,modis_sst_images/east_coast_terra_day_2012_12_01.png,0.6159147620201111,0.6213630392001226,-0.005448277180011507,1.0,74.47367175452713,401413,9
2013-01-01,2013,1,East Coast,Terra,Day,MODIS_Terra_L3_SST_Thermal_4km_Day_Monthly,modis_sst_images/east_coast_terra_day_2013_01_01.png,0.5290319323539734,0.5363478866907266,-0.00731595433675325,1.0,72.25707102760516,406518,9
2013-02-01,2013,2,East Coast,Terra,Day,MODIS_Terra_L3_SST_Thermal_4km_Day_Monthly,modis_sst_images/east_coast_terra_day_2013_02_01.png,0.46451905369758606,0.5036674439907074,-0.03914839029312134,1.0,68.3402513944416,392451,12
2013-03-01,2013,3,East Coast,Terra,Day,MODIS_Terra_L3_SST_Thermal_4km_Day_Monthly,modis_sst_images/east_coast_terra_day_2013_03_01.png,0.38368669152259827,0.4987744667700359,-0.11508777524743763,1.0,60.05060144922154,403941,13
2013-04-01,2013,4,East Coast,Terra,Day,MODIS_Terra_L3_SST_Thermal_4km_Day_Monthly,modis_sst_images/east_coast_terra_day_2013_04_01.png,0.5108264088630676,0.5799197959048408,-0.06909338704177315,1.0,71.12480958121316,408967,13
2013-05-01,2013,5,East Coast,Terra,Day,MODIS_Terra_L3_SST_Thermal_4km_Day_Monthly,modis_sst_images/east_coast_terra_day_2013_05_01.png,0.6328561902046204,0.6643857657909393,-0.03152957558631897,1.0,78.4448462043488,408204,11
2013-06-01,2013,6,East Coast,Terra,Day,MODIS_Terra_L3_SST_Thermal_4km_Day_Monthly,modis_sst_images/east_coast_terra_day_2013_06_01.png,0.6965548992156982,0.7140243649482727,-0.017469465732574463,1.0,84.18895625949304,410169,8
2013-07-01,2013,7,East Coast,Terra,Day,MODIS_Terra_L3_SST_Thermal_4km_Day_Monthly,modis_sst_images/east_coast_terra_day_2013_07_01.png,0.8153404593467712,0.7661114718232837,0.04922898752348759,1.0,95.12496404216796,413679,2
2013-08-01,2013,8,East Coast,Terra,Day,MODIS_Terra_L3_SST_Thermal_4km_Day_Monthly,modis_sst_images/east_coast_terra_day_2013_08_01.png,0.7566846609115601,0.7499607886586871,0.006723872252872964,1.0,94.55618587809293,414250,6
2013-09-01,2013,9,East Coast,Terra,Day,MODIS_Terra_L3_SST_Thermal_4km_Day_Monthly,modis_sst_images/east_coast_terra_day_2013_09_01.png,0.7155233025550842,0.7336369982132545,-0.018113695658170226,1.0,91.19757081516173,415942,11
2013-10-01,2013,10,East Coast,Terra,Day,MODIS_Terra_L3_SST_Thermal_4km_Day_Monthly,modis_sst_images/east_coast_terra_day_2013_10_01.png,0.6848962903022766,0.6954898238182068,-0.010593533515930176,1.0,85.7498282909304,416402,11
2013-11-01,2013,11,East Coast,Terra,Day,MODIS_Terra_L3_SST_Thermal_4km_Day_Monthly,modis_sst_images/east_coast_terra_day_2013_11_01.png,0.6354730129241943,0.6461042211605952,-0.010631208236400846,1.0,76.96109635098568,406877,11
2013-12-01,2013,12,East Coast,Terra,Day,MODIS_Terra_L3_SST_Thermal_4km_Day_Monthly,modis_sst_images/east_coast_terra_day_2013_12_01.png,0.6530815958976746,0.6213630392001226,0.03171855669755197,1.0,75.90486610189906,398512,1
2014-01-01,2014,1,East Coast,Terra,Day,MODIS_Terra_L3_SST_Thermal_4km_Day_Monthly,modis_sst_images/east_coast_terra_day_2014_01_01.png,0.5741221904754639,0.5363478866907266,0.03777430378473723,1.0,72.67720661401987,377864,3
2014-02-01,2014,2,East Coast,Terra,Day,MODIS_Terra_L3_SST_Thermal_4km_Day_Monthly,modis_sst_images/east_coast_terra_day_2014_02_01.png,0.5478635430335999,0.5036674439907074,0.044196099042892456,1.0,73.94831859838139,395771,4
2014-03-01,2014,3,East Coast,Terra,Day,MODIS_Terra_L3_SST_Thermal_4km_Day_Monthly,modis_sst_images/east_coast_terra_day_2014_03_01.png,0.5429693460464478,0.4987744667700359,0.04419487927641186,1.0,72.52347569779832,401692,4
2014-04-01,2014,4,East Coast,Terra,Day,MODIS_Terra_L3_SST_Thermal_4km_Day_Monthly,modis_sst_images/east_coast_terra_day_2014_04_01.png,0.6096599698066711,0.5799197959048408,0.02974017390183037,1.0,75.84860391955247,408465,5
2014-05-01,2014,5,East Coast,Terra,Day,MODIS_Terra_L3_SST_Thermal_4km_Day_Monthly,modis_sst_images/east_coast_terra_day_2014_05_01.png,0.7047459483146667,0.6643857657909393,0.04036018252372742,1.0,81.9334420912881,408246,2
2014-06-01,2014,6,East Coast,Terra,Day,MODIS_Terra_L3_SST_Thermal_4km_Day_Monthly,modis_sst_images/east_coast_terra_day_2014_06_01.png,0.7406318187713623,0.7140243649482727,0.0266074538230896,1.0,87.80857577412058,410272,3
2014-07-01,2014,7,East Coast,Terra,Day,MODIS_Terra_L3_SST_Thermal_4km_Day_Monthly,modis_sst_images/east_coast_terra_day_2014_07_01.png,0.7509700059890747,0.7661114718232837,-0.015141465834208945,1.0,92.31657903213697,412889,11
2014-08-01,2014,8,East Coast,Terra,Day,MODIS_Terra_L3_SST_Thermal_4km_Day_Monthly,modis_sst_images/east_coast_terra_day_2014_08_01.png,0.7641022205352783,0.7499607886586871,0.014141431876591226,1.0,94.4341274473391,414634,4
2014-09-01,2014,9,East Coast,Terra,Day,MODIS_Terra_L3_SST_Thermal_4km_Day_Monthly,modis_sst_images/east_coast_terra_day_2014_09_01.png,0.7311038970947266,0.7336369982132545,-0.0025331011185278918,1.0,91.92982540568634,415592,9
2014-10-01,2014,10,East Coast,Terra,Day,MODIS_Terra_L3_SST_Thermal_4km_Day_Monthly,modis_sst_images/east_coast_terra_day_2014_10_01.png,0.6977677345275879,0.6954898238182068,0.0022779107093811035,1.0,86.40863523811814,415970,6
2014-11-01,2014,11,East Coast,Terra,Day,MODIS_Terra_L3_SST_Thermal_4km_Day_Monthly,modis_sst_images/east_coast_terra_day_2014_11_01.png,0.6558444499969482,0.6461042211605952,0.00974022883635306,1.0,79.53997338974641,405107,4
2014-12-01,2014,12,East Coast,Terra,Day,MODIS_Terra_L3_SST_Thermal_4km_Day_Monthly,modis_sst_images/east_coast_terra_day_2014_12_01.png,0.6393272280693054,0.6213630392001226,0.01796418886918283,1.0,74.90405354774032,395012,4
2015-01-01,2015,1,East Coast,Terra,Day,MODIS_Terra_L3_SST_Thermal_4km_Day_Monthly,modis_sst_images/east_coast_terra_day_2015_01_01.png,0.6238353848457336,0.5363478866907266,0.087487498155007,1.0,74.51460429038904,371295,1
2015-02-01,2015,2,East Coast,Terra,Day,MODIS_Terra_L3_SST_Thermal_4km_Day_Monthly,modis_sst_images/east_coast_terra_day_2015_02_01.png,0.5548550486564636,0.5036674439907074,0.051187604665756226,1.0,74.49693069335478,346821,3
2015-03-01,2015,3,East Coast,Terra,Day,MODIS_Terra_L3_SST_Thermal_4km_Day_Monthly,modis_sst_images/east_coast_terra_day_2015_03_01.png,0.5402823090553284,0.4987744667700359,0.04150784228529247,1.0,73.33249103196782,403656,5
2015-04-01,2015,4,East Coast,Terra,Day,MODIS_Terra_L3_SST_Thermal_4km_Day_Monthly,modis_sst_images/east_coast_terra_day_2015_04_01.png,0.6211047172546387,0.5799197959048408,0.0411849213497979,1.0,76.47130808503556,408582,4
2015-05-01,2015,5,East Coast,Terra,Day,MODIS_Terra_L3_SST_Thermal_4km_Day_Monthly,modis_sst_images/east_coast_terra_day_2015_05_01.png,0.7209833264350891,0.6643857657909393,0.05659756064414978,1.0,82.11631821619379,409910,1
2015-06-01,2015,6,East Coast,Terra,Day,MODIS_Terra_L3_SST_Thermal_4km_Day_Monthly,modis_sst_images/east_coast_terra_day_2015_06_01.png,0.724271833896637,0.7140243649482727,0.010247468948364258,1.0,87.6079407367001,410642,6
2015-07-01,2015,7,East Coast,Terra,Day,MODIS_Terra_L3_SST_Thermal_4km_Day_Monthly,modis_sst_images/east_coast_terra_day_2015_07_01.png,0.7510259747505188,0.7661114718232837,-0.015085497072764853,1.0,92.40755969231441,412239,10
2015-08-01,2015,8,East Coast,Terra,Day,MODIS_Terra_L3_SST_Thermal_4km_Day_Monthly,modis_sst_images/east_coast_terra_day_2015_08_01.png,0.7568158507347107,0.7499607886586871,0.006855062076023599,1.0,96.01271909265317,413866,5
2015-09-01,2015,9,East Coast,Terra,Day,MODIS_Terra_L3_SST_Thermal_4km_Day_Monthly,modis_sst_images/east_coast_terra_day_2015_09_01.png,0.7289081811904907,0.7336369982132545,-0.004728817022763732,1.0,93.98422019322902,414327,10
2015-10-01,2015,10,East Coast,Terra,Day,MODIS_Terra_L3_SST_Thermal_4km_Day_Monthly,modis_sst_images/east_coast_terra_day_2015_10_01.png,0.6895409226417542,0.6954898238182068,-0.005948901176452637,1.0,85.11452217108838,415902,8
2015-11-01,2015,11,East Coast,Terra,Day,MODIS_Terra_L3_SST_Thermal_4km_Day_Monthly,modis_sst_images/east_coast_terra_day_2015_11_01.png,0.6635992527008057,0.6461042211605952,0.01749503154021048,1.0,81.99545003567422,416267,2
2015-12-01,2015,12,East Coast,Terra,Day,MODIS_Terra_L3_SST_Thermal_4km_Day_Monthly,modis_sst_images/east_coast_terra_day_2015_12_01.png,0.6527643799781799,0.6213630392001226,0.03140134077805734,1.0,76.6652988979345,411863,2
2016-01-01,2016,1,East Coast,Terra,Day,MODIS_Terra_L3_SST_Thermal_4km_Day_Monthly,modis_sst_images/east_coast_terra_day_2016_01_01.png,0.5689440965652466,0.5363478866907266,0.032596209874519944,1.0,72.42277726282035,399170,5
2016-02-01,2016,2,East Coast,Terra,Day,MODIS_Terra_L3_SST_Thermal_4km_Day_Monthly,modis_sst_images/east_coast_terra_day_2016_02_01.png,0.519938051700592,0.5036674439907074,0.016270607709884644,1.0,70.95382529075937,386402,9
2016-03-01,2016,3,East Coast,Terra,Day,MODIS_Terra_L3_SST_Thermal_4km_Day_Monthly,modis_sst_images/east_coast_terra_day_2016_03_01.png,0.5243318676948547,0.4987744667700359,0.02555740092481884,1.0,73.31770820683458,411730,9
2016-04-01,2016,4,East Coast,Terra,Day,MODIS_Terra_L3_SST_Thermal_4km_Day_Monthly,modis_sst_images/east_coast_terra_day_2016_04_01.png,0.6086369752883911,0.5799197959048408,0.02871717938355034,1.0,76.26791607331191,411502,6
2016-05-01,2016,5,East Coast,Terra,Day,MODIS_Terra_L3_SST_Thermal_4km_Day_Monthly,modis_sst_images/east_coast_terra_day_2016_05_01.png,0.697982132434845,0.6643857657909393,0.03359636664390564,1.0,80.84490048141156,409421,4
2016-06-01,2016,6,East Coast,Terra,Day,MODIS_Terra_L3_SST_Thermal_4km_Day_Monthly,modis_sst_images/east_coast_terra_day_2016_06_01.png,0.6918899416923523,0.7140243649482727,-0.02213442325592041,1.0,85.51785118370509,410533,10
2016-07-01,2016,7,East Coast,Terra,Day,MODIS_Terra_L3_SST_Thermal_4km_Day_Monthly,modis_sst_images/east_coast_terra_day_2016_07_01.png,0.7239009737968445,0.7661114718232837,-0.04221049802643917,1.0,94.28632238840623,413464,13
2016-08-01,2016,8,East Coast,Terra,Day,MODIS_Terra_L3_SST_Thermal_4km_Day_Monthly,modis_sst_images/east_coast_terra_day_2016_08_01.png,0.719036877155304,0.7499607886586871,-0.03092391150338314,1.0,95.75962275613672,414798,12
2016-09-01,2016,9,East Coast,Terra,Day,MODIS_Terra_L3_SST_Thermal_4km_Day_Monthly,modis_sst_images/east_coast_terra_day_2016_09_01.png,0.7403404712677002,0.7336369982132545,0.006703473054445741,1.0,94.87726941581252,415911,5
2016-10-01,2016,10,East Coast,Terra,Day,MODIS_Terra_L3_SST_Thermal_4km_Day_Monthly,modis_sst_images/east_coast_terra_day_2016_10_01.png,0.7128058671951294,0.6954898238182068,0.017316043376922607,1.0,86.98616320786886,416426,3
2016-11-01,2016,11,East Coast,Terra,Day,MODIS_Terra_L3_SST_Thermal_4km_Day_Monthly,modis_sst_images/east_coast_terra_day_2016_11_01.png,0.6649537086486816,0.6461042211605952,0.018849487488086458,1.0,80.42948945340119,414399,1
2016-12-01,2016,12,East Coast,Terra,Day,MODIS_Terra_L3_SST_Thermal_4km_Day_Monthly,modis_sst_images/east_coast_terra_day_2016_12_01.png,0.6216697692871094,0.6213630392001226,0.00030673008698678395,1.0,75.58585866376661,388959,7
2017-01-01,2017,1,East Coast,Terra,Day,MODIS_Terra_L3_SST_Thermal_4km_Day_Monthly,modis_sst_images/east_coast_terra_day_2017_01_01.png,0.5684799551963806,0.5363478866907266,0.03213206850565398,1.0,72.68211550634875,402835,6
2017-02-01,2017,2,East Coast,Terra,Day,MODIS_Terra_L3_SST_Thermal_4km_Day_Monthly,modis_sst_images/east_coast_terra_day_2017_02_01.png,0.5374547839164734,0.5036674439907074,0.03378733992576599,1.0,72.42532150218204,413372,7
2017-03-01,2017,3,East Coast,Terra,Day,MODIS_Terra_L3_SST_Thermal_4km_Day_Monthly,modis_sst_images/east_coast_terra_day_2017_03_01.png,0.5345370173454285,0.4987744667700359,0.03576255057539257,1.0,72.30808538655621,407043,7
2017-04-01,2017,4,East Coast,Terra,Day,MODIS_Terra_L3_SST_Thermal_4km_Day_Monthly,modis_sst_images/east_coast_terra_day_2017_04_01.png,0.6299386620521545,0.5799197959048408,0.05001886614731377,1.0,75.91531628019573,408957,1
2017-05-01,2017,5,East Coast,Terra,Day,MODIS_Terra_L3_SST_Thermal_4km_Day_Monthly,modis_sst_images/east_coast_terra_day_2017_05_01.png,0.6655415892601013,0.6643857657909393,0.0011558234691619873,1.0,77.30664716485957,408851,7
2017-06-01,2017,6,East Coast,Terra,Day,MODIS_Terra_L3_SST_Thermal_4km_Day_Monthly,modis_sst_images/east_coast_terra_day_2017_06_01.png,0.6750262379646301,0.7140243649482727,-0.03899812698364258,1.0,83.98804492950673,408195,13
2017-07-01,2017,7,East Coast,Terra,Day,MODIS_Terra_L3_SST_Thermal_4km_Day_Monthly,modis_sst_images/east_coast_terra_day_2017_07_01.png,0.7395767569541931,0.7661114718232837,-0.026534714869090537,1.0,92.81357989642784,408604,12
2017-08-01,2017,8,East Coast,Terra,Day,MODIS_Terra_L3_SST_Thermal_4km_Day_Monthly,modis_sst_images/east_coast_terra_day_2017_08_01.png,0.7325997352600098,0.7499607886586871,-0.01736105339867733,1.0,94.30127312751988,415198,11
2017-09-01,2017,9,East Coast,Terra,Day,MODIS_Terra_L3_SST_Thermal_4km_Day_Monthly,modis_sst_images/east_coast_terra_day_2017_09_01.png,0.7343776822090149,0.7336369982132545,0.0007406839957604383,1.0,92.14993983152829,415500,7
2017-10-01,2017,10,East Coast,Terra,Day,MODIS_Terra_L3_SST_Thermal_4km_Day_Monthly,modis_sst_images/east_coast_terra_day_2017_10_01.png,0.7105252146720886,0.6954898238182068,0.015035390853881836,1.0,86.37080499110785,417222,4
2017-11-01,2017,11,East Coast,Terra,Day,MODIS_Terra_L3_SST_Thermal_4km_Day_Monthly,modis_sst_images/east_coast_terra_day_2017_11_01.png,0.6481536030769348,0.6461042211605952,0.002049381916339632,1.0,78.82103057988303,412428,5
2017-12-01,2017,12,East Coast,Terra,Day,MODIS_Terra_L3_SST_Thermal_4km_Day_Monthly,modis_sst_images/east_coast_terra_day_2017_12_01.png,0.6518189907073975,0.6213630392001226,0.03045595150727487,1.0,76.62059029264066,383132,3
2018-01-01,2018,1,East Coast,Terra,Day,MODIS_Terra_L3_SST_Thermal_4km_Day_Monthly,modis_sst_images/east_coast_terra_day_2018_01_01.png,0.5360057353973389,0.5363478866907266,-0.0003421512933877713,1.0,71.31399716731326,405975,8
2018-02-01,2018,2,East Coast,Terra,Day,MODIS_Terra_L3_SST_Thermal_4km_Day_Monthly,modis_sst_images/east_coast_terra_day_2018_02_01.png,0.5777129530906677,0.5036674439907074,0.07404550909996033,1.0,73.41822299063638,408923,1
2018-03-01,2018,3,East Coast,Terra,Day,MODIS_Terra_L3_SST_Thermal_4km_Day_Monthly,modis_sst_images/east_coast_terra_day_2018_03_01.png,0.504274845123291,0.4987744667700359,0.00550037835325512,1.0,70.31673024084381,397436,10
2018-04-01,2018,4,East Coast,Terra,Day,MODIS_Terra_L3_SST_Thermal_4km_Day_Monthly,modis_sst_images/east_coast_terra_day_2018_04_01.png,0.5578200817108154,0.5799197959048408,-0.022099714194025344,1.0,73.64107972871878,407695,10
2018-05-01,2018,5,East Coast,Terra,Day,MODIS_Terra_L3_SST_Thermal_4km_Day_Monthly,modis_sst_images/east_coast_terra_day_2018_05_01.png,0.6578224301338196,0.6643857657909393,-0.006563335657119751,1.0,77.54599235796587,406698,9
2018-06-01,2018,6,East Coast,Terra,Day,MODIS_Terra_L3_SST_Thermal_4km_Day_Monthly,modis_sst_images/east_coast_terra_day_2018_06_01.png,0.6964983940124512,0.7140243649482727,-0.017525970935821533,1.0,85.42474419147014,411636,9
2018-07-01,2018,7,East Coast,Terra,Day,MODIS_Terra_L3_SST_Thermal_4km_Day_Monthly,modis_sst_images/east_coast_terra_day_2018_07_01.png,0.7773376703262329,0.7661114718232837,0.011226198502949258,1.0,93.95855983689322,412981,5
2018-08-01,2018,8,East Coast,Terra,Day,MODIS_Terra_L3_SST_Thermal_4km_Day_Monthly,modis_sst_images/east_coast_terra_day_2018_08_01.png,0.7817227244377136,0.7499607886586871,0.03176193577902653,1.0,97.1776299794671,415431,3
2018-09-01,2018,9,East Coast,Terra,Day,MODIS_Terra_L3_SST_Thermal_4km_Day_Monthly,modis_sst_images/east_coast_terra_day_2018_09_01.png,0.7477495670318604,0.7336369982132545,0.014112568818605897,1.0,94.42511139202784,416098,3
2018-10-01,2018,10,East Coast,Terra,Day,MODIS_Terra_L3_SST_Thermal_4km_Day_Monthly,modis_sst_images/east_coast_terra_day_2018_10_01.png,0.6961427330970764,0.6954898238182068,0.0006529092788696289,1.0,87.05931678590103,415009,7
2018-11-01,2018,11,East Coast,Terra,Day,MODIS_Terra_L3_SST_Thermal_4km_Day_Monthly,modis_sst_images/east_coast_terra_day_2018_11_01.png,0.6143680810928345,0.6461042211605952,-0.03173614006776071,1.0,76.566259813619,401865,13
2018-12-01,2018,12,East Coast,Terra,Day,MODIS_Terra_L3_SST_Thermal_4km_Day_Monthly,modis_sst_images/east_coast_terra_day_2018_12_01.png,0.6137199997901917,0.6213630392001226,-0.007643039409930941,1.0,73.71177810189094,390810,10
2019-01-01,2019,1,East Coast,Terra,Day,MODIS_Terra_L3_SST_Thermal_4km_Day_Monthly,modis_sst_images/east_coast_terra_day_2019_01_01.png,0.5556328892707825,0.5363478866907266,0.019285002580055832,1.0,70.83039890548997,396159,7
2019-02-01,2019,2,East Coast,Terra,Day,MODIS_Terra_L3_SST_Thermal_4km_Day_Monthly,modis_sst_images/east_coast_terra_day_2019_02_01.png,0.5703257322311401,0.5036674439907074,0.06665828824043274,1.0,73.26241563108702,397362,2
2019-03-01,2019,3,East Coast,Terra,Day,MODIS_Terra_L3_SST_Thermal_4km_Day_Monthly,modis_sst_images/east_coast_terra_day_2019_03_01.png,0.5378077626228333,0.4987744667700359,0.039033295852797356,1.0,72.15501292591185,408095,6
2019-04-01,2019,4,East Coast,Terra,Day,MODIS_Terra_L3_SST_Thermal_4km_Day_Monthly,modis_sst_images/east_coast_terra_day_2019_04_01.png,0.6282463073730469,0.5799197959048408,0.0483265114682061,1.0,76.13896155351082,406357,2
2019-05-01,2019,5,East Coast,Terra,Day,MODIS_Terra_L3_SST_Thermal_4km_Day_Monthly,modis_sst_images/east_coast_terra_day_2019_05_01.png,0.6901482343673706,0.6643857657909393,0.025762468576431274,1.0,79.84469416528,409257,6
2019-06-01,2019,6,East Coast,Terra,Day,MODIS_Terra_L3_SST_Thermal_4km_Day_Monthly,modis_sst_images/east_coast_terra_day_2019_06_01.png,0.6845187544822693,0.7140243649482727,-0.029505610466003418,1.0,84.77470841605651,410002,11
2019-07-01,2019,7,East Coast,Terra,Day,MODIS_Terra_L3_SST_Thermal_4km_Day_Monthly,modis_sst_images/east_coast_terra_day_2019_07_01.png,0.7173706889152527,0.7661114718232837,-0.048740782908030966,1.0,93.55927782768714,414084,14
2019-08-01,2019,8,East Coast,Terra,Day,MODIS_Terra_L3_SST_Thermal_4km_Day_Monthly,modis_sst_images/east_coast_terra_day_2019_08_01.png,0.7371466159820557,0.7499607886586871,-0.01281417267663143,1.0,95.40757915743757,414901,10
2019-09-01,2019,9,East Coast,Terra,Day,MODIS_Terra_L3_SST_Thermal_4km_Day_Monthly,modis_sst_images/east_coast_terra_day_2019_09_01.png,0.7334393858909607,0.7336369982132545,-0.0001976123222937609,1.0,91.41519864909462,415129,8
2019-10-01,2019,10,East Coast,Terra,Day,MODIS_Terra_L3_SST_Thermal_4km_Day_Monthly,modis_sst_images/east_coast_terra_day_2019_10_01.png,0.7176715135574341,0.6954898238182068,0.022181689739227295,1.0,86.6785882533914,416052,2
2019-11-01,2019,11,East Coast,Terra,Day,MODIS_Terra_L3_SST_Thermal_4km_Day_Monthly,modis_sst_images/east_coast_terra_day_2019_11_01.png,0.6584479808807373,0.6461042211605952,0.012343759720142122,1.0,79.55711604818694,412975,3
2019-12-01,2019,12,East Coast,Terra,Day,MODIS_Terra_L3_SST_Thermal_4km_Day_Monthly,modis_sst_images/east_coast_terra_day_2019_12_01.png,0.6197576522827148,0.6213630392001226,-0.0016053869174077473,1.0,74.3177486770698,399303,8
2020-01-01,2020,1,East Coast,Terra,Day,MODIS_Terra_L3_SST_Thermal_4km_Day_Monthly,modis_sst_images/east_coast_terra_day_2020_01_01.png,0.5739444494247437,0.5363478866907266,0.037596562734017014,1.0,73.1409505554964,394422,4
2020-02-01,2020,2,East Coast,Terra,Day,MODIS_Terra_L3_SST_Thermal_4km_Day_Monthly,modis_sst_images/east_coast_terra_day_2020_02_01.png,0.5328038334846497,0.5036674439907074,0.02913638949394226,1.0,72.03485069433344,406649,8
2020-03-01,2020,3,East Coast,Terra,Day,MODIS_Terra_L3_SST_Thermal_4km_Day_Monthly,modis_sst_images/east_coast_terra_day_2020_03_01.png,0.5696839094161987,0.4987744667700359,0.07090944264616283,1.0,73.33131999125915,407283,2
2020-04-01,2020,4,East Coast,Terra,Day,MODIS_Terra_L3_SST_Thermal_4km_Day_Monthly,modis_sst_images/east_coast_terra_day_2020_04_01.png,0.5816403031349182,0.5799197959048408,0.0017205072300774393,1.0,74.43242356180086,408271,8
2020-05-01,2020,5,East Coast,Terra,Day,MODIS_Terra_L3_SST_Thermal_4km_Day_Monthly,modis_sst_images/east_coast_terra_day_2020_05_01.png,0.6269941329956055,0.6643857657909393,-0.03739163279533386,1.0,76.77862927998159,408559,12
2020-06-01,2020,6,East Coast,Terra,Day,MODIS_Terra_L3_SST_Thermal_4km_Day_Monthly,modis_sst_images/east_coast_terra_day_2020_06_01.png,0.6752300262451172,0.7140243649482727,-0.03879433870315552,1.0,84.2268874423677,410794,12
2020-07-01,2020,7,East Coast,Terra,Day,MODIS_Terra_L3_SST_Thermal_4km_Day_Monthly,modis_sst_images/east_coast_terra_day_2020_07_01.png,0.7746069431304932,0.7661114718232837,0.008495471307209512,1.0,95.54678569616061,413791,6
2020-08-01,2020,8,East Coast,Terra,Day,MODIS_Terra_L3_SST_Thermal_4km_Day_Monthly,modis_sst_images/east_coast_terra_day_2020_08_01.png,0.7135857343673706,0.7499607886586871,-0.03637505429131649,1.0,96.03656187394051,415296,13
2020-09-01,2020,9,East Coast,Terra,Day,MODIS_Terra_L3_SST_Thermal_4km_Day_Monthly,modis_sst_images/east_coast_terra_day_2020_09_01.png,0.68586266040802,0.7336369982132545,-0.047774337805234435,1.0,91.43579857375624,415497,13
2020-10-01,2020,10,East Coast,Terra,Day,MODIS_Terra_L3_SST_Thermal_4km_Day_Monthly,modis_sst_images/east_coast_terra_day_2020_10_01.png,0.6875203847885132,0.6954898238182068,-0.007969439029693604,1.0,86.72668407813497,415435,10
2020-11-01,2020,11,East Coast,Terra,Day,MODIS_Terra_L3_SST_Thermal_4km_Day_Monthly,modis_sst_images/east_coast_terra_day_2020_11_01.png,0.6461778879165649,0.6461042211605952,7.366675596975902e-05,1.0,79.14891259577563,415163,7
2020-12-01,2020,12,East Coast,Terra,Day,MODIS_Terra_L3_SST_Thermal_4km_Day_Monthly,modis_sst_images/east_coast_terra_day_2020_12_01.png,0.5989577174186707,0.6213630392001226,-0.022405321781451937,1.0,73.33568060358377,397625,12
2021-01-01,2021,1,East Coast,Terra,Day,MODIS_Terra_L3_SST_Thermal_4km_Day_Monthly,modis_sst_images/east_coast_terra_day_2021_01_01.png,0.5222180485725403,0.5363478866907266,-0.014129838118186355,1.0,71.46556096571312,394320,10
2021-02-01,2021,2,East Coast,Terra,Day,MODIS_Terra_L3_SST_Thermal_4km_Day_Monthly,modis_sst_images/east_coast_terra_day_2021_02_01.png,0.47279059886932373,0.5036674439907074,-0.030876845121383667,1.0,70.22135974908049,398853,10
2021-03-01,2021,3,East Coast,Terra,Day,MODIS_Terra_L3_SST_Thermal_4km_Day_Monthly,modis_sst_images/east_coast_terra_day_2021_03_01.png,0.49291691184043884,0.4987744667700359,-0.005857554929597053,1.0,70.36146859818938,411903,11
2021-04-01,2021,4,East Coast,Terra,Day,MODIS_Terra_L3_SST_Thermal_4km_Day_Monthly,modis_sst_images/east_coast_terra_day_2021_04_01.png,0.5357199907302856,0.5799197959048408,-0.04419980517455513,1.0,73.60576383500948,409866,12
2021-05-01,2021,5,East Coast,Terra,Day,MODIS_Terra_L3_SST_Thermal_4km_Day_Monthly,modis_sst_images/east_coast_terra_day_2021_05_01.png,0.6420291662216187,0.6643857657909393,-0.02235659956932068,1.0,77.6687152515804,409551,10
2021-06-01,2021,6,East Coast,Terra,Day,MODIS_Terra_L3_SST_Thermal_4km_Day_Monthly,modis_sst_images/east_coast_terra_day_2021_06_01.png,0.7608619332313538,0.7140243649482727,0.046837568283081055,1.0,88.3696722670229,410212,1
2021-07-01,2021,7,East Coast,Terra,Day,MODIS_Terra_L3_SST_Thermal_4km_Day_Monthly,modis_sst_images/east_coast_terra_day_2021_07_01.png,0.7819589376449585,0.7661114718232837,0.015847465821674844,1.0,93.47360076948917,413781,3
2021-08-01,2021,8,East Coast,Terra,Day,MODIS_Terra_L3_SST_Thermal_4km_Day_Monthly,modis_sst_images/east_coast_terra_day_2021_08_01.png,0.7833799123764038,0.7499607886586871,0.033419123717716714,1.0,96.53352085811856,415234,2
2021-09-01,2021,9,East Coast,Terra,Day,MODIS_Terra_L3_SST_Thermal_4km_Day_Monthly,modis_sst_images/east_coast_terra_day_2021_09_01.png,0.7507181167602539,0.7336369982132545,0.017081118546999452,1.0,93.60378273753777,416418,2
2021-10-01,2021,10,East Coast,Terra,Day,MODIS_Terra_L3_SST_Thermal_4km_Day_Monthly,modis_sst_images/east_coast_terra_day_2021_10_01.png,0.7224907875061035,0.6954898238182068,0.02700096368789673,1.0,88.91891891891892,415880,1
2021-11-01,2021,11,East Coast,Terra,Day,MODIS_Terra_L3_SST_Thermal_4km_Day_Monthly,modis_sst_images/east_coast_terra_day_2021_11_01.png,0.6453295350074768,0.6461042211605952,-0.0007746861531183757,1.0,80.14781603388646,411728,8
2021-12-01,2021,12,East Coast,Terra,Day,MODIS_Terra_L3_SST_Thermal_4km_Day_Monthly,modis_sst_images/east_coast_terra_day_2021_12_01.png,0.635275661945343,0.6213630392001226,0.013912622745220427,1.0,75.7051040246061,413556,5
2022-01-01,2022,1,East Coast,Terra,Day,MODIS_Terra_L3_SST_Thermal_4km_Day_Monthly,modis_sst_images/east_coast_terra_day_2022_01_01.png,0.6035131216049194,0.5363478866907266,0.0671652349141928,1.0,73.98525065486176,392831,2
2022-02-01,2022,2,East Coast,Terra,Day,MODIS_Terra_L3_SST_Thermal_4km_Day_Monthly,modis_sst_images/east_coast_terra_day_2022_02_01.png,0.5430457592010498,0.5036674439907074,0.03937831521034241,1.0,72.57228307674085,405247,5
2022-03-01,2022,3,East Coast,Terra,Day,MODIS_Terra_L3_SST_Thermal_4km_Day_Monthly,modis_sst_images/east_coast_terra_day_2022_03_01.png,0.5776771306991577,0.4987744667700359,0.07890266392912182,1.0,74.40702895939062,410644,1
2022-04-01,2022,4,East Coast,Terra,Day,MODIS_Terra_L3_SST_Thermal_4km_Day_Monthly,modis_sst_images/east_coast_terra_day_2022_04_01.png,0.6277665495872498,0.5799197959048408,0.04784675368240898,1.0,76.90989389272883,405533,3
2022-05-01,2022,5,East Coast,Terra,Day,MODIS_Terra_L3_SST_Thermal_4km_Day_Monthly,modis_sst_images/east_coast_terra_day_2022_05_01.png,0.7046025395393372,0.6643857657909393,0.04021677374839783,1.0,81.51510641464503,409859,3
2022-06-01,2022,6,East Coast,Terra,Day,MODIS_Terra_L3_SST_Thermal_4km_Day_Monthly,modis_sst_images/east_coast_terra_day_2022_06_01.png,0.7363007664680481,0.7140243649482727,0.02227640151977539,1.0,87.95827558538186,411270,4
2022-07-01,2022,7,East Coast,Terra,Day,MODIS_Terra_L3_SST_Thermal_4km_Day_Monthly,modis_sst_images/east_coast_terra_day_2022_07_01.png,0.7700561285018921,0.7661114718232837,0.003944656678608438,1.0,93.77783488533906,412477,7
2022-08-01,2022,8,East Coast,Terra,Day,MODIS_Terra_L3_SST_Thermal_4km_Day_Monthly,modis_sst_images/east_coast_terra_day_2022_08_01.png,0.7524585127830505,0.7499607886586871,0.002497724124363443,1.0,97.19276086160016,414856,8
2023-02-01,2023,2,East Coast,Terra,Day,MODIS_Terra_L3_SST_Thermal_4km_Day_Monthly,modis_sst_images/east_coast_terra_day_2023_02_01.png,0.5407747030258179,0.5036674439907074,0.037107259035110474,1.0,73.45047386381074,410561,6
2023-03-01,2023,3,East Coast,Terra,Day,MODIS_Terra_L3_SST_Thermal_4km_Day_Monthly,modis_sst_images/east_coast_terra_day_2023_03_01.png,0.5435506701469421,0.4987744667700359,0.04477620337690624,1.0,73.22404770242403,411216,3
2023-04-01,2023,4,East Coast,Terra,Day,MODIS_Terra_L3_SST_Thermal_4km_Day_Monthly,modis_sst_images/east_coast_terra_day_2023_04_01.png,0.6011655926704407,0.5799197959048408,0.0212457967655999,1.0,76.08842089904307,411215,7
2023-05-01,2023,5,East Coast,Terra,Day,MODIS_Terra_L3_SST_Thermal_4km_Day_Monthly,modis_sst_images/east_coast_terra_day_2023_05_01.png,0.5983582735061646,0.6643857657909393,-0.06602749228477478,1.0,77.06459843039104,412332,14
2023-07-01,2023,7,East Coast,Terra,Day,MODIS_Terra_L3_SST_Thermal_4km_Day_Monthly,modis_sst_images/east_coast_terra_day_2023_07_01.png,0.7531260848045349,0.7661114718232837,-0.01298538701874874,1.0,95.65752522679101,429801,9
2023-08-01,2023,8,East Coast,Terra,Day,MODIS_Terra_L3_SST_Thermal_4km_Day_Monthly,modis_sst_images/east_coast_terra_day_2023_08_01.png,0.7031986117362976,0.7499607886586871,-0.04676217692238949,1.0,94.81390288858195,432946,14
2023-09-01,2023,9,East Coast,Terra,Day,MODIS_Terra_L3_SST_Thermal_4km_Day_Monthly,modis_sst_images/east_coast_terra_day_2023_09_01.png,0.7138327360153198,0.7336369982132545,-0.01980426219793463,1.0,91.06001824346104,437417,12
2023-10-01,2023,10,East Coast,Terra,Day,MODIS_Terra_L3_SST_Thermal_4km_Day_Monthly,modis_sst_images/east_coast_terra_day_2023_10_01.png,0.6496265530586243,0.6954898238182068,-0.04586327075958252,1.0,82.37707596224759,428476,13
2023-11-01,2023,11,East Coast,Terra,Day,MODIS_Terra_L3_SST_Thermal_4km_Day_Monthly,modis_sst_images/east_coast_terra_day_2023_11_01.png,0.6418748497962952,0.6461042211605952,-0.004229371364300016,1.0,78.1906250224359,417857,10
2023-12-01,2023,12,East Coast,Terra,Day,MODIS_Terra_L3_SST_Thermal_4km_Day_Monthly,modis_sst_images/east_coast_terra_day_2023_12_01.png,0.6005654335021973,0.6213630392001226,-0.020797605697925325,1.0,73.91448386597538,413536,11
2010-01-01,2010,1,East Coast,Terra,Night,MODIS_Terra_L3_SST_Thermal_4km_Night_Monthly,modis_sst_images/east_coast_terra_night_2010_01_01.png,0.44777655601501465,0.5399854297821338,-0.09220887376711917,1.0,64.29132491825439,383201,12
2010-02-01,2010,2,East Coast,Terra,Night,MODIS_Terra_L3_SST_Thermal_4km_Night_Monthly,modis_sst_images/east_coast_terra_night_2010_02_01.png,0.35304808616638184,0.49660552399499075,-0.1435574378286089,1.0,56.3667106016429,375555,13
2010-03-01,2010,3,East Coast,Terra,Night,MODIS_Terra_L3_SST_Thermal_4km_Night_Monthly,modis_sst_images/east_coast_terra_night_2010_03_01.png,0.27741512656211853,0.48801020426409586,-0.21059507770197733,1.0,52.35543366871058,412769,14
2010-04-01,2010,4,East Coast,Terra,Night,MODIS_Terra_L3_SST_Thermal_4km_Night_Monthly,modis_sst_images/east_coast_terra_night_2010_04_01.png,0.45242443680763245,0.5650323906115123,-0.11260795380387989,1.0,69.66940686204397,412501,14
2010-05-01,2010,5,East Coast,Terra,Night,MODIS_Terra_L3_SST_Thermal_4km_Night_Monthly,modis_sst_images/east_coast_terra_night_2010_05_01.png,0.5900465250015259,0.6622161056314196,-0.07216958062989376,1.0,75.40730503359677,413879,13
2010-06-01,2010,6,East Coast,Terra,Night,MODIS_Terra_L3_SST_Thermal_4km_Night_Monthly,modis_sst_images/east_coast_terra_night_2010_06_01.png,0.7170701026916504,0.7079491444996425,0.009120958192007866,1.0,87.50283823280756,413990,7
2010-07-01,2010,7,East Coast,Terra,Night,MODIS_Terra_L3_SST_Thermal_4km_Night_Monthly,modis_sst_images/east_coast_terra_night_2010_07_01.png,0.7892729640007019,0.7687969676085881,0.020475996392113838,1.0,94.2100532092268,413838,3
2010-08-01,2010,8,East Coast,Terra,Night,MODIS_Terra_L3_SST_Thermal_4km_Night_Monthly,modis_sst_images/east_coast_terra_night_2010_08_01.png,0.7537820935249329,0.7528240765844073,0.0009580169405255523,1.0,94.83680918632122,413136,9
2010-09-01,2010,9,East Coast,Terra,Night,MODIS_Terra_L3_SST_Thermal_4km_Night_Monthly,modis_sst_images/east_coast_terra_night_2010_09_01.png,0.7385586500167847,0.7379528071199145,0.0006058428968701568,1.0,90.95678349779419,414587,8
2010-10-01,2010,10,East Coast,Terra,Night,MODIS_Terra_L3_SST_Thermal_4km_Night_Monthly,modis_sst_images/east_coast_terra_night_2010_10_01.png,0.699494481086731,0.7007228227762076,-0.0012283416894766086,1.0,84.05913010701505,413867,8
2010-11-01,2010,11,East Coast,Terra,Night,MODIS_Terra_L3_SST_Thermal_4km_Night_Monthly,modis_sst_images/east_coast_terra_night_2010_11_01.png,0.6478461027145386,0.6533792572362083,-0.005533154521669692,1.0,77.74810576472426,409664,11
2010-12-01,2010,12,East Coast,Terra,Night,MODIS_Terra_L3_SST_Thermal_4km_Night_Monthly,modis_sst_images/east_coast_terra_night_2010_12_01.png,0.5402142405509949,0.6226978943898127,-0.08248365383881784,1.0,71.3091195523603,379591,13
2011-01-01,2011,1,East Coast,Terra,Night,MODIS_Terra_L3_SST_Thermal_4km_Night_Monthly,modis_sst_images/east_coast_terra_night_2011_01_01.png,0.3563431203365326,0.5399854297821338,-0.18364230944560123,1.0,62.22860650064641,382885,13
2011-02-01,2011,2,East Coast,Terra,Night,MODIS_Terra_L3_SST_Thermal_4km_Night_Monthly,modis_sst_images/east_coast_terra_night_2011_02_01.png,0.3437964618206024,0.49660552399499075,-0.15280906217438833,1.0,55.76227779451642,398280,14
2011-03-01,2011,3,East Coast,Terra,Night,MODIS_Terra_L3_SST_Thermal_4km_Night_Monthly,modis_sst_images/east_coast_terra_night_2011_03_01.png,0.38729843497276306,0.48801020426409586,-0.1007117692913328,1.0,58.05535753791696,406810,12
2011-04-01,2011,4,East Coast,Terra,Night,MODIS_Terra_L3_SST_Thermal_4km_Night_Monthly,modis_sst_images/east_coast_terra_night_2011_04_01.png,0.5558913350105286,0.5650323906115123,-0.009141055600983772,1.0,72.50998919102733,411695,9
2011-05-01,2011,5,East Coast,Terra,Night,MODIS_Terra_L3_SST_Thermal_4km_Night_Monthly,modis_sst_images/east_coast_terra_night_2011_05_01.png,0.7042694091796875,0.6622161056314196,0.04205330354826786,1.0,80.00895009108177,411169,4
2011-06-01,2011,6,East Coast,Terra,Night,MODIS_Terra_L3_SST_Thermal_4km_Night_Monthly,modis_sst_images/east_coast_terra_night_2011_06_01.png,0.7286654114723206,0.7079491444996425,0.020716266972678032,1.0,85.57016959014703,412465,6
2011-07-01,2011,7,East Coast,Terra,Night,MODIS_Terra_L3_SST_Thermal_4km_Night_Monthly,modis_sst_images/east_coast_terra_night_2011_07_01.png,0.7682309150695801,0.7687969676085881,-0.0005660525390079885,1.0,92.33781045015726,412989,7
2011-08-01,2011,8,East Coast,Terra,Night,MODIS_Terra_L3_SST_Thermal_4km_Night_Monthly,modis_sst_images/east_coast_terra_night_2011_08_01.png,0.7594886422157288,0.7528240765844073,0.006664565631321451,1.0,93.71148073492945,413754,5
2011-09-01,2011,9,East Coast,Terra,Night,MODIS_Terra_L3_SST_Thermal_4km_Night_Monthly,modis_sst_images/east_coast_terra_night_2011_09_01.png,0.7490212917327881,0.7379528071199145,0.011068484612873575,1.0,91.54989445821077,414054,4
2011-10-01,2011,10,East Coast,Terra,Night,MODIS_Terra_L3_SST_Thermal_4km_Night_Monthly,modis_sst_images/east_coast_terra_night_2011_10_01.png,0.6974143385887146,0.7007228227762076,-0.003308484187492966,1.0,84.73346256360553,412700,9
2011-11-01,2011,11,East Coast,Terra,Night,MODIS_Terra_L3_SST_Thermal_4km_Night_Monthly,modis_sst_images/east_coast_terra_night_2011_11_01.png,0.6568423509597778,0.6533792572362083,0.003463093723569566,1.0,78.26013140693706,412307,6
2011-12-01,2011,12,East Coast,Terra,Night,MODIS_Terra_L3_SST_Thermal_4km_Night_Monthly,modis_sst_images/east_coast_terra_night_2011_12_01.png,0.6127527356147766,0.6226978943898127,-0.0099451587750361,1.0,74.98197079268415,399352,11
2012-01-01,2012,1,East Coast,Terra,Night,MODIS_Terra_L3_SST_Thermal_4km_Night_Monthly,modis_sst_images/east_coast_terra_night_2012_01_01.png,0.5115302205085754,0.5399854297821338,-0.02845520927355838,1.0,71.70746630982524,402046,11
2012-02-01,2012,2,East Coast,Terra,Night,MODIS_Terra_L3_SST_Thermal_4km_Night_Monthly,modis_sst_images/east_coast_terra_night_2012_02_01.png,0.46869996190071106,0.49660552399499075,-0.02790556209427969,1.0,70.58580909337117,402469,10
2012-03-01,2012,3,East Coast,Terra,Night,MODIS_Terra_L3_SST_Thermal_4km_Night_Monthly,modis_sst_images/east_coast_terra_night_2012_03_01.png,0.5133946537971497,0.48801020426409586,0.0253844495330538,1.0,74.001575853082,412475,9
2012-04-01,2012,4,East Coast,Terra,Night,MODIS_Terra_L3_SST_Thermal_4km_Night_Monthly,modis_sst_images/east_coast_terra_night_2012_04_01.png,0.5367388129234314,0.5650323906115123,-0.02829357768808094,1.0,74.22739481617762,413633,11
2012-05-01,2012,5,East Coast,Terra,Night,MODIS_Terra_L3_SST_Thermal_4km_Night_Monthly,modis_sst_images/east_coast_terra_night_2012_05_01.png,0.640089750289917,0.6622161056314196,-0.022126355341502646,1.0,78.8254248991508,412745,10
2012-06-01,2012,6,East Coast,Terra,Night,MODIS_Terra_L3_SST_Thermal_4km_Night_Monthly,modis_sst_images/east_coast_terra_night_2012_06_01.png,0.7465757727622986,0.7079491444996425,0.03862662826265606,1.0,87.04332762341647,413316,2
2012-07-01,2012,7,East Coast,Terra,Night,MODIS_Terra_L3_SST_Thermal_4km_Night_Monthly,modis_sst_images/east_coast_terra_night_2012_07_01.png,0.818489670753479,0.7687969676085881,0.04969270314489094,1.0,94.67555804595757,414034,2
2012-08-01,2012,8,East Coast,Terra,Night,MODIS_Terra_L3_SST_Thermal_4km_Night_Monthly,modis_sst_images/east_coast_terra_night_2012_08_01.png,0.8005959391593933,0.7528240765844073,0.047771862574986,1.0,96.8800598285013,413181,1
2012-09-01,2012,9,East Coast,Terra,Night,MODIS_Terra_L3_SST_Thermal_4km_Night_Monthly,modis_sst_images/east_coast_terra_night_2012_09_01.png,0.7759163975715637,0.7379528071199145,0.03796359045164921,1.0,93.78594249201278,413160,1
2012-10-01,2012,10,East Coast,Terra,Night,MODIS_Terra_L3_SST_Thermal_4km_Night_Monthly,modis_sst_images/east_coast_terra_night_2012_10_01.png,0.695356547832489,0.7007228227762076,-0.005366274943718552,1.0,85.8156765325652,413816,11
2012-11-01,2012,11,East Coast,Terra,Night,MODIS_Terra_L3_SST_Thermal_4km_Night_Monthly,modis_sst_images/east_coast_terra_night_2012_11_01.png,0.6364465951919556,0.6533792572362083,-0.0169326620442527,1.0,76.78553964714627,409008,13
2012-12-01,2012,12,East Coast,Terra,Night,MODIS_Terra_L3_SST_Thermal_4km_Night_Monthly,modis_sst_images/east_coast_terra_night_2012_12_01.png,0.6193588376045227,0.6226978943898127,-0.0033390567852900066,1.0,74.58348565047348,399386,7
2013-01-01,2013,1,East Coast,Terra,Night,MODIS_Terra_L3_SST_Thermal_4km_Night_Monthly,modis_sst_images/east_coast_terra_night_2013_01_01.png,0.5226656794548035,0.5399854297821338,-0.017319750327330352,1.0,72.06477430157575,401332,10
2013-02-01,2013,2,East Coast,Terra,Night,MODIS_Terra_L3_SST_Thermal_4km_Night_Monthly,modis_sst_images/east_coast_terra_night_2013_02_01.png,0.46783268451690674,0.49660552399499075,-0.02877283947808401,1.0,69.77551250252093,381803,11
2013-03-01,2013,3,East Coast,Terra,Night,MODIS_Terra_L3_SST_Thermal_4km_Night_Monthly,modis_sst_images/east_coast_terra_night_2013_03_01.png,0.36962640285491943,0.48801020426409586,-0.11838380140917643,1.0,59.03030723798236,403303,13
2013-04-01,2013,4,East Coast,Terra,Night,MODIS_Terra_L3_SST_Thermal_4km_Night_Monthly,modis_sst_images/east_coast_terra_night_2013_04_01.png,0.5030900239944458,0.5650323906115123,-0.061942366617066535,1.0,69.49654491609081,412291,13
2013-05-01,2013,5,East Coast,Terra,Night,MODIS_Terra_L3_SST_Thermal_4km_Night_Monthly,modis_sst_images/east_coast_terra_night_2013_05_01.png,0.641207218170166,0.6622161056314196,-0.021008887461253622,1.0,78.453180829579,411968,9
2013-06-01,2013,6,East Coast,Terra,Night,MODIS_Terra_L3_SST_Thermal_4km_Night_Monthly,modis_sst_images/east_coast_terra_night_2013_06_01.png,0.6910700798034668,0.7079491444996425,-0.016879064696175727,1.0,83.57194203684296,413159,8
2013-07-01,2013,7,East Coast,Terra,Night,MODIS_Terra_L3_SST_Thermal_4km_Night_Monthly,modis_sst_images/east_coast_terra_night_2013_07_01.png,0.8259955644607544,0.7687969676085881,0.05719859685216633,1.0,95.38396968358585,409811,1
2013-08-01,2013,8,East Coast,Terra,Night,MODIS_Terra_L3_SST_Thermal_4km_Night_Monthly,modis_sst_images/east_coast_terra_night_2013_08_01.png,0.7575936913490295,0.7528240765844073,0.004769614764622232,1.0,94.02423685356295,413420,6
2013-09-01,2013,9,East Coast,Terra,Night,MODIS_Terra_L3_SST_Thermal_4km_Night_Monthly,modis_sst_images/east_coast_terra_night_2013_09_01.png,0.7140890955924988,0.7379528071199145,-0.023863711527415732,1.0,90.6508984364621,413997,13
2013-10-01,2013,10,East Coast,Terra,Night,MODIS_Terra_L3_SST_Thermal_4km_Night_Monthly,modis_sst_images/east_coast_terra_night_2013_10_01.png,0.7018009424209595,0.7007228227762076,0.001078119644751907,1.0,86.19824371641029,413259,7
2013-11-01,2013,11,East Coast,Terra,Night,MODIS_Terra_L3_SST_Thermal_4km_Night_Monthly,modis_sst_images/east_coast_terra_night_2013_11_01.png,0.6312693953514099,0.6533792572362083,-0.022109861884798354,1.0,76.7655473573257,405101,14
2013-12-01,2013,12,East Coast,Terra,Night,MODIS_Terra_L3_SST_Thermal_4km_Night_Monthly,modis_sst_images/east_coast_terra_night_2013_12_01.png,0.63816237449646,0.6226978943898127,0.01546448010664725,1.0,75.07737503297952,394184,5
2014-01-01,2014,1,East Coast,Terra,Night,MODIS_Terra_L3_SST_Thermal_4km_Night_Monthly,modis_sst_images/east_coast_terra_night_2014_01_01.png,0.5605618953704834,0.5399854297821338,0.02057646558834958,1.0,72.34641738067687,384565,7
2014-02-01,2014,2,East Coast,Terra,Night,MODIS_Terra_L3_SST_Thermal_4km_Night_Monthly,modis_sst_images/east_coast_terra_night_2014_02_01.png,0.5286122560501099,0.49660552399499075,0.032006732055119114,1.0,72.27645500627914,393366,8
2014-03-01,2014,3,East Coast,Terra,Night,MODIS_Terra_L3_SST_Thermal_4km_Night_Monthly,modis_sst_images/east_coast_terra_night_2014_03_01.png,0.5377355813980103,0.48801020426409586,0.049725377133914395,1.0,73.58684044008594,399831,5
2014-04-01,2014,4,East Coast,Terra,Night,MODIS_Terra_L3_SST_Thermal_4km_Night_Monthly,modis_sst_images/east_coast_terra_night_2014_04_01.png,0.5899823904037476,0.5650323906115123,0.024949999792235222,1.0,75.0698962407583,412397,7
2014-05-01,2014,5,East Coast,Terra,Night,MODIS_Terra_L3_SST_Thermal_4km_Night_Monthly,modis_sst_images/east_coast_terra_night_2014_05_01.png,0.7046626806259155,0.6622161056314196,0.04244657499449589,1.0,81.59481041802267,411748,3
2014-06-01,2014,6,East Coast,Terra,Night,MODIS_Terra_L3_SST_Thermal_4km_Night_Monthly,modis_sst_images/east_coast_terra_night_2014_06_01.png,0.7463552355766296,0.7079491444996425,0.038406091076987114,1.0,87.17391885877984,411209,3
2014-07-01,2014,7,East Coast,Terra,Night,MODIS_Terra_L3_SST_Thermal_4km_Night_Monthly,modis_sst_images/east_coast_terra_night_2014_07_01.png,0.7550770044326782,0.7687969676085881,-0.013719963175909844,1.0,91.79771711533006,412373,10
2014-08-01,2014,8,East Coast,Terra,Night,MODIS_Terra_L3_SST_Thermal_4km_Night_Monthly,modis_sst_images/east_coast_terra_night_2014_08_01.png,0.7560998797416687,0.7528240765844073,0.003275803157261392,1.0,93.57747146335389,413591,7
2014-09-01,2014,9,East Coast,Terra,Night,MODIS_Terra_L3_SST_Thermal_4km_Night_Monthly,modis_sst_images/east_coast_terra_night_2014_09_01.png,0.7403674721717834,0.7379528071199145,0.002414665051868936,1.0,91.62912017048399,414819,7
2014-10-01,2014,10,East Coast,Terra,Night,MODIS_Terra_L3_SST_Thermal_4km_Night_Monthly,modis_sst_images/east_coast_terra_night_2014_10_01.png,0.7031646370887756,0.7007228227762076,0.002441814312568069,1.0,86.46924851186878,413606,6
2014-11-01,2014,11,East Coast,Terra,Night,MODIS_Terra_L3_SST_Thermal_4km_Night_Monthly,modis_sst_images/east_coast_terra_night_2014_11_01.png,0.6662020683288574,0.6533792572362083,0.012822811092649156,1.0,80.27685567825125,398547,2
2014-12-01,2014,12,East Coast,Terra,Night,MODIS_Terra_L3_SST_Thermal_4km_Night_Monthly,modis_sst_images/east_coast_terra_night_2014_12_01.png,0.640322744846344,0.6226978943898127,0.017624850456531282,1.0,75.0419050052992,399117,3
2015-01-01,2015,1,East Coast,Terra,Night,MODIS_Terra_L3_SST_Thermal_4km_Night_Monthly,modis_sst_images/east_coast_terra_night_2015_01_01.png,0.6331624388694763,0.5399854297821338,0.0931770090873425,1.0,76.10691756889292,366039,1
2015-02-01,2015,2,East Coast,Terra,Night,MODIS_Terra_L3_SST_Thermal_4km_Night_Monthly,modis_sst_images/east_coast_terra_night_2015_02_01.png,0.5454679727554321,0.49660552399499075,0.04886244876044138,1.0,74.47000976238883,334959,3
2015-03-01,2015,3,East Coast,Terra,Night,MODIS_Terra_L3_SST_Thermal_4km_Night_Monthly,modis_sst_images/east_coast_terra_night_2015_03_01.png,0.5424402952194214,0.48801020426409586,0.05443009095532553,1.0,72.50579399250458,394374,4
2015-04-01,2015,4,East Coast,Terra,Night,MODIS_Terra_L3_SST_Thermal_4km_Night_Monthly,modis_sst_images/east_coast_terra_night_2015_04_01.png,0.6010088920593262,0.5650323906115123,0.035976501447813836,1.0,75.80740484917175,411163,4
2015-05-01,2015,5,East Coast,Terra,Night,MODIS_Terra_L3_SST_Thermal_4km_Night_Monthly,modis_sst_images/east_coast_terra_night_2015_05_01.png,0.7344074845314026,0.6622161056314196,0.07219137889998295,1.0,82.62913202981696,409968,1
2015-06-01,2015,6,East Coast,Terra,Night,MODIS_Terra_L3_SST_Thermal_4km_Night_Monthly,modis_sst_images/east_coast_terra_night_2015_06_01.png,0.7373486161231995,0.7079491444996425,0.02939947162355694,1.0,87.81432748538012,410400,4
2015-07-01,2015,7,East Coast,Terra,Night,MODIS_Terra_L3_SST_Thermal_4km_Night_Monthly,modis_sst_images/east_coast_terra_night_2015_07_01.png,0.7484228610992432,0.7687969676085881,-0.020374106509344903,1.0,91.56562853673846,412633,11
2015-08-01,2015,8,East Coast,Terra,Night,MODIS_Terra_L3_SST_Thermal_4km_Night_Monthly,modis_sst_images/east_coast_terra_night_2015_08_01.png,0.7665838003158569,0.7528240765844073,0.013759723731449625,1.0,95.63974423324531,412407,4
2015-09-01,2015,9,East Coast,Terra,Night,MODIS_Terra_L3_SST_Thermal_4km_Night_Monthly,modis_sst_images/east_coast_terra_night_2015_09_01.png,0.7447097897529602,0.7379528071199145,0.006756982633045694,1.0,94.02965959369692,413829,5
2015-10-01,2015,10,East Coast,Terra,Night,MODIS_Terra_L3_SST_Thermal_4km_Night_Monthly,modis_sst_images/east_coast_terra_night_2015_10_01.png,0.6960419416427612,0.7007228227762076,-0.004680881133446335,1.0,85.3664031160979,412824,10
2015-11-01,2015,11,East Coast,Terra,Night,MODIS_Terra_L3_SST_Thermal_4km_Night_Monthly,modis_sst_images/east_coast_terra_night_2015_11_01.png,0.6702666282653809,0.6533792572362083,0.016887371029172593,1.0,82.27051924677285,413368,1
2015-12-01,2015,12,East Coast,Terra,Night,MODIS_Terra_L3_SST_Thermal_4km_Night_Monthly,modis_sst_images/east_coast_terra_night_2015_12_01.png,0.6635465621948242,0.6226978943898127,0.04084866780501151,1.0,77.47960604854755,402080,2
2016-01-01,2016,1,East Coast,Terra,Night,MODIS_Terra_L3_SST_Thermal_4km_Night_Monthly,modis_sst_images/east_coast_terra_night_2016_01_01.png,0.5813609957695007,0.5399854297821338,0.041375565987366913,1.0,72.1588499759007,379679,3
2016-02-01,2016,2,East Coast,Terra,Night,MODIS_Terra_L3_SST_Thermal_4km_Night_Monthly,modis_sst_images/east_coast_terra_night_2016_02_01.png,0.5038109421730042,0.49660552399499075,0.007205418178013401,1.0,70.51447977387325,386332,9
2016-03-01,2016,3,East Coast,Terra,Night,MODIS_Terra_L3_SST_Thermal_4km_Night_Monthly,modis_sst_images/east_coast_terra_night_2016_03_01.png,0.5148142576217651,0.48801020426409586,0.026804053357669277,1.0,72.60386980650968,413354,8
2016-04-01,2016,4,East Coast,Terra,Night,MODIS_Terra_L3_SST_Thermal_4km_Night_Monthly,modis_sst_images/east_coast_terra_night_2016_04_01.png,0.5921286940574646,0.5650323906115123,0.027096303445952263,1.0,75.97170821971173,410720,6
2016-05-01,2016,5,East Coast,Terra,Night,MODIS_Terra_L3_SST_Thermal_4km_Night_Monthly,modis_sst_images/east_coast_terra_night_2016_05_01.png,0.6945290565490723,0.6622161056314196,0.03231295091765263,1.0,79.88956698634118,412920,5
2016-06-01,2016,6,East Coast,Terra,Night,MODIS_Terra_L3_SST_Thermal_4km_Night_Monthly,modis_sst_images/east_coast_terra_night_2016_06_01.png,0.6812998652458191,0.7079491444996425,-0.026649279253823432,1.0,83.9651427701689,413917,10
2016-07-01,2016,7,East Coast,Terra,Night,MODIS_Terra_L3_SST_Thermal_4km_Night_Monthly,modis_sst_images/east_coast_terra_night_2016_07_01.png,0.7229936718940735,0.7687969676085881,-0.04580329571451458,1.0,92.94792394630937,414970,14
2016-08-01,2016,8,East Coast,Terra,Night,MODIS_Terra_L3_SST_Thermal_4km_Night_Monthly,modis_sst_images/east_coast_terra_night_2016_08_01.png,0.7281305193901062,0.7528240765844073,-0.024693557194301108,1.0,95.6749381686345,414838,12
2016-09-01,2016,9,East Coast,Terra,Night,MODIS_Terra_L3_SST_Thermal_4km_Night_Monthly,modis_sst_images/east_coast_terra_night_2016_09_01.png,0.743026614189148,0.7379528071199145,0.005073807069233438,1.0,94.27130994951239,414161,6
2016-10-01,2016,10,East Coast,Terra,Night,MODIS_Terra_L3_SST_Thermal_4km_Night_Monthly,modis_sst_images/east_coast_terra_night_2016_10_01.png,0.7135352492332458,0.7007228227762076,0.012812426457038284,1.0,86.77618584819889,414661,4
2016-11-01,2016,11,East Coast,Terra,Night,MODIS_Terra_L3_SST_Thermal_4km_Night_Monthly,modis_sst_images/east_coast_terra_night_2016_11_01.png,0.6622538566589355,0.6533792572362083,0.00887459942272728,1.0,80.13070455630209,408555,5
2016-12-01,2016,12,East Coast,Terra,Night,MODIS_Terra_L3_SST_Thermal_4km_Night_Monthly,modis_sst_images/east_coast_terra_night_2016_12_01.png,0.6164631247520447,0.6226978943898127,-0.006234769637768034,1.0,74.91830997340796,394479,8
2017-01-01,2017,1,East Coast,Terra,Night,MODIS_Terra_L3_SST_Thermal_4km_Night_Monthly,modis_sst_images/east_coast_terra_night_2017_01_01.png,0.5752639174461365,0.5399854297821338,0.035278487664002656,1.0,73.44988880446499,396149,4
2017-02-01,2017,2,East Coast,Terra,Night,MODIS_Terra_L3_SST_Thermal_4km_Night_Monthly,modis_sst_images/east_coast_terra_night_2017_02_01.png,0.5356709361076355,0.49660552399499075,0.03906541211264475,1.0,72.2892399156614,405034,4
2017-03-01,2017,3,East Coast,Terra,Night,MODIS_Terra_L3_SST_Thermal_4km_Night_Monthly,modis_sst_images/east_coast_terra_night_2017_03_01.png,0.5256096124649048,0.48801020426409586,0.037599408200808926,1.0,72.5815936848013,409805,6
2017-04-01,2017,4,East Coast,Terra,Night,MODIS_Terra_L3_SST_Thermal_4km_Night_Monthly,modis_sst_images/east_coast_terra_night_2017_04_01.png,0.6138863563537598,0.5650323906115123,0.04885396574224743,1.0,75.5653164538592,413441,2
2017-05-01,2017,5,East Coast,Terra,Night,MODIS_Terra_L3_SST_Thermal_4km_Night_Monthly,modis_sst_images/east_coast_terra_night_2017_05_01.png,0.6636025905609131,0.6622161056314196,0.0013864849294934478,1.0,76.85560119347464,412912,7
2017-06-01,2017,6,East Coast,Terra,Night,MODIS_Terra_L3_SST_Thermal_4km_Night_Monthly,modis_sst_images/east_coast_terra_night_2017_06_01.png,0.6639013886451721,0.7079491444996425,-0.044047755854470405,1.0,82.5809667132813,413318,14
2017-07-01,2017,7,East Coast,Terra,Night,MODIS_Terra_L3_SST_Thermal_4km_Night_Monthly,modis_sst_images/east_coast_terra_night_2017_07_01.png,0.7385045886039734,0.7687969676085881,-0.030292379004614678,1.0,92.27957739314935,412866,12
2017-08-01,2017,8,East Coast,Terra,Night,MODIS_Terra_L3_SST_Thermal_4km_Night_Monthly,modis_sst_images/east_coast_terra_night_2017_08_01.png,0.735896110534668,0.7528240765844073,-0.01692796604973934,1.0,93.98313625125971,413787,11
2017-09-01,2017,9,East Coast,Terra,Night,MODIS_Terra_L3_SST_Thermal_4km_Night_Monthly,modis_sst_images/east_coast_terra_night_2017_09_01.png,0.7329432964324951,0.7379528071199145,-0.005009510687419394,1.0,91.85287362962748,415398,11
2017-10-01,2017,10,East Coast,Terra,Night,MODIS_Terra_L3_SST_Thermal_4km_Night_Monthly,modis_sst_images/east_coast_terra_night_2017_10_01.png,0.7163938879966736,0.7007228227762076,0.01567106522046602,1.0,87.03381330349995,414748,2
2017-11-01,2017,11,East Coast,Terra,Night,MODIS_Terra_L3_SST_Thermal_4km_Night_Monthly,modis_sst_images/east_coast_terra_night_2017_11_01.png,0.6559427380561829,0.6533792572362083,0.002563480819974595,1.0,79.45366786929984,411874,7
2017-12-01,2017,12,East Coast,Terra,Night,MODIS_Terra_L3_SST_Thermal_4km_Night_Monthly,modis_sst_images/east_coast_terra_night_2017_12_01.png,0.6687312722206116,0.6226978943898127,0.04603337783079886,1.0,77.71656855626321,373219,1
2018-01-01,2018,1,East Coast,Terra,Night,MODIS_Terra_L3_SST_Thermal_4km_Night_Monthly,modis_sst_images/east_coast_terra_night_2018_01_01.png,0.5508516430854797,0.5399854297821338,0.010866213303345917,1.0,72.69148849438477,392504,8
2018-02-01,2018,2,East Coast,Terra,Night,MODIS_Terra_L3_SST_Thermal_4km_Night_Monthly,modis_sst_images/east_coast_terra_night_2018_02_01.png,0.5675837993621826,0.49660552399499075,0.07097827536719187,1.0,73.25426340509387,404958,2
2018-03-01,2018,3,East Coast,Terra,Night,MODIS_Terra_L3_SST_Thermal_4km_Night_Monthly,modis_sst_images/east_coast_terra_night_2018_03_01.png,0.4826390743255615,0.48801020426409586,-0.005371129938534336,1.0,67.8402342263802,396881,10
2018-04-01,2018,4,East Coast,Terra,Night,MODIS_Terra_L3_SST_Thermal_4km_Night_Monthly,modis_sst_images/east_coast_terra_night_2018_04_01.png,0.5428013801574707,0.5650323906115123,-0.022231010454041633,1.0,72.38038582476418,411845,10
2018-05-01,2018,5,East Coast,Terra,Night,MODIS_Terra_L3_SST_Thermal_4km_Night_Monthly,modis_sst_images/east_coast_terra_night_2018_05_01.png,0.6634679436683655,0.6622161056314196,0.0012518380369458404,1.0,77.47827772611163,407531,8
2018-06-01,2018,6,East Coast,Terra,Night,MODIS_Terra_L3_SST_Thermal_4km_Night_Monthly,modis_sst_images/east_coast_terra_night_2018_06_01.png,0.6810965538024902,0.7079491444996425,-0.02685259069715229,1.0,83.77164040059002,412192,11
2018-07-01,2018,7,East Coast,Terra,Night,MODIS_Terra_L3_SST_Thermal_4km_Night_Monthly,modis_sst_images/east_coast_terra_night_2018_07_01.png,0.7841874361038208,0.7687969676085881,0.015390468495232734,1.0,94.19638852998287,412519,4
2018-08-01,2018,8,East Coast,Terra,Night,MODIS_Terra_L3_SST_Thermal_4km_Night_Monthly,modis_sst_images/east_coast_terra_night_2018_08_01.png,0.7861512899398804,0.7528240765844073,0.03332721335547306,1.0,96.53614857129084,414885,2
2018-09-01,2018,9,East Coast,Terra,Night,MODIS_Terra_L3_SST_Thermal_4km_Night_Monthly,modis_sst_images/east_coast_terra_night_2018_09_01.png,0.7547932863235474,0.7379528071199145,0.016840479203632852,1.0,94.23397394930218,414653,3
2018-10-01,2018,10,East Coast,Terra,Night,MODIS_Terra_L3_SST_Thermal_4km_Night_Monthly,modis_sst_images/east_coast_terra_night_2018_10_01.png,0.7057458162307739,0.7007228227762076,0.00502299345456636,1.0,86.88919560269262,412980,5
2018-11-01,2018,11,East Coast,Terra,Night,MODIS_Terra_L3_SST_Thermal_4km_Night_Monthly,modis_sst_images/east_coast_terra_night_2018_11_01.png,0.6400511264801025,0.6533792572362083,-0.013328130756105727,1.0,78.39949308583995,402435,12
2018-12-01,2018,12,East Coast,Terra,Night,MODIS_Terra_L3_SST_Thermal_4km_Night_Monthly,modis_sst_images/east_coast_terra_night_2018_12_01.png,0.6144487857818604,0.6226978943898127,-0.00824910860795236,1.0,73.64201301288008,376550,10
2019-01-01,2019,1,East Coast,Terra,Night,MODIS_Terra_L3_SST_Thermal_4km_Night_Monthly,modis_sst_images/east_coast_terra_night_2019_01_01.png,0.5684700012207031,0.5399854297821338,0.028484571438569306,1.0,71.72304079589472,381558,5
2019-02-01,2019,2,East Coast,Terra,Night,MODIS_Terra_L3_SST_Thermal_4km_Night_Monthly,modis_sst_images/east_coast_terra_night_2019_02_01.png,0.5778645277023315,0.49660552399499075,0.0812590037073408,1.0,74.76963058063447,386336,1
2019-03-01,2019,3,East Coast,Terra,Night,MODIS_Terra_L3_SST_Thermal_4km_Night_Monthly,modis_sst_images/east_coast_terra_night_2019_03_01.png,0.5250179171562195,0.48801020426409586,0.03700771289212362,1.0,71.22065260644648,402080,7
2019-04-01,2019,4,East Coast,Terra,Night,MODIS_Terra_L3_SST_Thermal_4km_Night_Monthly,modis_sst_images/east_coast_terra_night_2019_04_01.png,0.6214603781700134,0.5650323906115123,0.05642798755850109,1.0,76.11705314841724,412223,1
2019-05-01,2019,5,East Coast,Terra,Night,MODIS_Terra_L3_SST_Thermal_4km_Night_Monthly,modis_sst_images/east_coast_terra_night_2019_05_01.png,0.6846635341644287,0.6622161056314196,0.022447428533009073,1.0,79.0419437166753,412982,6
2019-06-01,2019,6,East Coast,Terra,Night,MODIS_Terra_L3_SST_Thermal_4km_Night_Monthly,modis_sst_images/east_coast_terra_night_2019_06_01.png,0.6878873109817505,0.7079491444996425,-0.020061833517892036,1.0,84.59114847784939,412607,9
2019-07-01,2019,7,East Coast,Terra,Night,MODIS_Terra_L3_SST_Thermal_4km_Night_Monthly,modis_sst_images/east_coast_terra_night_2019_07_01.png,0.7318930625915527,0.7687969676085881,-0.03690390501703533,1.0,93.6992155854488,412282,13
2019-08-01,2019,8,East Coast,Terra,Night,MODIS_Terra_L3_SST_Thermal_4km_Night_Monthly,modis_sst_images/east_coast_terra_night_2019_08_01.png,0.7394468188285828,0.7528240765844073,-0.013377257755824545,1.0,95.03067544076275,413034,10
2019-09-01,2019,9,East Coast,Terra,Night,MODIS_Terra_L3_SST_Thermal_4km_Night_Monthly,modis_sst_images/east_coast_terra_night_2019_09_01.png,0.736610472202301,0.7379528071199145,-0.0013423349176134858,1.0,90.97741460250714,414737,9
2019-10-01,2019,10,East Coast,Terra,Night,MODIS_Terra_L3_SST_Thermal_4km_Night_Monthly,modis_sst_images/east_coast_terra_night_2019_10_01.png,0.7146521806716919,0.7007228227762076,0.013929357895484329,1.0,86.2023080831297,413330,3
2019-11-01,2019,11,East Coast,Terra,Night,MODIS_Terra_L3_SST_Thermal_4km_Night_Monthly,modis_sst_images/east_coast_terra_night_2019_11_01.png,0.6638584733009338,0.6533792572362083,0.010479216064725572,1.0,80.06449267887754,407178,3
2019-12-01,2019,12,East Coast,Terra,Night,MODIS_Terra_L3_SST_Thermal_4km_Night_Monthly,modis_sst_images/east_coast_terra_night_2019_12_01.png,0.6158934235572815,0.6226978943898127,-0.0068044708325312175,1.0,74.14524626100484,395962,9
2020-01-01,2020,1,East Coast,Terra,Night,MODIS_Terra_L3_SST_Thermal_4km_Night_Monthly,modis_sst_images/east_coast_terra_night_2020_01_01.png,0.5677599310874939,0.5399854297821338,0.027774501305360078,1.0,72.10420659280646,395522,6
2020-02-01,2020,2,East Coast,Terra,Night,MODIS_Terra_L3_SST_Thermal_4km_Night_Monthly,modis_sst_images/east_coast_terra_night_2020_02_01.png,0.5322199463844299,0.49660552399499075,0.03561442238943918,1.0,71.93113828318386,401965,6
2020-03-01,2020,3,East Coast,Terra,Night,MODIS_Terra_L3_SST_Thermal_4km_Night_Monthly,modis_sst_images/east_coast_terra_night_2020_03_01.png,0.5634761452674866,0.48801020426409586,0.07546594100339071,1.0,73.2856328908082,408941,2
2020-04-01,2020,4,East Coast,Terra,Night,MODIS_Terra_L3_SST_Thermal_4km_Night_Monthly,modis_sst_images/east_coast_terra_night_2020_04_01.png,0.5793130993843079,0.5650323906115123,0.014280708772795525,1.0,74.2692207798572,408126,8
2020-05-01,2020,5,East Coast,Terra,Night,MODIS_Terra_L3_SST_Thermal_4km_Night_Monthly,modis_sst_images/east_coast_terra_night_2020_05_01.png,0.623788595199585,0.6622161056314196,-0.03842751043183468,1.0,75.6794789029689,413589,12
2020-06-01,2020,6,East Coast,Terra,Night,MODIS_Terra_L3_SST_Thermal_4km_Night_Monthly,modis_sst_images/east_coast_terra_night_2020_06_01.png,0.6769808530807495,0.7079491444996425,-0.030968291418893013,1.0,83.15464221852822,413283,12
2020-07-01,2020,7,East Coast,Terra,Night,MODIS_Terra_L3_SST_Thermal_4km_Night_Monthly,modis_sst_images/east_coast_terra_night_2020_07_01.png,0.7743028998374939,0.7687969676085881,0.00550593222890583,1.0,95.4143659788821,412920,6
2020-08-01,2020,8,East Coast,Terra,Night,MODIS_Terra_L3_SST_Thermal_4km_Night_Monthly,modis_sst_images/east_coast_terra_night_2020_08_01.png,0.7197381258010864,0.7528240765844073,-0.03308595078332088,1.0,95.65037513034599,413323,13
2020-09-01,2020,9,East Coast,Terra,Night,MODIS_Terra_L3_SST_Thermal_4km_Night_Monthly,modis_sst_images/east_coast_terra_night_2020_09_01.png,0.6843156814575195,0.7379528071199145,-0.05363712566239498,1.0,91.15764332749934,413668,14
2020-10-01,2020,10,East Coast,Terra,Night,MODIS_Terra_L3_SST_Thermal_4km_Night_Monthly,modis_sst_images/east_coast_terra_night_2020_10_01.png,0.6908273100852966,0.7007228227762076,-0.009895512690910935,1.0,86.46526380937645,413632,12
2020-11-01,2020,11,East Coast,Terra,Night,MODIS_Terra_L3_SST_Thermal_4km_Night_Monthly,modis_sst_images/east_coast_terra_night_2020_11_01.png,0.6517307162284851,0.6533792572362083,-0.0016485410077231588,1.0,79.28111486723564,413251,8
2020-12-01,2020,12,East Coast,Terra,Night,MODIS_Terra_L3_SST_Thermal_4km_Night_Monthly,modis_sst_images/east_coast_terra_night_2020_12_01.png,0.6244164109230042,0.6226978943898127,0.0017185165331914387,1.0,75.2152950609699,384124,6
2021-01-01,2021,1,East Coast,Terra,Night,MODIS_Terra_L3_SST_Thermal_4km_Night_Monthly,modis_sst_images/east_coast_terra_night_2021_01_01.png,0.5396705269813538,0.5399854297821338,-0.00031490280078005917,1.0,72.35052638201493,381472,9
2021-02-01,2021,2,East Coast,Terra,Night,MODIS_Terra_L3_SST_Thermal_4km_Night_Monthly,modis_sst_images/east_coast_terra_night_2021_02_01.png,0.4645615220069885,0.49660552399499075,-0.032044001988002224,1.0,69.2097400178141,405297,12
2021-03-01,2021,3,East Coast,Terra,Night,MODIS_Terra_L3_SST_Thermal_4km_Night_Monthly,modis_sst_images/east_coast_terra_night_2021_03_01.png,0.46514829993247986,0.48801020426409586,-0.022861904331616,1.0,68.34493384790365,411476,11
2021-04-01,2021,4,East Coast,Terra,Night,MODIS_Terra_L3_SST_Thermal_4km_Night_Monthly,modis_sst_images/east_coast_terra_night_2021_04_01.png,0.5158445239067078,0.5650323906115123,-0.04918786670480457,1.0,71.8721785664745,410917,12
2021-05-01,2021,5,East Coast,Terra,Night,MODIS_Terra_L3_SST_Thermal_4km_Night_Monthly,modis_sst_images/east_coast_terra_night_2021_05_01.png,0.6295710206031799,0.6622161056314196,-0.032645085028239706,1.0,76.76266377448749,413068,11
2021-06-01,2021,6,East Coast,Terra,Night,MODIS_Terra_L3_SST_Thermal_4km_Night_Monthly,modis_sst_images/east_coast_terra_night_2021_06_01.png,0.7485744953155518,0.7079491444996425,0.040625350815909234,1.0,87.191043310182,413367,1
2021-07-01,2021,7,East Coast,Terra,Night,MODIS_Terra_L3_SST_Thermal_4km_Night_Monthly,modis_sst_images/east_coast_terra_night_2021_07_01.png,0.7794115543365479,0.7687969676085881,0.010614586727959785,1.0,93.09909622386957,413598,5
2021-08-01,2021,8,East Coast,Terra,Night,MODIS_Terra_L3_SST_Thermal_4km_Night_Monthly,modis_sst_images/east_coast_terra_night_2021_08_01.png,0.7857231497764587,0.7528240765844073,0.03289907319205143,1.0,96.40553039931571,413858,3
2021-09-01,2021,9,East Coast,Terra,Night,MODIS_Terra_L3_SST_Thermal_4km_Night_Monthly,modis_sst_images/east_coast_terra_night_2021_09_01.png,0.7548419833183289,0.7379528071199145,0.016889176198414346,1.0,93.20568535976305,413272,2
2021-10-01,2021,10,East Coast,Terra,Night,MODIS_Terra_L3_SST_Thermal_4km_Night_Monthly,modis_sst_images/east_coast_terra_night_2021_10_01.png,0.7221958041191101,0.7007228227762076,0.021472981342902542,1.0,88.7585757633731,412937,1
2021-11-01,2021,11,East Coast,Terra,Night,MODIS_Terra_L3_SST_Thermal_4km_Night_Monthly,modis_sst_images/east_coast_terra_night_2021_11_01.png,0.6514617204666138,0.6533792572362083,-0.0019175367695944967,1.0,80.85681572419058,408746,9
2021-12-01,2021,12,East Coast,Terra,Night,MODIS_Terra_L3_SST_Thermal_4km_Night_Monthly,modis_sst_images/east_coast_terra_night_2021_12_01.png,0.6397488117218018,0.6226978943898127,0.017050917331989046,1.0,76.31600821435556,409040,4
2022-01-01,2022,1,East Coast,Terra,Night,MODIS_Terra_L3_SST_Thermal_4km_Night_Monthly,modis_sst_images/east_coast_terra_night_2022_01_01.png,0.6043936610221863,0.5399854297821338,0.06440823124005246,1.0,74.37179803049507,393703,2
2022-02-01,2022,2,East Coast,Terra,Night,MODIS_Terra_L3_SST_Thermal_4km_Night_Monthly,modis_sst_images/east_coast_terra_night_2022_02_01.png,0.5327132344245911,0.49660552399499075,0.036107710429600315,1.0,72.50373721673877,404044,5
2022-03-01,2022,3,East Coast,Terra,Night,MODIS_Terra_L3_SST_Thermal_4km_Night_Monthly,modis_sst_images/east_coast_terra_night_2022_03_01.png,0.5735758543014526,0.48801020426409586,0.08556565003735678,1.0,74.37656891552666,411112,1
2022-04-01,2022,4,East Coast,Terra,Night,MODIS_Terra_L3_SST_Thermal_4km_Night_Monthly,modis_sst_images/east_coast_terra_night_2022_04_01.png,0.6132023930549622,0.5650323906115123,0.04817000244344982,1.0,76.50661910135537,412065,3
2022-05-01,2022,5,East Coast,Terra,Night,MODIS_Terra_L3_SST_Thermal_4km_Night_Monthly,modis_sst_images/east_coast_terra_night_2022_05_01.png,0.70801842212677,0.6622161056314196,0.04580231649535038,1.0,80.62982192246106,412180,2
2022-06-01,2022,6,East Coast,Terra,Night,MODIS_Terra_L3_SST_Thermal_4km_Night_Monthly,modis_sst_images/east_coast_terra_night_2022_06_01.png,0.7306263446807861,0.7079491444996425,0.02267720018114361,1.0,87.13431904431346,413441,5
2022-07-01,2022,7,East Coast,Terra,Night,MODIS_Terra_L3_SST_Thermal_4km_Night_Monthly,modis_sst_images/east_coast_terra_night_2022_07_01.png,0.7675232887268066,0.7687969676085881,-0.001273678881781426,1.0,93.52965915298235,413734,8
2022-08-01,2022,8,East Coast,Terra,Night,MODIS_Terra_L3_SST_Thermal_4km_Night_Monthly,modis_sst_images/east_coast_terra_night_2022_08_01.png,0.7547003626823425,0.7528240765844073,0.0018762860979352203,1.0,96.98626622323559,413142,8
2022-09-01,2022,9,East Coast,Terra,Night,MODIS_Terra_L3_SST_Thermal_4km_Night_Monthly,modis_sst_images/east_coast_terra_night_2022_09_01.png,0.7358245849609375,0.7379528071199145,-0.002128222158977011,1.0,94.1697649352694,412865,10
2022-11-01,2022,11,East Coast,Terra,Night,MODIS_Terra_L3_SST_Thermal_4km_Night_Monthly,modis_sst_images/east_coast_terra_night_2022_11_01.png,0.6637519001960754,0.6533792572362083,0.010372642959867173,1.0,81.24230436718976,419881,4
2023-02-01,2023,2,East Coast,Terra,Night,MODIS_Terra_L3_SST_Thermal_4km_Night_Monthly,modis_sst_images/east_coast_terra_night_2023_02_01.png,0.5305950045585632,0.49660552399499075,0.03398948056357248,1.0,73.09792383508767,403099,7
2023-03-01,2023,3,East Coast,Terra,Night,MODIS_Terra_L3_SST_Thermal_4km_Night_Monthly,modis_sst_images/east_coast_terra_night_2023_03_01.png,0.5539512038230896,0.48801020426409586,0.06594099955899374,1.0,73.72305115016259,415463,3
2023-04-01,2023,4,East Coast,Terra,Night,MODIS_Terra_L3_SST_Thermal_4km_Night_Monthly,modis_sst_images/east_coast_terra_night_2023_04_01.png,0.5926807522773743,0.5650323906115123,0.02764836166586193,1.0,75.44739794223428,415402,5
2023-05-01,2023,5,East Coast,Terra,Night,MODIS_Terra_L3_SST_Thermal_4km_Night_Monthly,modis_sst_images/east_coast_terra_night_2023_05_01.png,0.5887012481689453,0.6622161056314196,-0.07351485746247433,1.0,76.56699446390456,415094,14
2023-06-01,2023,6,East Coast,Terra,Night,MODIS_Terra_L3_SST_Thermal_4km_Night_Monthly,modis_sst_images/east_coast_terra_night_2023_06_01.png,0.6738359928131104,0.7079491444996425,-0.03411315168653217,1.0,83.24385949721477,415764,13
2023-07-01,2023,7,East Coast,Terra,Night,MODIS_Terra_L3_SST_Thermal_4km_Night_Monthly,modis_sst_images/east_coast_terra_night_2023_07_01.png,0.7588520646095276,0.7687969676085881,-0.009944902999060479,1.0,96.00335342497435,415098,9
2023-08-01,2023,8,East Coast,Terra,Night,MODIS_Terra_L3_SST_Thermal_4km_Night_Monthly,modis_sst_images/east_coast_terra_night_2023_08_01.png,0.6956066489219666,0.7528240765844073,-0.057217427662440756,1.0,94.27648647217663,415514,14
2023-09-01,2023,9,East Coast,Terra,Night,MODIS_Terra_L3_SST_Thermal_4km_Night_Monthly,modis_sst_images/east_coast_terra_night_2023_09_01.png,0.7263206839561462,0.7379528071199145,-0.011632123163768271,1.0,91.23985782925081,415838,12
2023-10-01,2023,10,East Coast,Terra,Night,MODIS_Terra_L3_SST_Thermal_4km_Night_Monthly,modis_sst_images/east_coast_terra_night_2023_10_01.png,0.6527735590934753,0.7007228227762076,-0.047949263682732224,1.0,82.52596565392228,417282,13
2023-11-01,2023,11,East Coast,Terra,Night,MODIS_Terra_L3_SST_Thermal_4km_Night_Monthly,modis_sst_images/east_coast_terra_night_2023_11_01.png,0.649385929107666,0.6533792572362083,-0.003993328128542251,1.0,78.82565713098629,409165,10
2023-12-01,2023,12,East Coast,Terra,Night,MODIS_Terra_L3_SST_Thermal_4km_Night_Monthly,modis_sst_images/east_coast_terra_night_2023_12_01.png,0.6010133028030396,0.6226978943898127,-0.02168459158677316,1.0,74.28082828357931,403485,12
